image_filename,caption,sku,name,price,category,color,material,description,url,full_text_for_summary,summarized_caption
117270_1.webp,"Брюки широкие со складками. Брюки и шорты. Графитовый. . У этих брюк есть характер. Графитовый хлопок с деликатной текстурой, которая кажется чуть «помятой». Это делает вещь живой, тактильно интересной и не требующей лишних усилий при уходе. Складки здесь з",117270,Брюки широкие со складками,12890,Брюки и шорты,Графитовый,,"У этих брюк есть характер. Графитовый хлопок с деликатной текстурой, которая кажется чуть «помятой». Это делает вещь живой, тактильно интересной и не требующей лишних усилий при уходе. Складки здесь заложены необычным способом, что превращает их в элемент декора. Тонкий съемный пояс как интересная деталь, которая помогает немного усложнить образ. Это та самая вещь, с которой утро начинается иначе. Не нужно думать, с чем надеть — они дружат с футболками, свитерами, кедами и туфлями на плоском ходу. Офис, прогулка, встреча с подругой — им комфортно везде, где комфортно вам.",https://daisyknit.ru/catalog/bryuki_i_shorty/bryuki_shirokie_so_skladkami_3/?sku=117270,"Брюки широкие со складками, Брюки и шорты, Графитовый. У этих брюк есть характер. Графитовый хлопок с деликатной текстурой, которая кажется чуть «помятой». Это делает вещь живой, тактильно интересной и не требующей лишних усилий при уходе. Складки здесь заложены необычным способом, что превращает их в элемент декора. Тонкий съемный пояс как интересная деталь, которая помогает немного усложнить образ. Это та самая вещь, с которой утро начинается иначе. Не нужно думать, с чем надеть — они дружат с футболками, свитерами, кедами и туфлями на плоском ходу. Офис, прогулка, встреча с подругой — им комфортно везде, где комфортно вам.","«Широкие брюки со складками, графитовые, из хлопка с деликатной текстурой. Тонкий съёмный пояс. Легко сочетаются с футболками, свитерами, кедами и туфлями.»"
105494_1.webp,Брюки широкие со льном. Брюки и шорты. Жемчужно-серый. . Широкие брюки с высокой посадкой на талии и складками по передней части. Жемчужный оттенок и лен в составе делают их идеальным решением для летних комплектов.,105494,Брюки широкие со льном,14870,Брюки и шорты,Жемчужно-серый,,Широкие брюки с высокой посадкой на талии и складками по передней части. Жемчужный оттенок и лен в составе делают их идеальным решением для летних комплектов.,https://daisyknit.ru/catalog/bryuki_i_shorty/bryuki_shirokie_so_lnom/?sku=105494,"Брюки широкие со льном, Брюки и шорты, Жемчужно-серый. Широкие брюки с высокой посадкой на талии и складками по передней части. Жемчужный оттенок и лен в составе делают их идеальным решением для летних комплектов.","«Широкие брюки с высокой посадкой и складками, жемчужно-серые, изо льна — идеальны для лета.»"
118584_1.webp,"Брюки широкие на кулиске со льном. Дочь рыбака. Белый. . Свободные брюки на кулиске изо льна с вискозой — вещь для тех, кто ценит максимум комфорта и стильную простоту каждый день. Лёгкая ткань с классической полоской дарит прохладу даже в жаркий день, а пр",118584,Брюки широкие на кулиске со льном,13890,Дочь рыбака,Белый,,"Свободные брюки на кулиске изо льна с вискозой — вещь для тех, кто ценит максимум комфорта и стильную простоту каждый день. Лёгкая ткань с классической полоской дарит прохладу даже в жаркий день, а прямой крой добавляет воздушности образу.Мягкая кулиска на талии регулирует посадку и даёт ощущение свободы в движении.Эти брюки легко представить и в городских буднях, и на утренних прогулках у моря. Сочетаются с рубашками, топами, футболками — и всегда выглядят уместно.Носите расслабленно, не спеша и с удовольствием.",https://daisyknit.ru/catalog/doch_rybaka/bryuki_shirokie_na_kuliske_so_lnom/?sku=118584,"Брюки широкие на кулиске со льном, Дочь рыбака, Белый. Свободные брюки на кулиске изо льна с вискозой — вещь для тех, кто ценит максимум комфорта и стильную простоту каждый день. Лёгкая ткань с классической полоской дарит прохладу даже в жаркий день, а прямой крой добавляет воздушности образу.Мягкая кулиска на талии регулирует посадку и даёт ощущение свободы в движении.Эти брюки легко представить и в городских буднях, и на утренних прогулках у моря. Сочетаются с рубашками, топами, футболками — и всегда выглядят уместно.Носите расслабленно, не спеша и с удовольствием.","«Широкие брюки на кулиске со льном, «Дочь рыбака», белые. Свободный крой, лёгкая ткань с полоской. Мягкая кулиска на талии. Комфорт и простота. Подходят для города и прогулок у моря. Сочетаются с рубашками, топами, футболками.»"
106033_1.webp,"Бермуды изо льна. Брюки и шорты. Красный. . Бермуды изо льна легко сочетать с летними топами, яркими рубашками или легкими жакетами.",106033,Бермуды изо льна,10700,Брюки и шорты,Красный,,"Бермуды изо льна легко сочетать с летними топами, яркими рубашками или легкими жакетами.",https://daisyknit.ru/catalog/bryuki_i_shorty/bermudy_izo_lna/?sku=106033,"Бермуды изо льна, Брюки и шорты, Красный. Бермуды изо льна легко сочетать с летними топами, яркими рубашками или легкими жакетами.","«Бермуды изо льна, красные — легко сочетаются с топами, рубашками, жакетами.»"
106027_1.webp,"Бермуды изо льна. Брюки и шорты. Красный. . Бермуды изо льна легко сочетать с летними топами, яркими рубашками или легкими жакетами.",106027,Бермуды изо льна,10700,Брюки и шорты,Красный,,"Бермуды изо льна легко сочетать с летними топами, яркими рубашками или легкими жакетами.",https://daisyknit.ru/catalog/bryuki_i_shorty/bermudy_izo_lna/?sku=106027,"Бермуды изо льна, Брюки и шорты, Красный. Бермуды изо льна легко сочетать с летними топами, яркими рубашками или легкими жакетами.","«Бермуды изо льна, красные — легко сочетаются с топами, рубашками, жакетами.»"
118384_1.webp,"Брюки широкие с кулиской по низу. Брюки и шорты. Хаки. . Лёгкая ткань с интересной фактурой и деликатным блеском создает игру света при каждом движении. Брюки из ацетата в глубоком оттенке хаки — отличный выбор для тех, кто ценит практичность в вещах. Их мо",118384,Брюки широкие с кулиской по низу,12890,Брюки и шорты,Хаки,,"Лёгкая ткань с интересной фактурой и деликатным блеском создает игру света при каждом движении. Брюки из ацетата в глубоком оттенке хаки — отличный выбор для тех, кто ценит практичность в вещах. Их можно носить как в классическом прямом варианте, так и собрать по низу с помощью скрытой регулировки — получится актуальный силуэт в стиле алладины. Идеальная модель для города, путешествий или отдыха — пусть каждый день будет особенным.",https://daisyknit.ru/catalog/bryuki_i_shorty/bryuki_shirokie_s_kuliskoy_po_nizu/?sku=118384,"Брюки широкие с кулиской по низу, Брюки и шорты, Хаки. Лёгкая ткань с интересной фактурой и деликатным блеском создает игру света при каждом движении. Брюки из ацетата в глубоком оттенке хаки — отличный выбор для тех, кто ценит практичность в вещах. Их можно носить как в классическом прямом варианте, так и собрать по низу с помощью скрытой регулировки — получится актуальный силуэт в стиле алладины. Идеальная модель для города, путешествий или отдыха — пусть каждый день будет особенным.","«Широкие брюки хаки с кулиской по низу, из ацетата. Лёгкая ткань с фактурой и блеском. Актуальный силуэт в стиле алладины.»"
105437_1.webp,"Брюки широкие со складками из ткани со льном. Брюки и шорты. Коричневый. . Наша любимая модель брюк с летним составом ткани. Если вы не готовы проститься с ними на летний сезон, самое время примерить новинку изо льна.",105437,Брюки широкие со складками из ткани со льном,14800,Брюки и шорты,Коричневый,,"Наша любимая модель брюк с летним составом ткани. Если вы не готовы проститься с ними на летний сезон, самое время примерить новинку изо льна.",https://daisyknit.ru/catalog/bryuki_i_shorty/bryuki_shirokie_so_skladkami_iz_tkani_so_lnom/?sku=105437,"Брюки широкие со складками из ткани со льном, Брюки и шорты, Коричневый. Наша любимая модель брюк с летним составом ткани. Если вы не готовы проститься с ними на летний сезон, самое время примерить новинку изо льна.","«Широкие брюки со складками из ткани с льном, коричневые — идеальный выбор для лета.»"
105348_1.webp,"Брюки прямого кроя изо льна. Брюки и шорты. Красный. . Брюки с высокой посадкой на талии станут основой летних деловых комплектов. Сочетайте их со строгими офисными позициями или с расслабленными летними топами, чтобы отправиться на прогулку после рабочег",105348,Брюки прямого кроя изо льна,14900,Брюки и шорты,Красный,,"Брюки с высокой посадкой на талии станут основой летних деловых комплектов. Сочетайте их со строгими офисными позициями или с расслабленными летними топами, чтобы отправиться на прогулку после рабочего дня.",https://daisyknit.ru/catalog/bryuki_i_shorty/bryuki_pryamogo_kroya_izo_lna/?sku=105348,"Брюки прямого кроя изо льна, Брюки и шорты, Красный. Брюки с высокой посадкой на талии станут основой летних деловых комплектов. Сочетайте их со строгими офисными позициями или с расслабленными летними топами, чтобы отправиться на прогулку после рабочего дня.",«Прямые льняные брюки красного цвета с высокой посадкой — основа летних деловых образов. Сочетаются с офисными нарядами и расслабленными топами.»
105342_1.webp,"Брюки прямого кроя изо льна. Брюки и шорты. Красный. . Брюки с высокой посадкой на талии станут основой летних деловых комплектов. Сочетайте их со строгими офисными позициями или с расслабленными летними топами, чтобы отправиться на прогулку после рабочег",105342,Брюки прямого кроя изо льна,14900,Брюки и шорты,Красный,,"Брюки с высокой посадкой на талии станут основой летних деловых комплектов. Сочетайте их со строгими офисными позициями или с расслабленными летними топами, чтобы отправиться на прогулку после рабочего дня.",https://daisyknit.ru/catalog/bryuki_i_shorty/bryuki_pryamogo_kroya_izo_lna/?sku=105342,"Брюки прямого кроя изо льна, Брюки и шорты, Красный. Брюки с высокой посадкой на талии станут основой летних деловых комплектов. Сочетайте их со строгими офисными позициями или с расслабленными летними топами, чтобы отправиться на прогулку после рабочего дня.",«Прямые льняные брюки красного цвета с высокой посадкой — основа летних деловых образов. Сочетаются с офисными нарядами и расслабленными топами.»
105354_1.webp,"Брюки прямого кроя изо льна. Брюки и шорты. Красный. . Брюки с высокой посадкой на талии станут основой летних деловых комплектов. Сочетайте их со строгими офисными позициями или с расслабленными летними топами, чтобы отправиться на прогулку после рабочег",105354,Брюки прямого кроя изо льна,14900,Брюки и шорты,Красный,,"Брюки с высокой посадкой на талии станут основой летних деловых комплектов. Сочетайте их со строгими офисными позициями или с расслабленными летними топами, чтобы отправиться на прогулку после рабочего дня.",https://daisyknit.ru/catalog/bryuki_i_shorty/bryuki_pryamogo_kroya_izo_lna/?sku=105354,"Брюки прямого кроя изо льна, Брюки и шорты, Красный. Брюки с высокой посадкой на талии станут основой летних деловых комплектов. Сочетайте их со строгими офисными позициями или с расслабленными летними топами, чтобы отправиться на прогулку после рабочего дня.",«Прямые льняные брюки красного цвета с высокой посадкой — основа летних деловых образов. Сочетаются с офисными нарядами и расслабленными топами.»
116402_1.webp,"Брюки из струящейся жатой вискозы. Брюки и шорты. Серый. . Брюки из жатой вискозы с тенселом — сочетание комфорта и эстетики современной классики. Ткань с выраженной фактурой создаёт интересную динамику, делая образ живым и запоминающимся. Свободный прямой кр",116402,Брюки из струящейся жатой вискозы,12890,Брюки и шорты,Серый,,"Брюки из жатой вискозы с тенселом — сочетание комфорта и эстетики современной классики. Ткань с выраженной фактурой создаёт интересную динамику, делая образ живым и запоминающимся. Свободный прямой крой и мягкий эластичный пояс позволяют адаптировать эту модель под любые гардеробные задачи. Идеальны для городских будней, офисных дней или творческих вечеров. Эти брюки не сковывают движений, выглядят элегантно и легко вписываются в расслабленный или более собранный гардероб.",https://daisyknit.ru/catalog/bryuki_i_shorty/bryuki_iz_struyashcheysya_zhatoy_viskozy/?sku=116402,"Брюки из струящейся жатой вискозы, Брюки и шорты, Серый. Брюки из жатой вискозы с тенселом — сочетание комфорта и эстетики современной классики. Ткань с выраженной фактурой создаёт интересную динамику, делая образ живым и запоминающимся. Свободный прямой крой и мягкий эластичный пояс позволяют адаптировать эту модель под любые гардеробные задачи. Идеальны для городских будней, офисных дней или творческих вечеров. Эти брюки не сковывают движений, выглядят элегантно и легко вписываются в расслабленный или более собранный гардероб.","«Брюки из жатой вискозы с тенселом, серые, свободный прямой крой. Фактурная ткань, мягкий эластичный пояс. Идеальны для города и офиса.»"
118061_1.webp,"Брюки на кулиске из хлопка. Брюки и шорты. Шоколадный. . Брюки из хлопка в шоколадном оттенке — практичная универсальная база для повседневного гардероба. Пояс на кулисе позволяет регулировать посадку точно под себя, что делает брюки особенно удобными. Укор",118061,Брюки на кулиске из хлопка,12890,Брюки и шорты,Шоколадный,,"Брюки из хлопка в шоколадном оттенке — практичная универсальная база для повседневного гардероба. Пояс на кулисе позволяет регулировать посадку точно под себя, что делает брюки особенно удобными. Укороченная длина смотрится свежо и актуально. Брюки легко сочетаются с разнообразными верхами. А в комплекте с рубашкой из той же ткани получится отличный сет для работы в офисе летом. Он будет выглядеть уместно и аккуратно, оставаясь при этом комфортным и легким.",https://daisyknit.ru/catalog/bryuki_i_shorty/bryuki_na_kuliske_iz_khlopka/?sku=118061,"Брюки на кулиске из хлопка, Брюки и шорты, Шоколадный. Брюки из хлопка в шоколадном оттенке — практичная универсальная база для повседневного гардероба. Пояс на кулисе позволяет регулировать посадку точно под себя, что делает брюки особенно удобными. Укороченная длина смотрится свежо и актуально. Брюки легко сочетаются с разнообразными верхами. А в комплекте с рубашкой из той же ткани получится отличный сет для работы в офисе летом. Он будет выглядеть уместно и аккуратно, оставаясь при этом комфортным и легким.","«Брюки на кулиске из хлопка, шоколадные. Регулируемый пояс, укороченная длина. Практичны и удобны, сочетаются с разными верхами, в том числе с рубашкой из той же ткани.»"
108468_1.webp,Брюки в пижамном стиле с шелком. Брюки и шорты. Молочный. . Брюки из атласной ткани с шелком в нежный цветочный принт сделают трендовым даже повседневный образ. Их можно носить с базовыми трикотажными топами или дополнять романтичными блузами.,108468,Брюки в пижамном стиле с шелком,11890,Брюки и шорты,Молочный,,Брюки из атласной ткани с шелком в нежный цветочный принт сделают трендовым даже повседневный образ. Их можно носить с базовыми трикотажными топами или дополнять романтичными блузами.,https://daisyknit.ru/catalog/bryuki_i_shorty/bryuki_v_pizhamnom_stile_s_shelkom/?sku=108468,"Брюки в пижамном стиле с шелком, Брюки и шорты, Молочный. Брюки из атласной ткани с шелком в нежный цветочный принт сделают трендовым даже повседневный образ. Их можно носить с базовыми трикотажными топами или дополнять романтичными блузами.","«Брюки в пижамном стиле из атласной ткани с шёлком и нежным цветочным принтом, молочные — создадут трендовый образ с трикотажными топами или романтичными блузами.»"
117316_1.webp,"Брюки широкие с эластичным поясом из хлопка. Брюки и шорты. Серый. . Брюки свободного силуэта из лёгкого, «шелестящего» хлопка с заметной фактурой. Он как будто «помят», но в этом есть его характер и преимущество легкости ухода. Эластичный пояс мягко фиксирует на талии",117316,Брюки широкие с эластичным поясом из хлопка,12890,Брюки и шорты,Серый,,"Брюки свободного силуэта из лёгкого, «шелестящего» хлопка с заметной фактурой. Он как будто «помят», но в этом есть его характер и преимущество легкости ухода. Эластичный пояс мягко фиксирует на талии, широкие брючины делают шаг свободнее, а спокойный серый оттенок позволяет им быть чем угодно: основой, акцентом, тихим фоном для рубашки, топа или мягкого трикотажа.",https://daisyknit.ru/catalog/bryuki_i_shorty/bryuki_shirokie_s_elastichnym_poyasom_iz_khlopka/?sku=117316,"Брюки широкие с эластичным поясом из хлопка, Брюки и шорты, Серый. Брюки свободного силуэта из лёгкого, «шелестящего» хлопка с заметной фактурой. Он как будто «помят», но в этом есть его характер и преимущество легкости ухода. Эластичный пояс мягко фиксирует на талии, широкие брючины делают шаг свободнее, а спокойный серый оттенок позволяет им быть чем угодно: основой, акцентом, тихим фоном для рубашки, топа или мягкого трикотажа.","«Широкие брюки из хлопка с эластичным поясом, серого цвета. Свободный силуэт, лёгкая фактурная ткань. Спокойный серый оттенок.»"
117350_1.webp,"Брюки широкие из хлопка Pima. Брюки и шорты. Светло-жёлтый. . Брюки из хлопка пима, в которых удобно прожить весь день — от утреннего кофе до неспешной прогулки вечером. Мягкая и дышащая ткань приятна коже и комфортно ощущается в течении всего дня. Свободный сил",117350,Брюки широкие из хлопка Pima,13890,Брюки и шорты,Светло-жёлтый,,"Брюки из хлопка пима, в которых удобно прожить весь день — от утреннего кофе до неспешной прогулки вечером. Мягкая и дышащая ткань приятна коже и комфортно ощущается в течении всего дня. Свободный силуэт и эластичный пояс создают расслабленную посадку и не сковывают движения. А свежий сливочный оттенок добавляет образу лёгкости и становится базой гардероба. Брюки можно сочетать с рубашками, топами и лёгким трикотажем.Хлопок Pima (Пима)— это премиальный материал, созданный из длинноволокнистого сорта хлопка. Ткань отличается мягкостью, повышенной износостойкостью и устойчивостью к образованию пиллей.",https://daisyknit.ru/catalog/bryuki_i_shorty/bryuki_shirokie_iz_khlopka_pima/?sku=117350,"Брюки широкие из хлопка Pima, Брюки и шорты, Светло-жёлтый. Брюки из хлопка пима, в которых удобно прожить весь день — от утреннего кофе до неспешной прогулки вечером. Мягкая и дышащая ткань приятна коже и комфортно ощущается в течении всего дня. Свободный силуэт и эластичный пояс создают расслабленную посадку и не сковывают движения. А свежий сливочный оттенок добавляет образу лёгкости и становится базой гардероба. Брюки можно сочетать с рубашками, топами и лёгким трикотажем.Хлопок Pima (Пима)— это премиальный материал, созданный из длинноволокнистого сорта хлопка. Ткань отличается мягкостью, повышенной износостойкостью и устойчивостью к образованию пиллей.","«Широкие брюки из премиального хлопка Pima, светло-жёлтые. Свободный силуэт и эластичный пояс. Комфортные, не сковывают движения. Сочетаются с рубашками, топами и трикотажем.»"
114823_1.webp,Брюки без пояса. Брюки и шорты. Серый. . Брюки прямого силуэта без пояса - непривычный и актуальный сегодня элемент. Лёгкая свобода в крое сохраняет комфорт и ощущение собранности. Универсальная база для любых сочетаний.,114823,Брюки без пояса,13890,Брюки и шорты,Серый,,Брюки прямого силуэта без пояса - непривычный и актуальный сегодня элемент. Лёгкая свобода в крое сохраняет комфорт и ощущение собранности. Универсальная база для любых сочетаний.,https://daisyknit.ru/catalog/bryuki_i_shorty/bryuki_bez_poyasa/?sku=114823,"Брюки без пояса, Брюки и шорты, Серый. Брюки прямого силуэта без пояса - непривычный и актуальный сегодня элемент. Лёгкая свобода в крое сохраняет комфорт и ощущение собранности. Универсальная база для любых сочетаний.","«Прямые брюки без пояса, серые — комфортная универсальная модель для любых сочетаний.»"
114689_1.webp,"Брюки широкие из тенсела и хлопка. Брюки и шорты. Чёрный. . Широкие брюки со средней посадкой выполнены из мягкого хлопка с тенселом. Складки по передней части хорошо корректируют зону живота, а резинка по задней половинке обеспечивает удобную посадку. Сочетан",114689,Брюки широкие из тенсела и хлопка,13890,Брюки и шорты,Чёрный,,"Широкие брюки со средней посадкой выполнены из мягкого хлопка с тенселом. Складки по передней части хорошо корректируют зону живота, а резинка по задней половинке обеспечивает удобную посадку. Сочетание классического кроя и расслабленного материала делает эти брюки идеальными для повседневных образов, когда важно оставаться собранным, но не хочется жертвовать комфортом.",https://daisyknit.ru/catalog/bryuki_i_shorty/bryuki_shirokie_iz_tensela_i_khlopka/?sku=114689,"Брюки широкие из тенсела и хлопка, Брюки и шорты, Чёрный. Широкие брюки со средней посадкой выполнены из мягкого хлопка с тенселом. Складки по передней части хорошо корректируют зону живота, а резинка по задней половинке обеспечивает удобную посадку. Сочетание классического кроя и расслабленного материала делает эти брюки идеальными для повседневных образов, когда важно оставаться собранным, но не хочется жертвовать комфортом.","«Широкие брюки из хлопка с тенселом, чёрные, со средней посадкой и складками. Резинка сзади обеспечивает удобную посадку. Подходят для повседневных образов.»"
110762_1.webp,"Брюки мужского кроя. Брюки и шорты. Чёрный. . Классические брюки мужского кроя, выполненные из ткани с шерстью и вискозой. Материал имеет благородный блеск и отлично держит форму. Чёрный цвет и строгие линии делают эти брюки универсальной основой",110762,Брюки мужского кроя,9723,Брюки и шорты,Чёрный,,"Классические брюки мужского кроя, выполненные из ткани с шерстью и вискозой. Материал имеет благородный блеск и отлично держит форму. Чёрный цвет и строгие линии делают эти брюки универсальной основой гардероба для офиса и повседневных образов.",https://daisyknit.ru/catalog/bryuki_i_shorty/bryuki_muzhskogo_kroya_1/?sku=110762,"Брюки мужского кроя, Брюки и шорты, Чёрный. Классические брюки мужского кроя, выполненные из ткани с шерстью и вискозой. Материал имеет благородный блеск и отлично держит форму. Чёрный цвет и строгие линии делают эти брюки универсальной основой гардероба для офиса и повседневных образов.","«Брюки мужского кроя, чёрные, из шерсти и вискозы. Материал с блеском, держит форму. Подходят для офиса и повседневных образов.»"
85216_1.webp,Брюки широкие со складками. Брюки и шорты. Серо-голубой. . Широкие брюки с высокой посадкой на талии и декоративными складками по передней части. Складки делают образ структурированным и добавляют визуальных акцентов образу.,85216,Брюки широкие со складками,8610,Брюки и шорты,Серо-голубой,,Широкие брюки с высокой посадкой на талии и декоративными складками по передней части. Складки делают образ структурированным и добавляют визуальных акцентов образу.,https://daisyknit.ru/catalog/bryuki_i_shorty/bryuki_shirokie_so_skladkami/?sku=85216,"Брюки широкие со складками, Брюки и шорты, Серо-голубой. Широкие брюки с высокой посадкой на талии и декоративными складками по передней части. Складки делают образ структурированным и добавляют визуальных акцентов образу.","«Широкие брюки с высокой посадкой и декоративными складками, серо-голубые — структурируют образ.»"
96409_1.webp,"Брюки прямого кроя. Брюки и шорты. Бежевый. . Брюки прямого кроя обладают комфортной посадкой ниже линии талии. Они подчеркивают фигуру и создают скульптурный силуэт, при этом обеспечивая свободу движения.",96409,Брюки прямого кроя,7734,Брюки и шорты,Бежевый,,"Брюки прямого кроя обладают комфортной посадкой ниже линии талии. Они подчеркивают фигуру и создают скульптурный силуэт, при этом обеспечивая свободу движения.",https://daisyknit.ru/catalog/bryuki_i_shorty/bryuki_pryamogo_kroya/?sku=96409,"Брюки прямого кроя, Брюки и шорты, Бежевый. Брюки прямого кроя обладают комфортной посадкой ниже линии талии. Они подчеркивают фигуру и создают скульптурный силуэт, при этом обеспечивая свободу движения.","«Прямые брюки бежевого цвета, посадка ниже талии — подчёркивают фигуру и создают скульптурный силуэт.»"
96275_1.webp,"Брюки широкие с эластичным поясом. Брюки и шорты. Тауп. . Любимая модель широких брюк с поясом на мягкой резинке. Идеально сочетаются как со строгими, так и с более расслабленными комплектами.",96275,Брюки широкие с эластичным поясом,11112,Брюки и шорты,Тауп,,"Любимая модель широких брюк с поясом на мягкой резинке. Идеально сочетаются как со строгими, так и с более расслабленными комплектами.",https://daisyknit.ru/catalog/bryuki_i_shorty/bryuki_shirokie_s_elastichnym_poyasom_/?sku=96275,"Брюки широкие с эластичным поясом, Брюки и шорты, Тауп. Любимая модель широких брюк с поясом на мягкой резинке. Идеально сочетаются как со строгими, так и с более расслабленными комплектами.","«Широкие брюки с эластичным поясом, тауп — сочетаются со строгими и расслабленными комплектами.»"
112289_1.webp,Брюки широкие из атласной ткани. Брюки и шорты. Шоколадный. . Широкие брюки из струящейся ткани с мягким поясом на резинке. Актуальный шоколадный оттенок и полная длина делают образ расслабленным и богемным.,112289,Брюки широкие из атласной ткани,14890,Брюки и шорты,Шоколадный,,Широкие брюки из струящейся ткани с мягким поясом на резинке. Актуальный шоколадный оттенок и полная длина делают образ расслабленным и богемным.,https://daisyknit.ru/catalog/bryuki_i_shorty/bryuki_shirokie_iz_atlasnoy_tkani/?sku=112289,"Брюки широкие из атласной ткани, Брюки и шорты, Шоколадный. Широкие брюки из струящейся ткани с мягким поясом на резинке. Актуальный шоколадный оттенок и полная длина делают образ расслабленным и богемным.","«Широкие брюки из атласной ткани, шоколадного цвета. Струящаяся ткань, мягкий пояс на резинке — создают расслабленный и богемный образ.»"
105179_1.webp,"Брюки прямого кроя. Брюки и шорты. Бежевый. . Брюки прямого кроя обладают комфортной посадкой ниже линии талии. Они подчеркивают фигуру и создают скульптурный силуэт, при этом обеспечивая свободу движения.",105179,Брюки прямого кроя,13890,Брюки и шорты,Бежевый,,"Брюки прямого кроя обладают комфортной посадкой ниже линии талии. Они подчеркивают фигуру и создают скульптурный силуэт, при этом обеспечивая свободу движения.",https://daisyknit.ru/catalog/bryuki_i_shorty/bryuki_pryamogo_kroya/?sku=105179,"Брюки прямого кроя, Брюки и шорты, Бежевый. Брюки прямого кроя обладают комфортной посадкой ниже линии талии. Они подчеркивают фигуру и создают скульптурный силуэт, при этом обеспечивая свободу движения.","«Прямые брюки бежевого цвета, посадка ниже талии — подчёркивают фигуру и создают скульптурный силуэт.»"
108346_1.webp,"Брюки прямые классические. Брюки и шорты. Графитовый. . Брюки прямого силуэта с высокой посадкой на талии. Мягкий пояс на резинке позволяет регулировать посадку. Классический крой удобно сочетать как с каблуками, так и с плоским ходом.",108346,Брюки прямые классические,9723,Брюки и шорты,Графитовый,,"Брюки прямого силуэта с высокой посадкой на талии. Мягкий пояс на резинке позволяет регулировать посадку. Классический крой удобно сочетать как с каблуками, так и с плоским ходом.",https://daisyknit.ru/catalog/leto/bryuki_pryamye_klassicheskie/?sku=108346,"Брюки прямые классические, Брюки и шорты, Графитовый. Брюки прямого силуэта с высокой посадкой на талии. Мягкий пояс на резинке позволяет регулировать посадку. Классический крой удобно сочетать как с каблуками, так и с плоским ходом.","«Прямые классические брюки с высокой посадкой, графитового цвета. Мягкий пояс на резинке, удобный крой — сочетаются с каблуками и плоской подошвой.»"
89377_1.webp,"Брюки прямого кроя. Брюки и шорты. Бежевый. . Брюки прямого кроя обладают комфортной посадкой ниже линии талии. Они подчеркивают фигуру и создают скульптурный силуэт, при этом обеспечивая свободу движения.",89377,Брюки прямого кроя,8610,Брюки и шорты,Бежевый,,"Брюки прямого кроя обладают комфортной посадкой ниже линии талии. Они подчеркивают фигуру и создают скульптурный силуэт, при этом обеспечивая свободу движения.",https://daisyknit.ru/catalog/bryuki_i_shorty/bryuki_pryamogo_kroya/?sku=89377,"Брюки прямого кроя, Брюки и шорты, Бежевый. Брюки прямого кроя обладают комфортной посадкой ниже линии талии. Они подчеркивают фигуру и создают скульптурный силуэт, при этом обеспечивая свободу движения.","«Прямые брюки бежевого цвета, посадка ниже талии — подчёркивают фигуру и создают скульптурный силуэт.»"
89382_1.webp,"Брюки прямого кроя. Брюки и шорты. Бежевый. . Брюки прямого кроя обладают комфортной посадкой ниже линии талии. Они подчеркивают фигуру и создают скульптурный силуэт, при этом обеспечивая свободу движения.",89382,Брюки прямого кроя,8610,Брюки и шорты,Бежевый,,"Брюки прямого кроя обладают комфортной посадкой ниже линии талии. Они подчеркивают фигуру и создают скульптурный силуэт, при этом обеспечивая свободу движения.",https://daisyknit.ru/catalog/bryuki_i_shorty/bryuki_pryamogo_kroya/?sku=89382,"Брюки прямого кроя, Брюки и шорты, Бежевый. Брюки прямого кроя обладают комфортной посадкой ниже линии талии. Они подчеркивают фигуру и создают скульптурный силуэт, при этом обеспечивая свободу движения.","«Прямые брюки бежевого цвета, посадка ниже талии — подчёркивают фигуру и создают скульптурный силуэт.»"
106382_1.webp,"Брюки классические с расширением. Брюки и шорты. Бордовый. . Классическая модель брюк с высокой посадкой и легким клешением к низу. У этих брюк идеальные стрелки, которые помогают визуально подчеркнуть длину Ваших ног. Шлевки на поясе - удобная деталь для делов",106382,Брюки классические с расширением,11890,Брюки и шорты,Бордовый,,"Классическая модель брюк с высокой посадкой и легким клешением к низу. У этих брюк идеальные стрелки, которые помогают визуально подчеркнуть длину Ваших ног. Шлевки на поясе - удобная деталь для деловых комплектов, ведь Вы легко сможете дополнить брюки нашим кожаным ремнем.",https://daisyknit.ru/catalog/leto/bryuki_klassicheskie_s_rasshireniem/?sku=106382,"Брюки классические с расширением, Брюки и шорты, Бордовый. Классическая модель брюк с высокой посадкой и легким клешением к низу. У этих брюк идеальные стрелки, которые помогают визуально подчеркнуть длину Ваших ног. Шлевки на поясе - удобная деталь для деловых комплектов, ведь Вы легко сможете дополнить брюки нашим кожаным ремнем.","«Классические брюки с высокой посадкой и клёшем, бордовые, со стрелками — подчёркивают длину ног. Шлёвки на поясе.»"
109122_1.webp,Брюки широкие. Брюки и шорты. Серый. . Широкие брюки с высокой посадкой на талии и декоративными складками по передней части. Складки делают образ структурированным и добавляют визуальных акцентов образу.,109122,Брюки широкие,13890,Брюки и шорты,Серый,,Широкие брюки с высокой посадкой на талии и декоративными складками по передней части. Складки делают образ структурированным и добавляют визуальных акцентов образу.,https://daisyknit.ru/catalog/bryuki_i_shorty/bryuki_shirokie_2/?sku=109122,"Брюки широкие, Брюки и шорты, Серый. Широкие брюки с высокой посадкой на талии и декоративными складками по передней части. Складки делают образ структурированным и добавляют визуальных акцентов образу.","«Широкие брюки с высокой посадкой и декоративными складками — структурированный образ, серые.»"
109138_1.webp,Бермуды со складками. Брюки и шорты. Коричневый. . Расклешенные бермуды из костюмной ткани. Брючный верх и актуальная форма позволяют создавать нетривиальные офисные комплекты.,109138,Бермуды со складками,4945,Брюки и шорты,Коричневый,,Расклешенные бермуды из костюмной ткани. Брючный верх и актуальная форма позволяют создавать нетривиальные офисные комплекты.,https://daisyknit.ru/catalog/bryuki_i_shorty/bermudy_so_skladkami/?sku=109138,"Бермуды со складками, Брюки и шорты, Коричневый. Расклешенные бермуды из костюмной ткани. Брючный верх и актуальная форма позволяют создавать нетривиальные офисные комплекты.","«Бермуды со складками, расклёшенные, из костюмной ткани, коричневого цвета — подходят для создания офисных комплектов.»"
105360_1.webp,"Брюки широкие с эффектом мокрого шелка. Брюки и шорты. Тауп. . Брюки расслабленного кроя из фактурной ткани с мягким поясом на резинке. Идеальная модель, когда хочется выглядеть эффектно, но лаконично.",105360,Брюки широкие с эффектом мокрого шелка,12700,Брюки и шорты,Тауп,,"Брюки расслабленного кроя из фактурной ткани с мягким поясом на резинке. Идеальная модель, когда хочется выглядеть эффектно, но лаконично.",https://daisyknit.ru/catalog/bryuki_i_shorty/bryuki_shirokie_s_effektom_mokrogo_shelka/?sku=105360,"Брюки широкие с эффектом мокрого шелка, Брюки и шорты, Тауп. Брюки расслабленного кроя из фактурной ткани с мягким поясом на резинке. Идеальная модель, когда хочется выглядеть эффектно, но лаконично.","«Широкие брюки тауп из фактурной ткани, с мягким поясом на резинке — расслабленный крой, эффект мокрого шёлка.»"
105375_1.webp,"Брюки прямые из хлопка. Брюки и шорты. Серо-голубой. . Брюки прямого кроя со средней посадкой на талии из костюмного хлопка. Полная длина и функциональные карманы делают эту модель лаконичной и функциональной. Ткань держит форму, создавая актуальный силуэ",105375,Брюки прямые из хлопка,13500,Брюки и шорты,Серо-голубой,,"Брюки прямого кроя со средней посадкой на талии из костюмного хлопка. Полная длина и функциональные карманы делают эту модель лаконичной и функциональной. Ткань держит форму, создавая актуальный силуэт.",https://daisyknit.ru/catalog/bryuki_i_shorty/bryuki_pryamye_iz_khlopka/?sku=105375,"Брюки прямые из хлопка, Брюки и шорты, Серо-голубой. Брюки прямого кроя со средней посадкой на талии из костюмного хлопка. Полная длина и функциональные карманы делают эту модель лаконичной и функциональной. Ткань держит форму, создавая актуальный силуэт.","«Прямые брюки из хлопка серо-голубого цвета, средняя посадка, полная длина, с карманами — создают актуальный силуэт.»"
105569_1.webp,"Брюки широкие с эластичным поясом из фактурной ткани со льном. Брюки и шорты. Коричневый. . Любимая модель широких брюк с поясом на мягкой резинке. Идеально сочетаются как со строгими, так и с более расслабленными комплектами.",105569,Брюки широкие с эластичным поясом из фактурной ткани со льном,12800,Брюки и шорты,Коричневый,,"Любимая модель широких брюк с поясом на мягкой резинке. Идеально сочетаются как со строгими, так и с более расслабленными комплектами.",https://daisyknit.ru/catalog/bryuki_i_shorty/bryuki_shirokie_s_elastichnym_poyasom_iz_fakturnoy_tkani_so_lnom/?sku=105569,"Брюки широкие с эластичным поясом из фактурной ткани со льном, Брюки и шорты, Коричневый. Любимая модель широких брюк с поясом на мягкой резинке. Идеально сочетаются как со строгими, так и с более расслабленными комплектами.","«Широкие брюки с эластичным поясом из фактурной ткани со льном, коричневые. Мягкая резинка, сочетаются со строгими и расслабленными комплектами.»"
105592_1.webp,Брюки широкие на поясе из жатой ткани со льном. Брюки и шорты. Песочный. . Брюки свободного кроя из струящейся ткани. Мягкий пояс на талии позволит регулировать посадку и станет актуальной деталью образа.,105592,Брюки широкие на поясе из жатой ткани со льном,12500,Брюки и шорты,Песочный,,Брюки свободного кроя из струящейся ткани. Мягкий пояс на талии позволит регулировать посадку и станет актуальной деталью образа.,https://daisyknit.ru/catalog/bryuki_i_shorty/bryuki_shirokie_na_poyase_iz_zhatoy_tkani_so_lnom/?sku=105592,"Брюки широкие на поясе из жатой ткани со льном, Брюки и шорты, Песочный. Брюки свободного кроя из струящейся ткани. Мягкий пояс на талии позволит регулировать посадку и станет актуальной деталью образа.","«Широкие брюки на поясе из жатой ткани со льном, песочные, свободного кроя — мягкий пояс регулирует посадку.»"
105588_1.webp,Брюки широкие на поясе из жатой ткани со льном. Брюки и шорты. Песочный. . Брюки свободного кроя из струящейся ткани. Мягкий пояс на талии позволит регулировать посадку и станет актуальной деталью образа.,105588,Брюки широкие на поясе из жатой ткани со льном,12500,Брюки и шорты,Песочный,,Брюки свободного кроя из струящейся ткани. Мягкий пояс на талии позволит регулировать посадку и станет актуальной деталью образа.,https://daisyknit.ru/catalog/bryuki_i_shorty/bryuki_shirokie_na_poyase_iz_zhatoy_tkani_so_lnom/?sku=105588,"Брюки широкие на поясе из жатой ткани со льном, Брюки и шорты, Песочный. Брюки свободного кроя из струящейся ткани. Мягкий пояс на талии позволит регулировать посадку и станет актуальной деталью образа.","«Широкие брюки на поясе из жатой ткани со льном, песочные, свободного кроя — мягкий пояс регулирует посадку.»"
106044_1.webp,"Шорты с эффектом мокрого шелка. Брюки и шорты. Тауп. . Шорты свободного кроя с высокой посадкой. Мягкий пояс не будет сковывать движения, чтобы вы могли создавать динамичные комплекты для жарких дней. По бокам функциональные карманы.",106044,Шорты с эффектом мокрого шелка,8870,Брюки и шорты,Тауп,,"Шорты свободного кроя с высокой посадкой. Мягкий пояс не будет сковывать движения, чтобы вы могли создавать динамичные комплекты для жарких дней. По бокам функциональные карманы.",https://daisyknit.ru/catalog/bryuki_i_shorty/shorty_s_effektom_mokrogo_shelka/?sku=106044,"Шорты с эффектом мокрого шелка, Брюки и шорты, Тауп. Шорты свободного кроя с высокой посадкой. Мягкий пояс не будет сковывать движения, чтобы вы могли создавать динамичные комплекты для жарких дней. По бокам функциональные карманы.","«Шорты свободного кроя с высокой посадкой и эффектом мокрого шёлка, тауп. Мягкий пояс, функциональные карманы по бокам.»"
87552_1.webp,"Брюки зауженные со стрелками. Брюки и шорты. Жёлтый. . Брюки с высокой посадкой, зауженные к низу. Заутюженные стрелки вытягивают ногу и корректируют силуэт. Функциональные карманы по бокам, мягкий пояс и плотная вискоза. Модель брюк легко сочетать с плос",87552,Брюки зауженные со стрелками,12300,Брюки и шорты,Жёлтый,,"Брюки с высокой посадкой, зауженные к низу. Заутюженные стрелки вытягивают ногу и корректируют силуэт. Функциональные карманы по бокам, мягкий пояс и плотная вискоза. Модель брюк легко сочетать с плоским ходом и каблуком.",https://daisyknit.ru/catalog/bryuki_i_shorty/bryuki_zauzhennye_so_strelkami/?sku=87552,"Брюки зауженные со стрелками, Брюки и шорты, Жёлтый. Брюки с высокой посадкой, зауженные к низу. Заутюженные стрелки вытягивают ногу и корректируют силуэт. Функциональные карманы по бокам, мягкий пояс и плотная вискоза. Модель брюк легко сочетать с плоским ходом и каблуком.","«Зауженные брюки со стрелками и высокой посадкой, из плотной вискозы. Модель с карманами и мягким поясом — легко сочетать с разной обувью.»"
91333_1.webp,"Брюки широкие с заниженной талией со льном. Брюки и шорты. Кремовый. . Любимая модель последних капсул теперь представлена и в летнем варианте. Струящаяся ткань обеспечит комфорт в течение дня, а сама модель брюк на средней посадке создаст комплиментарный силуэт.",91333,Брюки широкие с заниженной талией со льном,14300,Брюки и шорты,Кремовый,,"Любимая модель последних капсул теперь представлена и в летнем варианте. Струящаяся ткань обеспечит комфорт в течение дня, а сама модель брюк на средней посадке создаст комплиментарный силуэт.",https://daisyknit.ru/catalog/bryuki_i_shorty/bryuki_shirokie_s_zanizhennoy_taliey_so_lnom/?sku=91333,"Брюки широкие с заниженной талией со льном, Брюки и шорты, Кремовый. Любимая модель последних капсул теперь представлена и в летнем варианте. Струящаяся ткань обеспечит комфорт в течение дня, а сама модель брюк на средней посадке создаст комплиментарный силуэт.","«Широкие брюки со средней посадкой и льняной тканью, кремовые — создают комплиментарный силуэт.»"
88333_1.webp,"Брюки широкие с эластичным поясом. Брюки и шорты. Тауп. . Любимая модель широких брюк с поясом на мягкой резинке. Идеально сочетаются как со строгими, так и с более расслабленными комплектами.",88333,Брюки широкие с эластичным поясом,11800,Брюки и шорты,Тауп,,"Любимая модель широких брюк с поясом на мягкой резинке. Идеально сочетаются как со строгими, так и с более расслабленными комплектами.",https://daisyknit.ru/catalog/bryuki_i_shorty/bryuki_shirokie_s_elastichnym_poyasom_/?sku=88333,"Брюки широкие с эластичным поясом, Брюки и шорты, Тауп. Любимая модель широких брюк с поясом на мягкой резинке. Идеально сочетаются как со строгими, так и с более расслабленными комплектами.","«Широкие брюки с эластичным поясом, тауп — сочетаются со строгими и расслабленными комплектами.»"
100168_1.webp,"Брюки зауженные О-силуэта. Брюки и шорты. Графитовый. . Зауженные брюки о-образного силуэта с высокой посадкой на талии. Складки и стрелки по передней части корректируют силуэт, создавая идеальную фигуру.",100168,Брюки зауженные О-силуэта,6435,Брюки и шорты,Графитовый,,"Зауженные брюки о-образного силуэта с высокой посадкой на талии. Складки и стрелки по передней части корректируют силуэт, создавая идеальную фигуру.",https://daisyknit.ru/catalog/bryuki_i_shorty/bryuki_zauzhennye_o_silueta/?sku=100168,"Брюки зауженные О-силуэта, Брюки и шорты, Графитовый. Зауженные брюки о-образного силуэта с высокой посадкой на талии. Складки и стрелки по передней части корректируют силуэт, создавая идеальную фигуру.",«Зауженные брюки О-силуэта с высокой посадкой и складками — корректируют силуэт.»
98082_1.webp,"Брюки прямого кроя. Брюки и шорты. Бежевый. . Брюки прямого кроя обладают комфортной посадкой ниже линии талии. Они подчеркивают фигуру и создают скульптурный силуэт, при этом обеспечивая свободу движения.",98082,Брюки прямого кроя,12800,Брюки и шорты,Бежевый,,"Брюки прямого кроя обладают комфортной посадкой ниже линии талии. Они подчеркивают фигуру и создают скульптурный силуэт, при этом обеспечивая свободу движения.",https://daisyknit.ru/catalog/bryuki_i_shorty/bryuki_pryamogo_kroya/?sku=98082,"Брюки прямого кроя, Брюки и шорты, Бежевый. Брюки прямого кроя обладают комфортной посадкой ниже линии талии. Они подчеркивают фигуру и создают скульптурный силуэт, при этом обеспечивая свободу движения.","«Прямые брюки бежевого цвета, посадка ниже талии — подчёркивают фигуру и создают скульптурный силуэт.»"
104482_1.webp,Брюки трикотажные из хлопка. Брюки и шорты. Светло-серый. . Широкие брюки полной длины из мягкого хлопка. Высокая посадка и пояс на резинке — основа для комфортных и актуальных комплектов на каждый день.,104482,Брюки трикотажные из хлопка,3945,Брюки и шорты,Светло-серый,,Широкие брюки полной длины из мягкого хлопка. Высокая посадка и пояс на резинке — основа для комфортных и актуальных комплектов на каждый день.,https://daisyknit.ru/catalog/bryuki_i_shorty/bryuki_trikotazhnye_iz_khlopka/?sku=104482,"Брюки трикотажные из хлопка, Брюки и шорты, Светло-серый. Широкие брюки полной длины из мягкого хлопка. Высокая посадка и пояс на резинке — основа для комфортных и актуальных комплектов на каждый день.","«Широкие трикотажные брюки из хлопка, светло-серые, с высокой посадкой и поясом на резинке — комфорт на каждый день.»"
104487_1.webp,Брюки трикотажные из хлопка. Брюки и шорты. Светло-серый. . Широкие брюки полной длины из мягкого хлопка. Высокая посадка и пояс на резинке — основа для комфортных и актуальных комплектов на каждый день.,104487,Брюки трикотажные из хлопка,3945,Брюки и шорты,Светло-серый,,Широкие брюки полной длины из мягкого хлопка. Высокая посадка и пояс на резинке — основа для комфортных и актуальных комплектов на каждый день.,https://daisyknit.ru/catalog/bryuki_i_shorty/bryuki_trikotazhnye_iz_khlopka/?sku=104487,"Брюки трикотажные из хлопка, Брюки и шорты, Светло-серый. Широкие брюки полной длины из мягкого хлопка. Высокая посадка и пояс на резинке — основа для комфортных и актуальных комплектов на каждый день.","«Широкие трикотажные брюки из хлопка, светло-серые, с высокой посадкой и поясом на резинке — комфорт на каждый день.»"
105989_1.webp,"Шорты джинсовые. Джинсы и деним. Синий. . Трендовые шорты из мягкого денима для тех, кто не готов расставаться с любимой фактурой даже летом.",105989,Шорты джинсовые,8500,Джинсы и деним,Синий,,"Трендовые шорты из мягкого денима для тех, кто не готов расставаться с любимой фактурой даже летом.",https://daisyknit.ru/catalog/dzhinsy_i_denim/shorty_dzhinsovye_1/?sku=105989,"Шорты джинсовые, Джинсы и деним, Синий. Трендовые шорты из мягкого денима для тех, кто не готов расставаться с любимой фактурой даже летом.","«Джинсовые шорты, синие, из мягкого денима — идеальный выбор для любителей джинсовой фактуры летом.»"
96438_1.webp,"Брюки прямого кроя. Брюки и шорты. Бежевый. . Брюки прямого кроя обладают комфортной посадкой ниже линии талии. Они подчеркивают фигуру и создают скульптурный силуэт, при этом обеспечивая свободу движения.",96438,Брюки прямого кроя,12890,Брюки и шорты,Бежевый,,"Брюки прямого кроя обладают комфортной посадкой ниже линии талии. Они подчеркивают фигуру и создают скульптурный силуэт, при этом обеспечивая свободу движения.",https://daisyknit.ru/catalog/bryuki_i_shorty/bryuki_pryamogo_kroya/?sku=96438,"Брюки прямого кроя, Брюки и шорты, Бежевый. Брюки прямого кроя обладают комфортной посадкой ниже линии талии. Они подчеркивают фигуру и создают скульптурный силуэт, при этом обеспечивая свободу движения.","«Прямые брюки бежевого цвета, посадка ниже талии — подчёркивают фигуру и создают скульптурный силуэт.»"
98507_1.webp,"Брюки клёш со стрелками. Брюки и шорты. Бежевый. . Брюки клеш идеально сочетаются с блузами, рубашками и топами, создавая элегантный образ. Стрелки на брюках придают им элегантность и помогают подчеркнуть длину ног.",98507,Брюки клёш со стрелками,13890,Брюки и шорты,Бежевый,,"Брюки клеш идеально сочетаются с блузами, рубашками и топами, создавая элегантный образ. Стрелки на брюках придают им элегантность и помогают подчеркнуть длину ног.",https://daisyknit.ru/catalog/bryuki_i_shorty/bryuki_klyesh_so_strelkami/?sku=98507,"Брюки клёш со стрелками, Брюки и шорты, Бежевый. Брюки клеш идеально сочетаются с блузами, рубашками и топами, создавая элегантный образ. Стрелки на брюках придают им элегантность и помогают подчеркнуть длину ног.","«Брюки клёш со стрелками, бежевые — сочетаются с блузами, рубашками, топами, подчёркивают длину ног.»"
100162_1.webp,"Брюки зауженные О-силуэта. Брюки и шорты. Графитовый. . Зауженные брюки о-образного силуэта с высокой посадкой на талии. Складки и стрелки по передней части корректируют силуэт, создавая идеальную фигуру.",100162,Брюки зауженные О-силуэта,12890,Брюки и шорты,Графитовый,,"Зауженные брюки о-образного силуэта с высокой посадкой на талии. Складки и стрелки по передней части корректируют силуэт, создавая идеальную фигуру.",https://daisyknit.ru/catalog/bryuki_i_shorty/bryuki_zauzhennye_o_silueta/?sku=100162,"Брюки зауженные О-силуэта, Брюки и шорты, Графитовый. Зауженные брюки о-образного силуэта с высокой посадкой на талии. Складки и стрелки по передней части корректируют силуэт, создавая идеальную фигуру.",«Зауженные брюки О-силуэта с высокой посадкой и складками — корректируют силуэт.»
101149_1.webp,"Брюки трикотажные меланж. Брюки и шорты. Серо-зелёный. . Мягкие брюки идеально подходят для повседневных дел или отдыха. Брюки имеют эластичную тесьму по талии, которая создают идеальную посадку и комфорт.",101149,Брюки трикотажные меланж,9890,Брюки и шорты,Серо-зелёный,,"Мягкие брюки идеально подходят для повседневных дел или отдыха. Брюки имеют эластичную тесьму по талии, которая создают идеальную посадку и комфорт.",https://daisyknit.ru/catalog/bryuki_i_shorty/bryuki_trikotazhnye_melanzh/?sku=101149,"Брюки трикотажные меланж, Брюки и шорты, Серо-зелёный. Мягкие брюки идеально подходят для повседневных дел или отдыха. Брюки имеют эластичную тесьму по талии, которая создают идеальную посадку и комфорт.","«Трикотажные брюки меланж серо-зелёного цвета — мягкие и комфортные, с эластичной тесьмой по талии для идеальной посадки.»"
100975_1.webp,"Бермуды со складками из костюмной ткани. Брюки и шорты. Бежевый. . Бермуды из костюмной ткани со складками по передней части. Длина чуть ниже колена гармонично сочетается с сапогами, ботильонами и туфлями. Посадку на талии можно регулировать при помощи ремня.",100975,Бермуды со складками из костюмной ткани,10890,Брюки и шорты,Бежевый,,"Бермуды из костюмной ткани со складками по передней части. Длина чуть ниже колена гармонично сочетается с сапогами, ботильонами и туфлями. Посадку на талии можно регулировать при помощи ремня.",https://daisyknit.ru/catalog/bryuki_i_shorty/bermudy_so_skladkami_iz_kostyumnoy_tkani/?sku=100975,"Бермуды со складками из костюмной ткани, Брюки и шорты, Бежевый. Бермуды из костюмной ткани со складками по передней части. Длина чуть ниже колена гармонично сочетается с сапогами, ботильонами и туфлями. Посадку на талии можно регулировать при помощи ремня.","«Бермуды со складками из костюмной ткани, бежевые. Длина чуть ниже колена, посадка на талии регулируется ремнём.»"
117509_1.webp,"Тренч из хлопкового жаккарда с цветами. Верхняя одежда. Сливочный. . Тренч в ретро стиле А-силуэта. Классическое положение плеча и идеальная посадка по фигуре создают безупречный силуэт. Дизайнеры черпали вдохновение из весеннего показа GUCCI, что придает этому тренчу ",117509,Тренч из хлопкового жаккарда с цветами,11912,Верхняя одежда,Сливочный,,"Тренч в ретро стиле А-силуэта. Классическое положение плеча и идеальная посадка по фигуре создают безупречный силуэт. Дизайнеры черпали вдохновение из весеннего показа GUCCI, что придает этому тренчу особую актуальность.",https://daisyknit.ru/catalog/verkhnyaya_odezhda_1/trench_iz_khlopkovogo_zhakkarda_s_tsvetami/?sku=117509,"Тренч из хлопкового жаккарда с цветами, Верхняя одежда, Сливочный. Тренч в ретро стиле А-силуэта. Классическое положение плеча и идеальная посадка по фигуре создают безупречный силуэт. Дизайнеры черпали вдохновение из весеннего показа GUCCI, что придает этому тренчу особую актуальность.","«Тренч из хлопкового жаккарда с цветами, сливочный, А-силуэт, с классической посадкой по фигуре — создан в ретростиле.»"
93106_1.webp,Пальто укороченное из шерсти с кашемиром. Верхняя одежда. Светло-зелёный. . Модель укороченного пальто из шерсти с кашемиром. Универсальная длина сочетается с брюками и юбками разных длин и силуэтов.Рекомендуем носить при температурахдо 0 градусов.,93106,Пальто укороченное из шерсти с кашемиром,12900,Верхняя одежда,Светло-зелёный,,Модель укороченного пальто из шерсти с кашемиром. Универсальная длина сочетается с брюками и юбками разных длин и силуэтов.Рекомендуем носить при температурахдо 0 градусов.,https://daisyknit.ru/catalog/verkhnyaya_odezhda_1/palto_ukorochennoe_iz_shersti_s_kashemirom/?sku=93106,"Пальто укороченное из шерсти с кашемиром, Верхняя одежда, Светло-зелёный. Модель укороченного пальто из шерсти с кашемиром. Универсальная длина сочетается с брюками и юбками разных длин и силуэтов.Рекомендуем носить при температурахдо 0 градусов.","«Укороченное пальто из шерсти с кашемиром, светло-зелёное. Универсальная длина, подходит к разным брюкам и юбкам. Для температур до 0 °С.»"
112856_1.webp,"Тренч однобортный с подстежкой. Верхняя одежда. Коричневый. . Минималистичный тренч с подстёжкой — практичная модель для переменчивой погоды и многослойных образов. Лаконичный прямой силуэт и чистые линии делают тренч универсальной основой гардероба, а съёмная п",112856,Тренч однобортный с подстежкой,27890,Верхняя одежда,Коричневый,,"Минималистичный тренч с подстёжкой — практичная модель для переменчивой погоды и многослойных образов. Лаконичный прямой силуэт и чистые линии делают тренч универсальной основой гардероба, а съёмная подстёжка позволяет адаптировать изделие под разные сезоны. Модель комфортна в носке и продумана до деталей: аккуратный воротник, скрытая застёжка и удобные карманы создают ощущение сдержанной функциональности. Тренч легко вписывается в повседневные образы и подходит как для города, так и для путешествий.Рекомендуем носить при температурахдо +5 градусов.",https://daisyknit.ru/catalog/verkhnyaya_odezhda_1/trench_odnobortnyy_s_podstezhkoy/?sku=112856,"Тренч однобортный с подстежкой, Верхняя одежда, Коричневый. Минималистичный тренч с подстёжкой — практичная модель для переменчивой погоды и многослойных образов. Лаконичный прямой силуэт и чистые линии делают тренч универсальной основой гардероба, а съёмная подстёжка позволяет адаптировать изделие под разные сезоны. Модель комфортна в носке и продумана до деталей: аккуратный воротник, скрытая застёжка и удобные карманы создают ощущение сдержанной функциональности. Тренч легко вписывается в повседневные образы и подходит как для города, так и для путешествий.Рекомендуем носить при температурахдо +5 градусов.","«Однобортный тренч с подстёжкой, коричневый, прямой силуэт. Универсальная модель для города и путешествий, комфортная в носке.»"
101612_1.webp,"Пальто из шерсти с поясом. Верхняя одежда. Светло-жёлтый. . Изысканный силуэт, построенный на чистой линии и мягкой драпировке, подчеркивает утонченность вкуса и естественную женственность. Пояс формирует безупречный акцент на талии, позволяя менять настроение",101612,Пальто из шерсти с поясом,19445,Верхняя одежда,Светло-жёлтый,,"Изысканный силуэт, построенный на чистой линии и мягкой драпировке, подчеркивает утонченность вкуса и естественную женственность. Пояс формирует безупречный акцент на талии, позволяя менять настроение образа от расслабленного до подчеркнуто элегантного. Высококачественная шерсть дарит мягкое тепло и лёгкость, сохраняя изящность формы. Это пальто создано для тех, кто выбирает сдержанную роскошь и уверенность, выраженную в лаконичности.Рекомендуем носить при температурахдо +5 градусов.",https://daisyknit.ru/catalog/verkhnyaya_odezhda_1/palto_iz_shersti_s_poyasom/?sku=101612,"Пальто из шерсти с поясом, Верхняя одежда, Светло-жёлтый. Изысканный силуэт, построенный на чистой линии и мягкой драпировке, подчеркивает утонченность вкуса и естественную женственность. Пояс формирует безупречный акцент на талии, позволяя менять настроение образа от расслабленного до подчеркнуто элегантного. Высококачественная шерсть дарит мягкое тепло и лёгкость, сохраняя изящность формы. Это пальто создано для тех, кто выбирает сдержанную роскошь и уверенность, выраженную в лаконичности.Рекомендуем носить при температурахдо +5 градусов.",«Пальто из шерсти светло-жёлтого цвета с поясом. Изысканный силуэт с мягкой драпировкой и акцентом на талии. Создаёт расслабленно-элегантный образ. Носите при температуре до +5 градусов.»
108735_1.webp,Пальто укороченное из шерсти с кашемиром. Верхняя одежда. Светло-зелёный. . Модель укороченного пальто из шерсти с кашемиром. Универсальная длина сочетается с брюками и юбками разных длин и силуэтов.Рекомендуем носить при температурахдо 0 градусов.,108735,Пальто укороченное из шерсти с кашемиром,12945,Верхняя одежда,Светло-зелёный,,Модель укороченного пальто из шерсти с кашемиром. Универсальная длина сочетается с брюками и юбками разных длин и силуэтов.Рекомендуем носить при температурахдо 0 градусов.,https://daisyknit.ru/catalog/verkhnyaya_odezhda_1/palto_ukorochennoe_iz_shersti_s_kashemirom/?sku=108735,"Пальто укороченное из шерсти с кашемиром, Верхняя одежда, Светло-зелёный. Модель укороченного пальто из шерсти с кашемиром. Универсальная длина сочетается с брюками и юбками разных длин и силуэтов.Рекомендуем носить при температурахдо 0 градусов.","«Укороченное пальто из шерсти с кашемиром, светло-зелёное. Универсальная длина, подходит к разным брюкам и юбкам. Для температур до 0 °С.»"
88585_1.webp,Куртка стеганая колорблок. Верхняя одежда. Молочный. . Куртка стеганая оверсайз на подкладе. Эта модель получилась акцентной благодаря комбинированным по цвету материалам.Рекомендуем носить при температурахдо +5 градусов.,88585,Куртка стеганая колорблок,19890,Верхняя одежда,Молочный,,Куртка стеганая оверсайз на подкладе. Эта модель получилась акцентной благодаря комбинированным по цвету материалам.Рекомендуем носить при температурахдо +5 градусов.,https://daisyknit.ru/catalog/verkhnyaya_odezhda_1/kurtka_steganaya_kolorblok/?sku=88585,"Куртка стеганая колорблок, Верхняя одежда, Молочный. Куртка стеганая оверсайз на подкладе. Эта модель получилась акцентной благодаря комбинированным по цвету материалам.Рекомендуем носить при температурахдо +5 градусов.","«Стеганая куртка колорблок, оверсайз, на подкладе, молочная — для температур до +5 °С.»"
101611_1.webp,"Пальто из шерсти с поясом. Верхняя одежда. Светло-жёлтый. . Изысканный силуэт, построенный на чистой линии и мягкой драпировке, подчеркивает утонченность вкуса и естественную женственность. Пояс формирует безупречный акцент на талии, позволяя менять настроение",101611,Пальто из шерсти с поясом,38890,Верхняя одежда,Светло-жёлтый,,"Изысканный силуэт, построенный на чистой линии и мягкой драпировке, подчеркивает утонченность вкуса и естественную женственность. Пояс формирует безупречный акцент на талии, позволяя менять настроение образа от расслабленного до подчеркнуто элегантного. Высококачественная шерсть дарит мягкое тепло и лёгкость, сохраняя изящность формы. Это пальто создано для тех, кто выбирает сдержанную роскошь и уверенность, выраженную в лаконичности.Рекомендуем носить при температурахдо +5 градусов.",https://daisyknit.ru/catalog/verkhnyaya_odezhda_1/palto_iz_shersti_s_poyasom/?sku=101611,"Пальто из шерсти с поясом, Верхняя одежда, Светло-жёлтый. Изысканный силуэт, построенный на чистой линии и мягкой драпировке, подчеркивает утонченность вкуса и естественную женственность. Пояс формирует безупречный акцент на талии, позволяя менять настроение образа от расслабленного до подчеркнуто элегантного. Высококачественная шерсть дарит мягкое тепло и лёгкость, сохраняя изящность формы. Это пальто создано для тех, кто выбирает сдержанную роскошь и уверенность, выраженную в лаконичности.Рекомендуем носить при температурахдо +5 градусов.",«Пальто из шерсти светло-жёлтого цвета с поясом. Изысканный силуэт с мягкой драпировкой и акцентом на талии. Создаёт расслабленно-элегантный образ. Носите при температуре до +5 градусов.»
101609_1.webp,"Пальто-жакет из шерсти. Верхняя одежда. Оливковый. . Однобортное пальто из шерсти прямого силуэта, длиной чуть выше линии бедер. Классическая форма будет идеальной для тех, кто не готов расставаться с жакетом даже в прохладный сезон.Рекомендуем носить п",101609,Пальто-жакет из шерсти,20923,Верхняя одежда,Оливковый,,"Однобортное пальто из шерсти прямого силуэта, длиной чуть выше линии бедер. Классическая форма будет идеальной для тех, кто не готов расставаться с жакетом даже в прохладный сезон.Рекомендуем носить при температурахдо +5 градусов.",https://daisyknit.ru/catalog/verkhnyaya_odezhda_1/palto_zhaket_iz_shersti_1/?sku=101609,"Пальто-жакет из шерсти, Верхняя одежда, Оливковый. Однобортное пальто из шерсти прямого силуэта, длиной чуть выше линии бедер. Классическая форма будет идеальной для тех, кто не готов расставаться с жакетом даже в прохладный сезон.Рекомендуем носить при температурахдо +5 градусов.","«Пальто-жакет из шерсти, оливкового цвета, прямого силуэта. Классическая форма.»"
93098_1.webp,Пальто укороченное из шерсти с кашемиром. Верхняя одежда. Светло-зелёный. . Модель укороченного пальто из шерсти с кашемиром. Универсальная длина сочетается с брюками и юбками разных длин и силуэтов.Рекомендуем носить при температурахдо 0 градусов.,93098,Пальто укороченное из шерсти с кашемиром,12900,Верхняя одежда,Светло-зелёный,,Модель укороченного пальто из шерсти с кашемиром. Универсальная длина сочетается с брюками и юбками разных длин и силуэтов.Рекомендуем носить при температурахдо 0 градусов.,https://daisyknit.ru/catalog/verkhnyaya_odezhda_1/palto_ukorochennoe_iz_shersti_s_kashemirom/?sku=93098,"Пальто укороченное из шерсти с кашемиром, Верхняя одежда, Светло-зелёный. Модель укороченного пальто из шерсти с кашемиром. Универсальная длина сочетается с брюками и юбками разных длин и силуэтов.Рекомендуем носить при температурахдо 0 градусов.","«Укороченное пальто из шерсти с кашемиром, светло-зелёное. Универсальная длина, подходит к разным брюкам и юбкам. Для температур до 0 °С.»"
101615_1.webp,"Пальто средней длины  из шерсти. Верхняя одежда. Графитовый. . Пальто, которое становится основой гардероба.Средняя длина и безупречный силуэт подчеркивают фигуру, а натуральная шерсть обеспечивает комфорт и защиту в прохладную погоду. Минималистичный дизайн дела",101615,Пальто средней длины  из шерсти,27230,Верхняя одежда,Графитовый,,"Пальто, которое становится основой гардероба.Средняя длина и безупречный силуэт подчеркивают фигуру, а натуральная шерсть обеспечивает комфорт и защиту в прохладную погоду. Минималистичный дизайн делает модель актуальной на годы вперёд — она одинаково уместна и на деловой встрече, и в расслабленном городском образе. А спущенное плечо позволяет легко интегрировать в образ актуальную многослойность. Это не просто верхняя одежда, а инвестиция в стиль, который всегда выглядит дорого.Рекомендуем носить при температурахдо 0 градусов.",https://daisyknit.ru/catalog/verkhnyaya_odezhda_1/palto_sredney_dliny_iz_shersti/?sku=101615,"Пальто средней длины  из шерсти, Верхняя одежда, Графитовый. Пальто, которое становится основой гардероба.Средняя длина и безупречный силуэт подчеркивают фигуру, а натуральная шерсть обеспечивает комфорт и защиту в прохладную погоду. Минималистичный дизайн делает модель актуальной на годы вперёд — она одинаково уместна и на деловой встрече, и в расслабленном городском образе. А спущенное плечо позволяет легко интегрировать в образ актуальную многослойность. Это не просто верхняя одежда, а инвестиция в стиль, который всегда выглядит дорого.Рекомендуем носить при температурахдо 0 градусов.","«Пальто средней длины из шерсти, графитового цвета. Силуэт подчёркивает фигуру. Спущенное плечо позволяет создавать многослойные образы. Подходит для деловых встреч и расслабленных городских образов.»"
109599_1.webp,"Пуховик укороченный из жатой ткани. Верхняя одежда. Шоколадный. . Пуховик, который сразу выделяет вас из толпы.Лёгкий и тёплый благодаря натуральному пуху, он выглядит эффектно за счёт фактурной жатой ткани, а спущенное плечо позволяет легко сочетать его с любым объ",109599,Пуховик укороченный из жатой ткани,24423,Верхняя одежда,Шоколадный,,"Пуховик, который сразу выделяет вас из толпы.Лёгкий и тёплый благодаря натуральному пуху, он выглядит эффектно за счёт фактурной жатой ткани, а спущенное плечо позволяет легко сочетать его с любым объемным вторым слоем. Укороченный крой подчёркивает динамику города и легко вписывается в любой образ — от спортивного до элегантного, а утяжка по низу пуховика позволяет регулировать объем. Это акцентная модель, которая показывает ваш вкус и умение выбирать особенные вещи.Рекомендуем носить при температурахдо -5 градусов.",https://daisyknit.ru/catalog/verkhnyaya_odezhda_1/pukhovik_ukorochennyy_iz_zhatoy_tkani/?sku=109599,"Пуховик укороченный из жатой ткани, Верхняя одежда, Шоколадный. Пуховик, который сразу выделяет вас из толпы.Лёгкий и тёплый благодаря натуральному пуху, он выглядит эффектно за счёт фактурной жатой ткани, а спущенное плечо позволяет легко сочетать его с любым объемным вторым слоем. Укороченный крой подчёркивает динамику города и легко вписывается в любой образ — от спортивного до элегантного, а утяжка по низу пуховика позволяет регулировать объем. Это акцентная модель, которая показывает ваш вкус и умение выбирать особенные вещи.Рекомендуем носить при температурахдо -5 градусов.","«Укороченный пуховик из жатой ткани, шоколадный. Лёгкий и тёплый, спущенное плечо. Укороченный крой, утяжка по низу — для любого образа. Подходит до -5 °С.»"
111270_1.webp,"Пуховик укороченный с воротником-стойкой. Верхняя одежда. Коричневый. . Современная классика в лучшем исполнении.Укороченный пуховик с воротником-стойкой наполнен натуральным пухом, благодаря чему он остаётся лёгким, но надёжно защищает от холода. На ткань пуховика нанесл",111270,Пуховик укороченный с воротником-стойкой,29890,Верхняя одежда,Коричневый,,"Современная классика в лучшем исполнении.Укороченный пуховик с воротником-стойкой наполнен натуральным пухом, благодаря чему он остаётся лёгким, но надёжно защищает от холода. На ткань пуховика нанесли водоотталкивающую пропитку, изделие не промокнет, а капли от влаги не будут оставлять на нем пятен. Минималистичный крой подчёркивает фигуру и органично сочетается с любым стилем — от расслабленного повседневного до более утончённого. Эта модель — про комфорт, элегантность и уверенность в том, что вы сделали правильный выбор. Данная модель отлично подходит для поездок в машине.Рекомендуем носить при температурахдо -10 градусов.",https://daisyknit.ru/catalog/verkhnyaya_odezhda_1/pukhovik_ukorochennyy_s_vorotnikom_stoykoy_2/?sku=111270,"Пуховик укороченный с воротником-стойкой, Верхняя одежда, Коричневый. Современная классика в лучшем исполнении.Укороченный пуховик с воротником-стойкой наполнен натуральным пухом, благодаря чему он остаётся лёгким, но надёжно защищает от холода. На ткань пуховика нанесли водоотталкивающую пропитку, изделие не промокнет, а капли от влаги не будут оставлять на нем пятен. Минималистичный крой подчёркивает фигуру и органично сочетается с любым стилем — от расслабленного повседневного до более утончённого. Эта модель — про комфорт, элегантность и уверенность в том, что вы сделали правильный выбор. Данная модель отлично подходит для поездок в машине.Рекомендуем носить при температурахдо -10 градусов.","Укороченный пуховик с воротником-стойкой, коричневый, натуральный пух. Водоотталкивающая пропитка. Минималистичный крой, подходит для любого стиля. Комфортная и элегантная модель для поездок в машине, до -10 градусов."
111273_1.webp,"Пуховик укороченный с воротником-стойкой. Верхняя одежда. Коричневый. . Современная классика в лучшем исполнении.Укороченный пуховик с воротником-стойкой наполнен натуральным пухом, благодаря чему он остаётся лёгким, но надёжно защищает от холода. На ткань пуховика нанесл",111273,Пуховик укороченный с воротником-стойкой,36890,Верхняя одежда,Коричневый,,"Современная классика в лучшем исполнении.Укороченный пуховик с воротником-стойкой наполнен натуральным пухом, благодаря чему он остаётся лёгким, но надёжно защищает от холода. На ткань пуховика нанесли водоотталкивающую пропитку, изделие не промокнет, а капли от влаги не будут оставлять на нем пятен. Минималистичный крой подчёркивает фигуру и органично сочетается с любым стилем — от расслабленного повседневного до более утончённого. Эта модель — про комфорт, элегантность и уверенность в том, что вы сделали правильный выбор. Данная модель отлично подходит для поездок в машине.Рекомендуем носить при температурахдо -10 градусов.",https://daisyknit.ru/catalog/verkhnyaya_odezhda_1/pukhovik_ukorochennyy_s_vorotnikom_stoykoy_2/?sku=111273,"Пуховик укороченный с воротником-стойкой, Верхняя одежда, Коричневый. Современная классика в лучшем исполнении.Укороченный пуховик с воротником-стойкой наполнен натуральным пухом, благодаря чему он остаётся лёгким, но надёжно защищает от холода. На ткань пуховика нанесли водоотталкивающую пропитку, изделие не промокнет, а капли от влаги не будут оставлять на нем пятен. Минималистичный крой подчёркивает фигуру и органично сочетается с любым стилем — от расслабленного повседневного до более утончённого. Эта модель — про комфорт, элегантность и уверенность в том, что вы сделали правильный выбор. Данная модель отлично подходит для поездок в машине.Рекомендуем носить при температурахдо -10 градусов.","Укороченный пуховик с воротником-стойкой, коричневый, натуральный пух. Водоотталкивающая пропитка. Минималистичный крой, подходит для любого стиля. Комфортная и элегантная модель для поездок в машине, до -10 градусов."
103969_1.webp,"Куртка оверсайз из итальянского трикотажа. Верхняя одежда. Коричневый. . Куртка свободного кроя со спущенным рукавом. Рубашечный воротник и супатная застежка создают строгое настроение. Плотный трикотаж держит форму, позволяя комбинировать куртку с более мягкими тканями.Ре",103969,Куртка оверсайз из итальянского трикотажа,8945,Верхняя одежда,Коричневый,,"Куртка свободного кроя со спущенным рукавом. Рубашечный воротник и супатная застежка создают строгое настроение. Плотный трикотаж держит форму, позволяя комбинировать куртку с более мягкими тканями.Рекомендуем носить при температурахдо +10 градусов.",https://daisyknit.ru/catalog/verkhnyaya_odezhda_1/kurtka_oversayz_iz_italyanskogo_trikotazha/?sku=103969,"Куртка оверсайз из итальянского трикотажа, Верхняя одежда, Коричневый. Куртка свободного кроя со спущенным рукавом. Рубашечный воротник и супатная застежка создают строгое настроение. Плотный трикотаж держит форму, позволяя комбинировать куртку с более мягкими тканями.Рекомендуем носить при температурахдо +10 градусов.","«Куртка оверсайз из итальянского трикотажа, коричневого цвета, свободный крой, спущенный рукав. Рубашечный воротник, супатная застёжка. Плотный трикотаж держит форму.»"
115511_1.webp,"Кардиган с отложным воротником. Вязаный трикотаж. Зелёный. . Стильный кардиган из мягкого вязаного трикотажа с добавлением шерсти, идеальный элемент базового гардероба для любого сезона. Модель с отложным воротником и застёжкой на пуговицы создаёт аккуратный си",115511,Кардиган с отложным воротником,12890,Вязаный трикотаж,Зелёный,,"Стильный кардиган из мягкого вязаного трикотажа с добавлением шерсти, идеальный элемент базового гардероба для любого сезона. Модель с отложным воротником и застёжкой на пуговицы создаёт аккуратный силуэт, который легко комбинируется с джинсами, брюками и юбками.",https://daisyknit.ru/catalog/vyazanyy_trikotazh/kardigan_s_otlozhnym_vorotnikom/?sku=115511,"Кардиган с отложным воротником, Вязаный трикотаж, Зелёный. Стильный кардиган из мягкого вязаного трикотажа с добавлением шерсти, идеальный элемент базового гардероба для любого сезона. Модель с отложным воротником и застёжкой на пуговицы создаёт аккуратный силуэт, который легко комбинируется с джинсами, брюками и юбками.","«Кардиган с отложным воротником, вязаный, зелёный. Создаёт аккуратный силуэт, легко комбинируется с джинсами, брюками и юбками.»"
115509_1.webp,"Кардиган ажурной вязки c альпака. Вязаный трикотаж. Розовый. . Нежный кардиган из вязаного трикотажа с деликатной фактурой — акцентная модель, которая добавит настроения в образ. Завязки спереди придают лёгкости и романтичности, а полуприлегающий крой подчёркивае",115509,Кардиган ажурной вязки c альпака,6445,Вязаный трикотаж,Розовый,,"Нежный кардиган из вязаного трикотажа с деликатной фактурой — акцентная модель, которая добавит настроения в образ. Завязки спереди придают лёгкости и романтичности, а полуприлегающий крой подчёркивает силуэт.",https://daisyknit.ru/catalog/vyazanyy_trikotazh/kardigan_azhurnoy_vyazki_c_alpaka/?sku=115509,"Кардиган ажурной вязки c альпака, Вязаный трикотаж, Розовый. Нежный кардиган из вязаного трикотажа с деликатной фактурой — акцентная модель, которая добавит настроения в образ. Завязки спереди придают лёгкости и романтичности, а полуприлегающий крой подчёркивает силуэт.","«Ажурный розовый кардиган из альпака — акцентная модель с деликатной фактурой. Завязки спереди, полуприлегающий крой.»"
100717_1.webp,"Джемпер с коротким рукавом из легкого смесового хлопка. Свитеры и джемперы. Чёрный. . Тонкий джемпер оверсайз из хлопковой пряжи с коротким рукавом. Рукав реглан отлично корректирует ширину плеча, создавая стройный силуэт.",100717,Джемпер с коротким рукавом из легкого смесового хлопка,9890,Свитеры и джемперы,Чёрный,,"Тонкий джемпер оверсайз из хлопковой пряжи с коротким рукавом. Рукав реглан отлично корректирует ширину плеча, создавая стройный силуэт.",https://daisyknit.ru/catalog/svitery_i_dzhempery/dzhemper_s_korotkim_rukavom_iz_legkogo_smesovogo_khlopka/?sku=100717,"Джемпер с коротким рукавом из легкого смесового хлопка, Свитеры и джемперы, Чёрный. Тонкий джемпер оверсайз из хлопковой пряжи с коротким рукавом. Рукав реглан отлично корректирует ширину плеча, создавая стройный силуэт.","«Джемпер оверсайз из хлопка, короткий рукав реглан — корректирует плечи и создаёт стройный силуэт, чёрный.»"
109455_1.webp,Кардиган на завязках из фактурной пряжи с шерстью. Вязаный трикотаж. Коричневый. . Кардиган прямого силуэта с длинными расклешенными рукавами и застежками на завязки. Акцентная модель из теплого трикотажа с универсальной длиной до середины бедра.,109455,Кардиган на завязках из фактурной пряжи с шерстью,9723,Вязаный трикотаж,Коричневый,,Кардиган прямого силуэта с длинными расклешенными рукавами и застежками на завязки. Акцентная модель из теплого трикотажа с универсальной длиной до середины бедра.,https://daisyknit.ru/catalog/vyazanyy_trikotazh/kardigan_na_zavyazkakh_iz_fakturnoy_pryazhi_s_sherstyu/?sku=109455,"Кардиган на завязках из фактурной пряжи с шерстью, Вязаный трикотаж, Коричневый. Кардиган прямого силуэта с длинными расклешенными рукавами и застежками на завязки. Акцентная модель из теплого трикотажа с универсальной длиной до середины бедра.","«Кардиган на завязках из фактурной пряжи с шерстью, коричневый, прямого силуэта, с длинными расклёшенными рукавами — универсальная модель до середины бедра.»"
101674_1.webp,Поло с коротким рукавом изо льна. Вязаный трикотаж. Светло-жёлтый. . Любимое поло вернулось в новых оттенках. Короткий рукав и фактурная вязка гармонично сочетаются с изделиями из новой коллекции.,101674,Поло с коротким рукавом изо льна,4445,Вязаный трикотаж,Светло-жёлтый,,Любимое поло вернулось в новых оттенках. Короткий рукав и фактурная вязка гармонично сочетаются с изделиями из новой коллекции.,https://daisyknit.ru/catalog/vyazanyy_trikotazh/polo_s_korotkim_rukavom_izo_lna/?sku=101674,"Поло с коротким рукавом изо льна, Вязаный трикотаж, Светло-жёлтый. Любимое поло вернулось в новых оттенках. Короткий рукав и фактурная вязка гармонично сочетаются с изделиями из новой коллекции.","«Поло с коротким рукавом из льна, вязаный трикотаж, светло-жёлтый — фактурная вязка для новых образов.»"
109452_1.webp,Кардиган полупрозрачный из хлопка. Вязаный трикотаж. Молочный. . Кардиган из тонкого хлопка с круглой горловиной и застежкой на пуговицы. Актуальная форма и идеальная комбинаторика благодаря универсальному оттенку.,109452,Кардиган полупрозрачный из хлопка,8323,Вязаный трикотаж,Молочный,,Кардиган из тонкого хлопка с круглой горловиной и застежкой на пуговицы. Актуальная форма и идеальная комбинаторика благодаря универсальному оттенку.,https://daisyknit.ru/catalog/vyazanyy_trikotazh/kardigan_poluprozrachnyy_iz_khlopka/?sku=109452,"Кардиган полупрозрачный из хлопка, Вязаный трикотаж, Молочный. Кардиган из тонкого хлопка с круглой горловиной и застежкой на пуговицы. Актуальная форма и идеальная комбинаторика благодаря универсальному оттенку.","«Кардиган полупрозрачный, молочный, из тонкого хлопка. Круглая горловина, пуговицы. Универсальная форма.»"
105571_1.webp,Кардиган на завязках с вышивкой из хлопка. Вязаный трикотаж. Молочный. . Кардиган из мягкого хлопка с застежкой на завязках. Трогательный принт и молочный оттенок мгновенно создают нежный женственный образ.,105571,Кардиган на завязках с вышивкой из хлопка,14890,Вязаный трикотаж,Молочный,,Кардиган из мягкого хлопка с застежкой на завязках. Трогательный принт и молочный оттенок мгновенно создают нежный женственный образ.,https://daisyknit.ru/catalog/vyazanyy_trikotazh/kardigan_na_zavyazkakh_s_vyshivkoy_iz_khlopka/?sku=105571,"Кардиган на завязках с вышивкой из хлопка, Вязаный трикотаж, Молочный. Кардиган из мягкого хлопка с застежкой на завязках. Трогательный принт и молочный оттенок мгновенно создают нежный женственный образ.",«Кардиган на завязках из молочного хлопка с вышивкой — нежный женственный образ.»
105500_1.webp,"Кардиган из полупрозрачного трикотажа. Вязаный трикотаж. Голубой. . Легкий кардиган свободного кроя из полупрозрачной вискозы. Пуговицы из ракушки дополняют образ, делая его женственным и трогательным.",105500,Кардиган из полупрозрачного трикотажа,12370,Вязаный трикотаж,Голубой,,"Легкий кардиган свободного кроя из полупрозрачной вискозы. Пуговицы из ракушки дополняют образ, делая его женственным и трогательным.",https://daisyknit.ru/catalog/vyazanyy_trikotazh/kardigan_iz_poluprozrachnogo_trikotazha/?sku=105500,"Кардиган из полупрозрачного трикотажа, Вязаный трикотаж, Голубой. Легкий кардиган свободного кроя из полупрозрачной вискозы. Пуговицы из ракушки дополняют образ, делая его женственным и трогательным.","«Кардиган из полупрозрачной вискозы, голубой, свободного кроя. Пуговицы-ракушки — женственный образ.»"
89596_1.webp,Кардиган фактурный укороченный. Вязаный трикотаж. Чёрный. . Тонкий кардиган с круглой горловиной и застежкой на пуговицы. Кардиган выполнен из лиоцелла - пряжи аналогичной шелку по внешнему виду и хлопку по свойствам. Длинный рукав создает женственный образ.,89596,Кардиган фактурный укороченный,9023,Вязаный трикотаж,Чёрный,,Тонкий кардиган с круглой горловиной и застежкой на пуговицы. Кардиган выполнен из лиоцелла - пряжи аналогичной шелку по внешнему виду и хлопку по свойствам. Длинный рукав создает женственный образ.,https://daisyknit.ru/catalog/vyazanyy_trikotazh/kardigan_fakturnyy_ukorochennyy/?sku=89596,"Кардиган фактурный укороченный, Вязаный трикотаж, Чёрный. Тонкий кардиган с круглой горловиной и застежкой на пуговицы. Кардиган выполнен из лиоцелла - пряжи аналогичной шелку по внешнему виду и хлопку по свойствам. Длинный рукав создает женственный образ.","«Фактурный укороченный кардиган, вязаный, чёрный, с круглой горловиной и пуговицами. Из лиоцелла, длинный рукав — женственный образ.»"
115476_1.webp,"Джинсы широкие на кулиске. Джинсы и деним. Синий. . Эти джинсы созданы для комфорта, который ощущается с первой минуты. Свободный, актуальный силуэт, эластичный пояс на кулиске. В составе ткани есть лиоцелл — именно он отвечает за особую мягкость и при",115476,Джинсы широкие на кулиске,9512,Джинсы и деним,Синий,,"Эти джинсы созданы для комфорта, который ощущается с первой минуты. Свободный, актуальный силуэт, эластичный пояс на кулиске. В составе ткани есть лиоцелл — именно он отвечает за особую мягкость и приятные тактильные ощущения. Материал красиво драпируется, остаётся дышащим и комфортным даже при длительной носке. Джинсы одинаково уместны и в спокойных повседневных образах, и в более собранных сочетаниях. Это джинсы про свободу быть собой, про движение без ограничений и про стиль, который не спорит с комфортом, а становится его продолжением.",https://daisyknit.ru/catalog/dzhinsy_i_denim/dzhinsy_shirokie_na_kuliske_1/?sku=115476,"Джинсы широкие на кулиске, Джинсы и деним, Синий. Эти джинсы созданы для комфорта, который ощущается с первой минуты. Свободный, актуальный силуэт, эластичный пояс на кулиске. В составе ткани есть лиоцелл — именно он отвечает за особую мягкость и приятные тактильные ощущения. Материал красиво драпируется, остаётся дышащим и комфортным даже при длительной носке. Джинсы одинаково уместны и в спокойных повседневных образах, и в более собранных сочетаниях. Это джинсы про свободу быть собой, про движение без ограничений и про стиль, который не спорит с комфортом, а становится его продолжением.","«Широкие джинсы на кулиске, синие, комфортные. Свободный силуэт, эластичный пояс. Лиоцелл в составе делает их мягкими и приятными на ощупь. Материал красиво драпируется и остаётся комфортным.»"
115481_1.webp,"Джинсы-сигаретки. Джинсы и деним. Голубой. . Джинсы классической посадки снова набирают популярность. Силуэт «сигаретки» мягко подчёркивает фигуру, создавая вытянутую линию и ощущение собранности. Крой продуман так, чтобы модель легко вписывалис",115481,Джинсы-сигаретки,12890,Джинсы и деним,Голубой,,"Джинсы классической посадки снова набирают популярность. Силуэт «сигаретки» мягко подчёркивает фигуру, создавая вытянутую линию и ощущение собранности. Крой продуман так, чтобы модель легко вписывались в повседневный ритм — они не сковывают движения и выглядят аккуратно в любой ситуации. Эти джинсы станут той самой универсальной основой гардероба, к которой хочется возвращаться снова и снова.",https://daisyknit.ru/catalog/dzhinsy_i_denim/dzhinsy_sigaretki/?sku=115481,"Джинсы-сигаретки, Джинсы и деним, Голубой. Джинсы классической посадки снова набирают популярность. Силуэт «сигаретки» мягко подчёркивает фигуру, создавая вытянутую линию и ощущение собранности. Крой продуман так, чтобы модель легко вписывались в повседневный ритм — они не сковывают движения и выглядят аккуратно в любой ситуации. Эти джинсы станут той самой универсальной основой гардероба, к которой хочется возвращаться снова и снова.","«Джинсы-сигаретки, классической посадки, голубые. Силуэт подчёркивает фигуру, крой не сковывает движения.»"
115502_1.webp,"Джинсы Straight с тинтом. Джинсы и деним. Сине-зелёный. . Эффект окраса тинтом создаёт сложный, живой оттенок с зелёно-жёлтым подтоном, делает образ особенно выразительным, но при этом спокойным и благородным. Прямой крой формирует актуальный силуэт, удобная",115502,Джинсы Straight с тинтом,13890,Джинсы и деним,Сине-зелёный,,"Эффект окраса тинтом создаёт сложный, живой оттенок с зелёно-жёлтым подтоном, делает образ особенно выразительным, но при этом спокойным и благородным. Прямой крой формирует актуальный силуэт, удобная средняя посадка комфортно садится по фигуре и подходит для повседневной носки, оставаясь универсальной основой гардероба. Эта модель легко сочетается как с нейтральными оттенками, так и с более акцентными, добавляя образу характер и индивидуальность.",https://daisyknit.ru/catalog/dzhinsy_i_denim/dzhinsy_straight_s_tintom/?sku=115502,"Джинсы Straight с тинтом, Джинсы и деним, Сине-зелёный. Эффект окраса тинтом создаёт сложный, живой оттенок с зелёно-жёлтым подтоном, делает образ особенно выразительным, но при этом спокойным и благородным. Прямой крой формирует актуальный силуэт, удобная средняя посадка комфортно садится по фигуре и подходит для повседневной носки, оставаясь универсальной основой гардероба. Эта модель легко сочетается как с нейтральными оттенками, так и с более акцентными, добавляя образу характер и индивидуальность.","«Джинсы Straight с тинтом, сине-зелёные. Живой оттенок, прямой крой, удобная посадка — универсальная основа гардероба. Легко сочетаются с нейтральными и акцентными оттенками.»"
109648_1.webp,Джинсы широкие из фактурного денима. Джинсы и деним. Голубой. . Джинсы из 100% хлопка с высокой посадкой прямого силуэта. Данную модель легко сочетать с любимыми позициями вашего гардероба.,109648,Джинсы широкие из фактурного денима,13890,Джинсы и деним,Голубой,,Джинсы из 100% хлопка с высокой посадкой прямого силуэта. Данную модель легко сочетать с любимыми позициями вашего гардероба.,https://daisyknit.ru/catalog/dzhinsy_i_denim/dzhinsy_shirokie_iz_fakturnogo_denima/?sku=109648,"Джинсы широкие из фактурного денима, Джинсы и деним, Голубой. Джинсы из 100% хлопка с высокой посадкой прямого силуэта. Данную модель легко сочетать с любимыми позициями вашего гардероба.","«Широкие джинсы из голубого фактурного денима, 100% хлопок, высокая посадка — легко сочетаются с другими вещами.»"
105993_1.webp,Топ из легкого денима. Джинсы и деним. Синий. . Графичный топ из тонкого денима. Благодаря своей длине поможет эффектно выделить талию и при этом создать актуальный расслабленный комплект.,105993,Топ из легкого денима,7870,Джинсы и деним,Синий,,Графичный топ из тонкого денима. Благодаря своей длине поможет эффектно выделить талию и при этом создать актуальный расслабленный комплект.,https://daisyknit.ru/catalog/dzhinsy_i_denim/top_iz_legkogo_denima/?sku=105993,"Топ из легкого денима, Джинсы и деним, Синий. Графичный топ из тонкого денима. Благодаря своей длине поможет эффектно выделить талию и при этом создать актуальный расслабленный комплект.","«Лёгкий джинсовый топ синего цвета, графичный. Выделяет талию, создаёт расслабленный комплект.»"
89651_1.webp,Тренч джинсовый. Верхняя одежда. Голубой. . Тренч из джинсовой ткани прямого силуэта с поясом. Отложной воротник и втачной рукав с патой по низу отсылают к традиционной форме тренча. Швы и края отделаны строчкой контрастного цвета.Рекомендуем н,89651,Тренч джинсовый,15534,Верхняя одежда,Голубой,,Тренч из джинсовой ткани прямого силуэта с поясом. Отложной воротник и втачной рукав с патой по низу отсылают к традиционной форме тренча. Швы и края отделаны строчкой контрастного цвета.Рекомендуем носить при температурахдо +15 градусов.,https://daisyknit.ru/catalog/verkhnyaya_odezhda_1/trench_dzhinsovyy/?sku=89651,"Тренч джинсовый, Верхняя одежда, Голубой. Тренч из джинсовой ткани прямого силуэта с поясом. Отложной воротник и втачной рукав с патой по низу отсылают к традиционной форме тренча. Швы и края отделаны строчкой контрастного цвета.Рекомендуем носить при температурахдо +15 градусов.","«Джинсовый тренч прямого силуэта с поясом и отложным воротником, с втачным рукавом и патой. Швы отделаны контрастной строчкой. Подходит для температур до +15 °С.»"
104073_1.webp,"Джинсы прямые с цветочным принтом. Джинсы и деним. Темно-голубой. . Прямые джинсы полной длины с посадкой на талии. Классическое расположение карманов и деликатный цветочный принт, создающий настроение образа.",104073,Джинсы прямые с цветочным принтом,5640,Джинсы и деним,Темно-голубой,,"Прямые джинсы полной длины с посадкой на талии. Классическое расположение карманов и деликатный цветочный принт, создающий настроение образа.",https://daisyknit.ru/catalog/dzhinsy_i_denim/dzhinsy_pryamye_s_tsvetochnym_printom/?sku=104073,"Джинсы прямые с цветочным принтом, Джинсы и деним, Темно-голубой. Прямые джинсы полной длины с посадкой на талии. Классическое расположение карманов и деликатный цветочный принт, создающий настроение образа.","«Прямые джинсы полной длины с посадкой на талии и цветочным принтом, тёмно-голубые.»"
101660_1.webp,Джинсы прямые с потертостями. Джинсы и деним. Темно-голубой. . Модель денима прямая от бедра с посадкой на линии талии. Накладные карманы сзади.,101660,Джинсы прямые с потертостями,8960,Джинсы и деним,Темно-голубой,,Модель денима прямая от бедра с посадкой на линии талии. Накладные карманы сзади.,https://daisyknit.ru/catalog/dzhinsy_i_denim/dzhinsy_pryamye_s_potertostyami/?sku=101660,"Джинсы прямые с потертостями, Джинсы и деним, Темно-голубой. Модель денима прямая от бедра с посадкой на линии талии. Накладные карманы сзади.","«Прямые джинсы с потертостями, тёмно-голубые, посадка на талии, накладные карманы сзади.»"
102781_1.webp,"Джинсы Straight. Джинсы и деним. Серый. . Прямые джинсы со средней посадкой на талии. Классическое расположение карманов, полная длина.",102781,Джинсы Straight,12800,Джинсы и деним,Серый,,"Прямые джинсы со средней посадкой на талии. Классическое расположение карманов, полная длина.",https://daisyknit.ru/catalog/dzhinsy_i_denim/dzhinsy_straight/?sku=102781,"Джинсы Straight, Джинсы и деним, Серый. Прямые джинсы со средней посадкой на талии. Классическое расположение карманов, полная длина.","«Прямые джинсы Straight, серые, средняя посадка, полная длина.»"
102817_1.webp,Джинсы Tapered. Джинсы и деним. Глубокий синий. . Силуэт - зауженные книзу. Посадка по талии - Mid rise. Застежка на молнию и пуговицы. Карманы - передние прорезные и задние накладные. Длина - слегка укороченные.,102817,Джинсы Tapered,5900,Джинсы и деним,Глубокий синий,,Силуэт - зауженные книзу. Посадка по талии - Mid rise. Застежка на молнию и пуговицы. Карманы - передние прорезные и задние накладные. Длина - слегка укороченные.,https://daisyknit.ru/catalog/dzhinsy_i_denim/dzhinsy_tapered/?sku=102817,"Джинсы Tapered, Джинсы и деним, Глубокий синий. Силуэт - зауженные книзу. Посадка по талии - Mid rise. Застежка на молнию и пуговицы. Карманы - передние прорезные и задние накладные. Длина - слегка укороченные.","«Джинсы Tapered, зауженные книзу, с посадкой Mid rise. Синего цвета, с молнией и пуговицами, с прорезными и накладными карманами.»"
95962_1.webp,Джинсы прямые с заниженным шаговым швом. Джинсы и деним. Серо-голубой. . Актуальная модель денима с заниженной посадкой и расслабленным силуэтом. В сочетании с жакетом или свитером вы получите идеальный осенний комплект.,95962,Джинсы прямые с заниженным шаговым швом,12800,Джинсы и деним,Серо-голубой,,Актуальная модель денима с заниженной посадкой и расслабленным силуэтом. В сочетании с жакетом или свитером вы получите идеальный осенний комплект.,https://daisyknit.ru/catalog/dzhinsy_i_denim/dzhinsy_pryamye_s_zanizhennym_shagovym_shvom/?sku=95962,"Джинсы прямые с заниженным шаговым швом, Джинсы и деним, Серо-голубой. Актуальная модель денима с заниженной посадкой и расслабленным силуэтом. В сочетании с жакетом или свитером вы получите идеальный осенний комплект.","«Прямые джинсы с заниженным шаговым швом, серо-голубые, расслабленный силуэт — идеальны для осеннего комплекта с жакетом или свитером.»"
93659_1.webp,Джинсы прямого кроя со средней посадкой. Джинсы и деним. Голубой. . Джинсы прямого силуэта со средней посадкой и необычным выкрасом. Удлиненная модель с декоративными защипами по передней части.,93659,Джинсы прямого кроя со средней посадкой,12800,Джинсы и деним,Голубой,,Джинсы прямого силуэта со средней посадкой и необычным выкрасом. Удлиненная модель с декоративными защипами по передней части.,https://daisyknit.ru/catalog/dzhinsy_i_denim/dzhinsy_pryamogo_kroya_so_sredney_posadkoy/?sku=93659,"Джинсы прямого кроя со средней посадкой, Джинсы и деним, Голубой. Джинсы прямого силуэта со средней посадкой и необычным выкрасом. Удлиненная модель с декоративными защипами по передней части.","«Джинсы прямого кроя со средней посадкой и необычным выкрасом, удлинённые, с декоративными защипами — голубые.»"
105442_1.webp,Жакет однобортный из ткани со льном. Жакеты и жилеты. Коричневый. . Однобортный жакет полуприталенного кроя изо льна и вискозы. Благодаря яркому оттенку станет главным героем сочных деловых комплектов.,105442,Жакет однобортный из ткани со льном,21870,Жакеты и жилеты,Коричневый,,Однобортный жакет полуприталенного кроя изо льна и вискозы. Благодаря яркому оттенку станет главным героем сочных деловых комплектов.,https://daisyknit.ru/catalog/zhakety_i_zhilety/zhaket_odnobortnyy_iz_tkani_so_lnom/?sku=105442,"Жакет однобортный из ткани со льном, Жакеты и жилеты, Коричневый. Однобортный жакет полуприталенного кроя изо льна и вискозы. Благодаря яркому оттенку станет главным героем сочных деловых комплектов.","«Однобортный жакет полуприталенного кроя из льна и вискозы, коричневый — для деловых комплектов.»"
105448_1.webp,Жакет однобортный из ткани со льном. Жакеты и жилеты. Коричневый. . Однобортный жакет полуприталенного кроя изо льна и вискозы. Благодаря яркому оттенку станет главным героем сочных деловых комплектов.,105448,Жакет однобортный из ткани со льном,21870,Жакеты и жилеты,Коричневый,,Однобортный жакет полуприталенного кроя изо льна и вискозы. Благодаря яркому оттенку станет главным героем сочных деловых комплектов.,https://daisyknit.ru/catalog/zhakety_i_zhilety/zhaket_odnobortnyy_iz_tkani_so_lnom/?sku=105448,"Жакет однобортный из ткани со льном, Жакеты и жилеты, Коричневый. Однобортный жакет полуприталенного кроя изо льна и вискозы. Благодаря яркому оттенку станет главным героем сочных деловых комплектов.","«Однобортный жакет полуприталенного кроя из льна и вискозы, коричневый — для деловых комплектов.»"
105470_1.webp,Жакет однобортный изо льна. Жакеты и жилеты. Красный. . Однобортный жакет свободного кроя с накладными карманами. Идеальное решение для элегантного образа в жаркий день.,105470,Жакет однобортный изо льна,21800,Жакеты и жилеты,Красный,,Однобортный жакет свободного кроя с накладными карманами. Идеальное решение для элегантного образа в жаркий день.,https://daisyknit.ru/catalog/zhakety_i_zhilety/zhaket_odnobortnyy_izo_lna/?sku=105470,"Жакет однобортный изо льна, Жакеты и жилеты, Красный. Однобортный жакет свободного кроя с накладными карманами. Идеальное решение для элегантного образа в жаркий день.","«Однобортный льняной жакет свободного кроя, красный, с накладными карманами — для элегантного образа в жару.»"
105552_1.webp,"Жакет прямого силуэта без лацканов со льном. Жакеты и жилеты. Жемчужно-серый. . Минималистичный жакет без лацканов. Любимая модель для тех, кто не может представить даже свой вечерний образ без жакета. Жемчужный оттенок и лен в составе делают их идеальным решением для летних комп",105552,Жакет прямого силуэта без лацканов со льном,21800,Жакеты и жилеты,Жемчужно-серый,,"Минималистичный жакет без лацканов. Любимая модель для тех, кто не может представить даже свой вечерний образ без жакета. Жемчужный оттенок и лен в составе делают их идеальным решением для летних комплектов.",https://daisyknit.ru/catalog/zhakety_i_zhilety/zhaket_pryamogo_silueta_bez_latskanov_so_lnom/?sku=105552,"Жакет прямого силуэта без лацканов со льном, Жакеты и жилеты, Жемчужно-серый. Минималистичный жакет без лацканов. Любимая модель для тех, кто не может представить даже свой вечерний образ без жакета. Жемчужный оттенок и лен в составе делают их идеальным решением для летних комплектов.","«Прямой минималистичный жакет без лацканов, жемчужно-серый, изо льна — идеален для лета.»"
105476_1.webp,Жакет однобортный изо льна. Жакеты и жилеты. Красный. . Однобортный жакет свободного кроя с накладными карманами. Идеальное решение для элегантного образа в жаркий день.,105476,Жакет однобортный изо льна,21800,Жакеты и жилеты,Красный,,Однобортный жакет свободного кроя с накладными карманами. Идеальное решение для элегантного образа в жаркий день.,https://daisyknit.ru/catalog/zhakety_i_zhilety/zhaket_odnobortnyy_izo_lna/?sku=105476,"Жакет однобортный изо льна, Жакеты и жилеты, Красный. Однобортный жакет свободного кроя с накладными карманами. Идеальное решение для элегантного образа в жаркий день.","«Однобортный льняной жакет свободного кроя, красный, с накладными карманами — для элегантного образа в жару.»"
105609_1.webp,"Жакет с поясом из хлопка со льном. Жакеты и жилеты. Бежевый. . Жакет прямого силуэта из фактурной ткани со спущенной линией плеча. Регулировать объем жакета вы сможете узким поясом, создавая V-образный вырез.",105609,Жакет с поясом из хлопка со льном,19500,Жакеты и жилеты,Бежевый,,"Жакет прямого силуэта из фактурной ткани со спущенной линией плеча. Регулировать объем жакета вы сможете узким поясом, создавая V-образный вырез.",https://daisyknit.ru/catalog/zhakety_i_zhilety/zhaket_s_poyasom_iz_khlopka_so_lnom/?sku=105609,"Жакет с поясом из хлопка со льном, Жакеты и жилеты, Бежевый. Жакет прямого силуэта из фактурной ткани со спущенной линией плеча. Регулировать объем жакета вы сможете узким поясом, создавая V-образный вырез.","«Жакет прямого силуэта из фактурной ткани с поясом, бежевого цвета, со спущенной линией плеча — можно регулировать объём, создавая V-образный вырез.»"
117896_1.webp,"Жилет с акцентной застежкой. Жакеты и жилеты. Кофейный. . Лаконичные линии горловины и ряд обтянутых пуговиц вместо привычной застежки — детали, которые сразу выделяют вещь и превращают её в элемент, задающий тон образу. Жилет можно адаптировать к разным сти",117896,Жилет с акцентной застежкой,10890,Жакеты и жилеты,Кофейный,,"Лаконичные линии горловины и ряд обтянутых пуговиц вместо привычной застежки — детали, которые сразу выделяют вещь и превращают её в элемент, задающий тон образу. Жилет можно адаптировать к разным стилистикам - минималиситичной, ориентальной, повседневной, деловой или торжественной. Это та самая вещь, которая поддержит ваше настроение, будь то насыщенный рабочий день или неформальная встреча.",https://daisyknit.ru/catalog/zhakety_i_zhilety/zhilet_s_aktsentnoy_zastezhkoy/?sku=117896,"Жилет с акцентной застежкой, Жакеты и жилеты, Кофейный. Лаконичные линии горловины и ряд обтянутых пуговиц вместо привычной застежки — детали, которые сразу выделяют вещь и превращают её в элемент, задающий тон образу. Жилет можно адаптировать к разным стилистикам - минималиситичной, ориентальной, повседневной, деловой или торжественной. Это та самая вещь, которая поддержит ваше настроение, будь то насыщенный рабочий день или неформальная встреча.","«Жилет с акцентной застёжкой и рядом пуговиц, кофейный — подходит для разных стилей, поддерживает настроение.»"
117890_1.webp,"Жилет с акцентной застежкой. Жакеты и жилеты. Кофейный. . Лаконичные линии горловины и ряд обтянутых пуговиц вместо привычной застежки — детали, которые сразу выделяют вещь и превращают её в элемент, задающий тон образу. Жилет можно адаптировать к разным сти",117890,Жилет с акцентной застежкой,10890,Жакеты и жилеты,Кофейный,,"Лаконичные линии горловины и ряд обтянутых пуговиц вместо привычной застежки — детали, которые сразу выделяют вещь и превращают её в элемент, задающий тон образу. Жилет можно адаптировать к разным стилистикам - минималиситичной, ориентальной, повседневной, деловой или торжественной. Это та самая вещь, которая поддержит ваше настроение, будь то насыщенный рабочий день или неформальная встреча.",https://daisyknit.ru/catalog/zhakety_i_zhilety/zhilet_s_aktsentnoy_zastezhkoy/?sku=117890,"Жилет с акцентной застежкой, Жакеты и жилеты, Кофейный. Лаконичные линии горловины и ряд обтянутых пуговиц вместо привычной застежки — детали, которые сразу выделяют вещь и превращают её в элемент, задающий тон образу. Жилет можно адаптировать к разным стилистикам - минималиситичной, ориентальной, повседневной, деловой или торжественной. Это та самая вещь, которая поддержит ваше настроение, будь то насыщенный рабочий день или неформальная встреча.","«Жилет с акцентной застёжкой и рядом пуговиц, кофейный — подходит для разных стилей, поддерживает настроение.»"
91724_1.webp,"Жакет прямой без лацканов. Жакеты и жилеты. Серый. . Жакет с закругленными бортами имеет расширенную линию плеча и прямой силуэт, что придает ему современный вид. V-образная горловина застегивается на пуговицу и отлично сочетается с водолазками и лонгсл",91724,Жакет прямой без лацканов,19800,Жакеты и жилеты,Серый,,"Жакет с закругленными бортами имеет расширенную линию плеча и прямой силуэт, что придает ему современный вид. V-образная горловина застегивается на пуговицу и отлично сочетается с водолазками и лонгсливами.",https://daisyknit.ru/catalog/zhakety_i_zhilety/zhaket_pryamoy_bez_latskanov/?sku=91724,"Жакет прямой без лацканов, Жакеты и жилеты, Серый. Жакет с закругленными бортами имеет расширенную линию плеча и прямой силуэт, что придает ему современный вид. V-образная горловина застегивается на пуговицу и отлично сочетается с водолазками и лонгсливами.","«Прямой жакет без лацканов, с закруглёнными бортами и расширенной линией плеча, серый — современный вид, V-образная горловина.»"
115874_1.webp,"Жакет однобортный с акцентным воротником. Жакеты и жилеты. Жёлтый. . Чтобы сделать образ запоминающимся, иногда достаточно всего одной детали. Жакет с акцентным воротником станет ненавязчивым героем образа и выделит свою обладательницу. Материал и цвет также заслуживаю",115874,Жакет однобортный с акцентным воротником,21890,Жакеты и жилеты,Жёлтый,,"Чтобы сделать образ запоминающимся, иногда достаточно всего одной детали. Жакет с акцентным воротником станет ненавязчивым героем образа и выделит свою обладательницу. Материал и цвет также заслуживают внимания, жакет выполнен из необычной ткани с тенселом и шерстью, мягко отражает свет и выглядит роскошно в свежем желтом оттенке.",https://daisyknit.ru/catalog/zhakety_i_zhilety/zhaket_odnobortnyy_s_aktsentnym_vorotnikom/?sku=115874,"Жакет однобортный с акцентным воротником, Жакеты и жилеты, Жёлтый. Чтобы сделать образ запоминающимся, иногда достаточно всего одной детали. Жакет с акцентным воротником станет ненавязчивым героем образа и выделит свою обладательницу. Материал и цвет также заслуживают внимания, жакет выполнен из необычной ткани с тенселом и шерстью, мягко отражает свет и выглядит роскошно в свежем желтом оттенке.","«Однобортный жакет с акцентным воротником, жёлтый, из ткани с тенселом и шерстью — выглядит роскошно.»"
115870_1.webp,"Жакет однобортный с вышивкой. Жакеты и жилеты. Розовый. . Элегантный жакет с деликатной цветочной вышивкой — акцентная модель, в которой сдержанный крой сочетается с тонкими декоративными деталями. Минималистичный силуэт подчёркивает фигуру, а вышивка добавл",115870,Жакет однобортный с вышивкой,21890,Жакеты и жилеты,Розовый,,"Элегантный жакет с деликатной цветочной вышивкой — акцентная модель, в которой сдержанный крой сочетается с тонкими декоративными деталями. Минималистичный силуэт подчёркивает фигуру, а вышивка добавляет образу лёгкости и индивидуальности.",https://daisyknit.ru/catalog/zhakety_i_zhilety/zhaket_odnobortnyy_s_vyshivkoy/?sku=115870,"Жакет однобортный с вышивкой, Жакеты и жилеты, Розовый. Элегантный жакет с деликатной цветочной вышивкой — акцентная модель, в которой сдержанный крой сочетается с тонкими декоративными деталями. Минималистичный силуэт подчёркивает фигуру, а вышивка добавляет образу лёгкости и индивидуальности.","«Однобортный жакет с цветочной вышивкой, розовый, минималистичный силуэт — подчёркивает фигуру, вышивка добавляет лёгкости и индивидуальности.»"
115506_1.webp,"Жилет тонкий с пуговицами. Жакеты и жилеты. Жёлтый. . Тонкий вязаный жилет с множеством пуговиц из мягкого вязаного трикотажа. Материал приятен к телу, хорошо тянется и комфортно садится по фигуре, подчёркивая силуэт.",115506,Жилет тонкий с пуговицами,9890,Жакеты и жилеты,Жёлтый,,"Тонкий вязаный жилет с множеством пуговиц из мягкого вязаного трикотажа. Материал приятен к телу, хорошо тянется и комфортно садится по фигуре, подчёркивая силуэт.",https://daisyknit.ru/catalog/zhakety_i_zhilety/zhilet_tonkiy_s_pugovitsami/?sku=115506,"Жилет тонкий с пуговицами, Жакеты и жилеты, Жёлтый. Тонкий вязаный жилет с множеством пуговиц из мягкого вязаного трикотажа. Материал приятен к телу, хорошо тянется и комфортно садится по фигуре, подчёркивая силуэт.",«Тонкий жёлтый жилет с пуговицами из мягкого трикотажа — подчёркивает силуэт.»
114708_1.webp,"Жакет укороченный в винтажном стиле. Жакеты и жилеты. Шоколадный. . Укороченный жакет прямого силуэта выстраивает безупречные пропорции, мягко обозначая линию талии. Ряд пуговиц на ножке, будто старинные бусины, добавляет модели лёгкое винтажное звучание. Этот лаконич",114708,Жакет укороченный в винтажном стиле,13923,Жакеты и жилеты,Шоколадный,,"Укороченный жакет прямого силуэта выстраивает безупречные пропорции, мягко обозначая линию талии. Ряд пуговиц на ножке, будто старинные бусины, добавляет модели лёгкое винтажное звучание. Этот лаконичный крой, свободный от лишних деталей — секрет его универсальности. Он станет союзником, способным собрать самые разные образы.",https://daisyknit.ru/catalog/zhakety_i_zhilety/zhaket_ukorochennyy_v_vintazhnom_stile/?sku=114708,"Жакет укороченный в винтажном стиле, Жакеты и жилеты, Шоколадный. Укороченный жакет прямого силуэта выстраивает безупречные пропорции, мягко обозначая линию талии. Ряд пуговиц на ножке, будто старинные бусины, добавляет модели лёгкое винтажное звучание. Этот лаконичный крой, свободный от лишних деталей — секрет его универсальности. Он станет союзником, способным собрать самые разные образы.","«Укороченный жакет прямого силуэта в винтажном стиле, шоколадный. Пуговицы на ножке создают лёгкое винтажное звучание. Универсальный крой.»"
100222_1.webp,"Жакет оверсайз однобортный. Жакеты и жилеты. Песочный. . Однобортный жакет свободного кроя с расширенной линией плеча. Свободный крой и прямой силуэт создают актуальный образ. Завершить комплект можно брюками, джинсами или бермудами. Фантазируйте, чтобы под",100222,Жакет оверсайз однобортный,13923,Жакеты и жилеты,Песочный,,"Однобортный жакет свободного кроя с расширенной линией плеча. Свободный крой и прямой силуэт создают актуальный образ. Завершить комплект можно брюками, джинсами или бермудами. Фантазируйте, чтобы подобрать свой любимый образ.",https://daisyknit.ru/catalog/zhakety_i_zhilety/zhaket_oversayz_odnobortnyy_3/?sku=100222,"Жакет оверсайз однобортный, Жакеты и жилеты, Песочный. Однобортный жакет свободного кроя с расширенной линией плеча. Свободный крой и прямой силуэт создают актуальный образ. Завершить комплект можно брюками, джинсами или бермудами. Фантазируйте, чтобы подобрать свой любимый образ.","«Жакет оверсайз однобортный, песочный, свободный крой, расширенная линия плеча — создаёт актуальный образ. Подходит к брюкам, джинсам, бермудам.»"
84198_1.webp,"Жакет оверсайз однобортный. Жакеты и жилеты. Серо-голубой. . Однобортный жакет свободного кроя с расширенной линией плеча. Свободный крой и прямой силуэт создают актуальный образ. Завершить комплект можно брюками, джинсами или бермудами. Фантазируйте, чтобы под",84198,Жакет оверсайз однобортный,13650,Жакеты и жилеты,Серо-голубой,,"Однобортный жакет свободного кроя с расширенной линией плеча. Свободный крой и прямой силуэт создают актуальный образ. Завершить комплект можно брюками, джинсами или бермудами. Фантазируйте, чтобы подобрать свой любимый образ.",https://daisyknit.ru/catalog/zhakety_i_zhilety/zhaket_oversayz_odnobortnyy/?sku=84198,"Жакет оверсайз однобортный, Жакеты и жилеты, Серо-голубой. Однобортный жакет свободного кроя с расширенной линией плеча. Свободный крой и прямой силуэт создают актуальный образ. Завершить комплект можно брюками, джинсами или бермудами. Фантазируйте, чтобы подобрать свой любимый образ.","«Однобортный жакет оверсайз, серо-голубой, свободный крой, прямой силуэт — создаёт актуальный образ. Подходит к брюкам, джинсам, бермудам.»"
106163_1.webp,"Жакет однобортный прямого силуэта. Жакеты и жилеты. Бежевый. . Однобортный жакет с втачным рукавом. У этой модели жакета прямой силуэт и свободный крой. Чтобы вы могли создавать гармоничные образы, мы сделали эту модель с мягким английским воротником и скругленны",106163,Жакет однобортный прямого силуэта,16723,Жакеты и жилеты,Бежевый,,"Однобортный жакет с втачным рукавом. У этой модели жакета прямой силуэт и свободный крой. Чтобы вы могли создавать гармоничные образы, мы сделали эту модель с мягким английским воротником и скругленными бортами.",https://daisyknit.ru/catalog/zhakety_i_zhilety/zhaket_odnobortnyy_pryamogo_silueta_1/?sku=106163,"Жакет однобортный прямого силуэта, Жакеты и жилеты, Бежевый. Однобортный жакет с втачным рукавом. У этой модели жакета прямой силуэт и свободный крой. Чтобы вы могли создавать гармоничные образы, мы сделали эту модель с мягким английским воротником и скругленными бортами.","«Однобортный жакет прямого силуэта и свободного кроя, бежевый, с втачным рукавом и мягким английским воротником — для гармоничных образов.»"
110735_1.webp,Жакет двубортный приталенного кроя. Жакеты и жилеты. Хаки. . Приталенный двубортный жакет на подкладке. Расширенная линия плеча и акцентная талия создают строгий силуэт. Рельефная спинка делает образ классическим и женственным.,110735,Жакет двубортный приталенного кроя,10945,Жакеты и жилеты,Хаки,,Приталенный двубортный жакет на подкладке. Расширенная линия плеча и акцентная талия создают строгий силуэт. Рельефная спинка делает образ классическим и женственным.,https://daisyknit.ru/catalog/zhakety_i_zhilety/zhaket_dvubortnyy_pritalennogo_kroya/?sku=110735,"Жакет двубортный приталенного кроя, Жакеты и жилеты, Хаки. Приталенный двубортный жакет на подкладке. Расширенная линия плеча и акцентная талия создают строгий силуэт. Рельефная спинка делает образ классическим и женственным.","«Двубортный приталенный жакет, хаки. Расширенная линия плеча и акцентная талия, рельефная спинка — создаёт строгий женственный силуэт.»"
110785_1.webp,"Жакет однобортный на три пуговицы из премиальной итальянской шерсти. Жакеты и жилеты. Тёмно-синий. . Пример идеального жакета - наша модель с расширенной линией плеча. Прямой силуэт и три пуговицы создают актуальный образ, отсылая нас к классическим моделям жакетов. Завершить комплект можно брюками, ",110785,Жакет однобортный на три пуговицы из премиальной итальянской шерсти,29890,Жакеты и жилеты,Тёмно-синий,,"Пример идеального жакета - наша модель с расширенной линией плеча. Прямой силуэт и три пуговицы создают актуальный образ, отсылая нас к классическим моделям жакетов. Завершить комплект можно брюками, джинсами или строгой юбкой.Изделие входит в коллекциюPremium Fabric- лимитированная мини-капсула из премиальных и уникальных итальянских тканей.",https://daisyknit.ru/catalog/zhakety_i_zhilety/zhaket_odnobortnyy_na_tri_pugovitsy_iz_premialnoy_italyanskoy_shersti/?sku=110785,"Жакет однобортный на три пуговицы из премиальной итальянской шерсти, Жакеты и жилеты, Тёмно-синий. Пример идеального жакета - наша модель с расширенной линией плеча. Прямой силуэт и три пуговицы создают актуальный образ, отсылая нас к классическим моделям жакетов. Завершить комплект можно брюками, джинсами или строгой юбкой.Изделие входит в коллекциюPremium Fabric- лимитированная мини-капсула из премиальных и уникальных итальянских тканей.","«Однобортный жакет на трёх пуговицах из итальянской шерсти, тёмно-синий, с расширенной линией плеча. Прямой силуэт — для актуального образа. Подходит к брюкам, джинсам, юбкам.»"
109254_1.webp,Жакет прямого силуэта на три пуговицы. Жакеты и жилеты. Светло-зелёный. . Однобортный жакет полуприталенного силуэта с застежкой на три пуговицы. Новинка идеально дополнит деловой гардероб и добавит в образ элегантности.,109254,Жакет прямого силуэта на три пуговицы,9945,Жакеты и жилеты,Светло-зелёный,,Однобортный жакет полуприталенного силуэта с застежкой на три пуговицы. Новинка идеально дополнит деловой гардероб и добавит в образ элегантности.,https://daisyknit.ru/catalog/zhakety_i_zhilety/zhaket_pryamogo_silueta_na_tri_pugovitsy/?sku=109254,"Жакет прямого силуэта на три пуговицы, Жакеты и жилеты, Светло-зелёный. Однобортный жакет полуприталенного силуэта с застежкой на три пуговицы. Новинка идеально дополнит деловой гардероб и добавит в образ элегантности.","«Жакет прямого силуэта на три пуговицы, светло-зелёный, однобортный — добавит элегантности деловому образу.»"
109141_1.webp,"Жакет однобортный прямого силуэта. Жакеты и жилеты. Шоколадный. . Однобортный жакет с втачным рукавом. У этой модели жакета прямой силуэт и свободный крой. Чтобы вы могли создавать гармоничные образы, мы сделали эту модель с мягким английским воротником и скругленны",109141,Жакет однобортный прямого силуэта,12523,Жакеты и жилеты,Шоколадный,,"Однобортный жакет с втачным рукавом. У этой модели жакета прямой силуэт и свободный крой. Чтобы вы могли создавать гармоничные образы, мы сделали эту модель с мягким английским воротником и скругленными бортами.",https://daisyknit.ru/catalog/zhakety_i_zhilety/zhaket_odnobortnyy_pryamogo_silueta_2/?sku=109141,"Жакет однобортный прямого силуэта, Жакеты и жилеты, Шоколадный. Однобортный жакет с втачным рукавом. У этой модели жакета прямой силуэт и свободный крой. Чтобы вы могли создавать гармоничные образы, мы сделали эту модель с мягким английским воротником и скругленными бортами.","«Однобортный жакет прямого силуэта и свободного кроя с мягким английским воротником, скруглёнными бортами и втачным рукавом, шоколадный цвет.»"
109249_1.webp,Жакет прямого силуэта на три пуговицы. Жакеты и жилеты. Светло-зелёный. . Однобортный жакет полуприталенного силуэта с застежкой на три пуговицы. Новинка идеально дополнит деловой гардероб и добавит в образ элегантности.,109249,Жакет прямого силуэта на три пуговицы,13923,Жакеты и жилеты,Светло-зелёный,,Однобортный жакет полуприталенного силуэта с застежкой на три пуговицы. Новинка идеально дополнит деловой гардероб и добавит в образ элегантности.,https://daisyknit.ru/catalog/zhakety_i_zhilety/zhaket_pryamogo_silueta_na_tri_pugovitsy/?sku=109249,"Жакет прямого силуэта на три пуговицы, Жакеты и жилеты, Светло-зелёный. Однобортный жакет полуприталенного силуэта с застежкой на три пуговицы. Новинка идеально дополнит деловой гардероб и добавит в образ элегантности.","«Жакет прямого силуэта на три пуговицы, светло-зелёный, однобортный — добавит элегантности деловому образу.»"
108962_1.webp,Жакет двубортный оверсайз. Жакеты и жилеты. Коричневый. . Двубортный жакет свободного кроя на подкладе. Благодаря своей форме он добавит маскулинности в нежные женственные комплекты.,108962,Жакет двубортный оверсайз,9945,Жакеты и жилеты,Коричневый,,Двубортный жакет свободного кроя на подкладе. Благодаря своей форме он добавит маскулинности в нежные женственные комплекты.,https://daisyknit.ru/catalog/zhakety_i_zhilety/zhaket_dvubortnyy_oversayz/?sku=108962,"Жакет двубортный оверсайз, Жакеты и жилеты, Коричневый. Двубортный жакет свободного кроя на подкладе. Благодаря своей форме он добавит маскулинности в нежные женственные комплекты.","«Двубортный жакет оверсайз, коричневый, свободного кроя — добавит маскулинности в женственные комплекты.»"
104934_1.webp,"Жакет однобортный укороченный. Жакеты и жилеты. Серый. . Однобортный укороченный жакет с воротником-стойка станет центром делового комплекта. Необычная форма жакета отлично сочетается с брюками и юбками, создавая стильный образ для деловых встреч.",104934,Жакет однобортный укороченный,13923,Жакеты и жилеты,Серый,,"Однобортный укороченный жакет с воротником-стойка станет центром делового комплекта. Необычная форма жакета отлично сочетается с брюками и юбками, создавая стильный образ для деловых встреч.",https://daisyknit.ru/catalog/zhakety_i_zhilety/zhaket_odnobortnyy_ukorochennyy/?sku=104934,"Жакет однобортный укороченный, Жакеты и жилеты, Серый. Однобортный укороченный жакет с воротником-стойка станет центром делового комплекта. Необычная форма жакета отлично сочетается с брюками и юбками, создавая стильный образ для деловых встреч.","«Однобортный укороченный жакет с воротником-стойкой, серый — для деловых комплектов.»"
109161_1.webp,"Жакет укороченный с отложным воротником. Жакеты и жилеты. Шоколадный. . Укороченный жакет с круглой горловиной и отложным воротником. Новая модель позволит создавать строгие, но при этом трендовые комплекты с налетом ретро-эстетики.",109161,Жакет укороченный с отложным воротником,13923,Жакеты и жилеты,Шоколадный,,"Укороченный жакет с круглой горловиной и отложным воротником. Новая модель позволит создавать строгие, но при этом трендовые комплекты с налетом ретро-эстетики.",https://daisyknit.ru/catalog/zhakety_i_zhilety/zhaket_ukorochennyy_s_otlozhnym_vorotnikom/?sku=109161,"Жакет укороченный с отложным воротником, Жакеты и жилеты, Шоколадный. Укороченный жакет с круглой горловиной и отложным воротником. Новая модель позволит создавать строгие, но при этом трендовые комплекты с налетом ретро-эстетики.","«Укороченный жакет с отложным воротником и круглой горловиной, шоколадный — для создания строгих и трендовых комплектов с ретро-эстетикой.»"
109577_1.webp,Жакет прямого силуэта на три пуговицы из хлопка. Жакеты и жилеты. Сине-зелёный. . Однобортный жакет полуприталенного силуэта с застежкой на три пуговицы. Новинка идеально дополнит деловой гардероб и добавит в образ элегантности.,109577,Жакет прямого силуэта на три пуговицы из хлопка,13923,Жакеты и жилеты,Сине-зелёный,,Однобортный жакет полуприталенного силуэта с застежкой на три пуговицы. Новинка идеально дополнит деловой гардероб и добавит в образ элегантности.,https://daisyknit.ru/catalog/zhakety_i_zhilety/zhaket_pryamogo_silueta_na_tri_pugovitsy_iz_khlopka/?sku=109577,"Жакет прямого силуэта на три пуговицы из хлопка, Жакеты и жилеты, Сине-зелёный. Однобортный жакет полуприталенного силуэта с застежкой на три пуговицы. Новинка идеально дополнит деловой гардероб и добавит в образ элегантности.","«Жакет прямого силуэта на три пуговицы из хлопка, сине-зелёный — для делового стиля.»"
84631_1.webp,"Жакет однобортный свободного кроя. Жакеты и жилеты. Чёрный. . Пример идеального жакета - наша новая модель свободного кроя. Прямой силуэт и расширенная линия плеча создают актуальный образ, отсылая нас к классическим моделям жакетов. Завершить комплект можно брю",84631,Жакет однобортный свободного кроя,26800,Жакеты и жилеты,Чёрный,,"Пример идеального жакета - наша новая модель свободного кроя. Прямой силуэт и расширенная линия плеча создают актуальный образ, отсылая нас к классическим моделям жакетов. Завершить комплект можно брюками, джинсами или строгой юбкой.Изделие входит в коллекциюPremium Fabric- лимитированная мини-капсула из премиальных и уникальных итальянских тканей.",https://daisyknit.ru/catalog/zhakety_i_zhilety/zhaket_odnobortnyy_svobodnogo_kroya/?sku=84631,"Жакет однобортный свободного кроя, Жакеты и жилеты, Чёрный. Пример идеального жакета - наша новая модель свободного кроя. Прямой силуэт и расширенная линия плеча создают актуальный образ, отсылая нас к классическим моделям жакетов. Завершить комплект можно брюками, джинсами или строгой юбкой.Изделие входит в коллекциюPremium Fabric- лимитированная мини-капсула из премиальных и уникальных итальянских тканей.","Однобортный свободный жакет чёрного цвета, прямой силуэт, расширенная линия плеча. Подходит для создания актуальных образов с брюками, джинсами или юбкой. Коллекция Premium Fabric."
105503_1.webp,Жилет из хлопка с вышивкой. Жакеты и жилеты. Молочный. . Легкий летний жилет из ткани с вышивкой и застежками на завязках. Полуприлегающий силуэт подчеркнет вашу фигуру и позволит сочетать жилет с более объемным низом.,105503,Жилет из хлопка с вышивкой,9890,Жакеты и жилеты,Молочный,,Легкий летний жилет из ткани с вышивкой и застежками на завязках. Полуприлегающий силуэт подчеркнет вашу фигуру и позволит сочетать жилет с более объемным низом.,https://daisyknit.ru/catalog/zhakety_i_zhilety/zhilet_iz_khlopka_s_vyshivkoy/?sku=105503,"Жилет из хлопка с вышивкой, Жакеты и жилеты, Молочный. Легкий летний жилет из ткани с вышивкой и застежками на завязках. Полуприлегающий силуэт подчеркнет вашу фигуру и позволит сочетать жилет с более объемным низом.","«Жилет из хлопка с вышивкой, молочный, лёгкий, для лета. Подчёркивает фигуру, сочетается с объёмным низом.»"
100227_1.webp,"Жакет оверсайз однобортный. Жакеты и жилеты. Песочный. . Однобортный жакет свободного кроя с расширенной линией плеча. Свободный крой и прямой силуэт создают актуальный образ. Завершить комплект можно брюками, джинсами или бермудами. Фантазируйте, чтобы под",100227,Жакет оверсайз однобортный,19800,Жакеты и жилеты,Песочный,,"Однобортный жакет свободного кроя с расширенной линией плеча. Свободный крой и прямой силуэт создают актуальный образ. Завершить комплект можно брюками, джинсами или бермудами. Фантазируйте, чтобы подобрать свой любимый образ.",https://daisyknit.ru/catalog/zhakety_i_zhilety/zhaket_oversayz_odnobortnyy_3/?sku=100227,"Жакет оверсайз однобортный, Жакеты и жилеты, Песочный. Однобортный жакет свободного кроя с расширенной линией плеча. Свободный крой и прямой силуэт создают актуальный образ. Завершить комплект можно брюками, джинсами или бермудами. Фантазируйте, чтобы подобрать свой любимый образ.","«Жакет оверсайз однобортный, песочный, свободный крой, расширенная линия плеча — создаёт актуальный образ. Подходит к брюкам, джинсам, бермудам.»"
112572_1.webp,"Пальто-жакет из шерсти. Верхняя одежда. Оливковый. . Однобортное пальто из шерсти прямого силуэта, длиной чуть выше линии бедер. Классическая форма будет идеальной для тех, кто не готов расставаться с жакетом даже в прохладный сезон.Рекомендуем носить п",112572,Пальто-жакет из шерсти,20923,Верхняя одежда,Оливковый,,"Однобортное пальто из шерсти прямого силуэта, длиной чуть выше линии бедер. Классическая форма будет идеальной для тех, кто не готов расставаться с жакетом даже в прохладный сезон.Рекомендуем носить при температурахдо +5 градусов.",https://daisyknit.ru/catalog/verkhnyaya_odezhda_1/palto_zhaket_iz_shersti_1/?sku=112572,"Пальто-жакет из шерсти, Верхняя одежда, Оливковый. Однобортное пальто из шерсти прямого силуэта, длиной чуть выше линии бедер. Классическая форма будет идеальной для тех, кто не готов расставаться с жакетом даже в прохладный сезон.Рекомендуем носить при температурахдо +5 градусов.","«Пальто-жакет из шерсти, оливкового цвета, прямого силуэта. Классическая форма.»"
103973_1.webp,"Жакет однобортный оверсайз с акцентной застёжкой. Жакеты и жилеты. Мятный. . Жакет прямого силуэта с необычной застёжкой на 4 пуговицы. Мы расположили пуговицы близко между собой, чтобы вы создавали акцентный комплект с привычной, на первый взгляд, позицией гардероба.",103973,Жакет однобортный оверсайз с акцентной застёжкой,9935,Жакеты и жилеты,Мятный,,"Жакет прямого силуэта с необычной застёжкой на 4 пуговицы. Мы расположили пуговицы близко между собой, чтобы вы создавали акцентный комплект с привычной, на первый взгляд, позицией гардероба.",https://daisyknit.ru/catalog/zhakety_i_zhilety/zhaket_odnobortnyy_oversayz_s_aktsentnoy_zastyezhkoy/?sku=103973,"Жакет однобортный оверсайз с акцентной застёжкой, Жакеты и жилеты, Мятный. Жакет прямого силуэта с необычной застёжкой на 4 пуговицы. Мы расположили пуговицы близко между собой, чтобы вы создавали акцентный комплект с привычной, на первый взгляд, позицией гардероба.","«Однобортный жакет оверсайз с акцентной застёжкой на 4 пуговицы, мятного цвета, прямого силуэта.»"
100138_1.webp,"Жакет двубортный прямого силуэта. Жакеты и жилеты. Графитовый. . Строгий жакет прямого силуэта станет любимой моделью, если вы не представляете свой образ без деловой детали. Это модель умеренного объема будет гармонично сочетаться с широкими брюками и длинными юбк",100138,Жакет двубортный прямого силуэта,19890,Жакеты и жилеты,Графитовый,,"Строгий жакет прямого силуэта станет любимой моделью, если вы не представляете свой образ без деловой детали. Это модель умеренного объема будет гармонично сочетаться с широкими брюками и длинными юбками.",https://daisyknit.ru/catalog/zhakety_i_zhilety/zhaket_dvubortnyy_pryamogo_silueta_1/?sku=100138,"Жакет двубортный прямого силуэта, Жакеты и жилеты, Графитовый. Строгий жакет прямого силуэта станет любимой моделью, если вы не представляете свой образ без деловой детали. Это модель умеренного объема будет гармонично сочетаться с широкими брюками и длинными юбками.","«Двубортный жакет прямого силуэта, графитовый, умеренного объёма — гармонично сочетается с широкими брюками и длинными юбками.»"
105464_1.webp,"Бомбер из фактурного хлопка. Верхняя одежда. Сливочный. . Бомбер свободного кроя из мягкого хлопка. Фактурный материал станет необычной деталью образа, который захочется рассматривать.",105464,Бомбер из фактурного хлопка,22100,Верхняя одежда,Сливочный,,"Бомбер свободного кроя из мягкого хлопка. Фактурный материал станет необычной деталью образа, который захочется рассматривать.",https://daisyknit.ru/catalog/verkhnyaya_odezhda_1/bomber_iz_fakturnogo_khlopka/?sku=105464,"Бомбер из фактурного хлопка, Верхняя одежда, Сливочный. Бомбер свободного кроя из мягкого хлопка. Фактурный материал станет необычной деталью образа, который захочется рассматривать.","Бомбер из фактурного хлопка, свободного кроя, сливочного цвета."
100962_1.webp,"Жакет однобортный прямого силуэта. Жакеты и жилеты. Бежевый. . Однобортный жакет с втачным рукавом. У этой модели жакета прямой силуэт и свободный крой. Чтобы вы могли создавать гармоничные образы, мы сделали эту модель с мягким английским воротником и скругленны",100962,Жакет однобортный прямого силуэта,18890,Жакеты и жилеты,Бежевый,,"Однобортный жакет с втачным рукавом. У этой модели жакета прямой силуэт и свободный крой. Чтобы вы могли создавать гармоничные образы, мы сделали эту модель с мягким английским воротником и скругленными бортами.",https://daisyknit.ru/catalog/zhakety_i_zhilety/zhaket_odnobortnyy_pryamogo_silueta_1/?sku=100962,"Жакет однобортный прямого силуэта, Жакеты и жилеты, Бежевый. Однобортный жакет с втачным рукавом. У этой модели жакета прямой силуэт и свободный крой. Чтобы вы могли создавать гармоничные образы, мы сделали эту модель с мягким английским воротником и скругленными бортами.","«Однобортный жакет прямого силуэта и свободного кроя, бежевый, с втачным рукавом и мягким английским воротником — для гармоничных образов.»"
100878_1.webp,"Жакет оверсайз однобортный. Жакеты и жилеты. Терракотовый. . Однобортный жакет свободного кроя с расширенной линией плеча. Свободный крой и прямой силуэт создают актуальный образ. Завершить комплект можно брюками, джинсами или бермудами. Фантазируйте, чтобы под",100878,Жакет оверсайз однобортный,13923,Жакеты и жилеты,Терракотовый,,"Однобортный жакет свободного кроя с расширенной линией плеча. Свободный крой и прямой силуэт создают актуальный образ. Завершить комплект можно брюками, джинсами или бермудами. Фантазируйте, чтобы подобрать свой любимый образ.",https://daisyknit.ru/catalog/zhakety_i_zhilety/zhaket_oversayz_odnobortnyy_4/?sku=100878,"Жакет оверсайз однобортный, Жакеты и жилеты, Терракотовый. Однобортный жакет свободного кроя с расширенной линией плеча. Свободный крой и прямой силуэт создают актуальный образ. Завершить комплект можно брюками, джинсами или бермудами. Фантазируйте, чтобы подобрать свой любимый образ.","«Однобортный жакет оверсайз с расширенной линией плеча, терракотовый, свободного кроя и прямого силуэта — создаёт актуальный образ. Подходит к брюкам, джинсам, бермудам.»"
114743_1.webp,"Бомбер из костюмной ткани. Жакеты и жилеты. Светло-серый. . Модель с отложным воротником и застёжкой на пуговицы создаёт аккуратный и собранный образ. Карманы добавляют функциональности, а мягкая сборка по низу формирует характерный для бомбера объём, сохраняя",114743,Бомбер из костюмной ткани,21890,Жакеты и жилеты,Светло-серый,,"Модель с отложным воротником и застёжкой на пуговицы создаёт аккуратный и собранный образ. Карманы добавляют функциональности, а мягкая сборка по низу формирует характерный для бомбера объём, сохраняя чистоту линии. Бомбер легко вписывается в повседневные и более строгие образы, хорошо сочетается с брюками, но интереснее будет смотреться с юбками и платьями.",https://daisyknit.ru/catalog/zhakety_i_zhilety/bomber_iz_kostyumnoy_tkani_1/?sku=114743,"Бомбер из костюмной ткани, Жакеты и жилеты, Светло-серый. Модель с отложным воротником и застёжкой на пуговицы создаёт аккуратный и собранный образ. Карманы добавляют функциональности, а мягкая сборка по низу формирует характерный для бомбера объём, сохраняя чистоту линии. Бомбер легко вписывается в повседневные и более строгие образы, хорошо сочетается с брюками, но интереснее будет смотреться с юбками и платьями.","«Бомбер из костюмной ткани, светло-серый. Аккуратный образ с отложным воротником и пуговицами. Карманы, мягкая сборка по низу. Подходит для повседневных и строгих образов, хорошо сочетается с брюками, юбками и платьями.»"
100968_1.webp,Жакет с акцентированной талией. Жакеты и жилеты. Бежевый. . Приталенный жакет без лацканов создает точеный женственный силуэт. Углубленная горловина позволяет сочетать жакет со строгими рубашками и летящими блузами.,100968,Жакет с акцентированной талией,18890,Жакеты и жилеты,Бежевый,,Приталенный жакет без лацканов создает точеный женственный силуэт. Углубленная горловина позволяет сочетать жакет со строгими рубашками и летящими блузами.,https://daisyknit.ru/catalog/zhakety_i_zhilety/zhaket_s_aktsentirovannoy_taliey/?sku=100968,"Жакет с акцентированной талией, Жакеты и жилеты, Бежевый. Приталенный жакет без лацканов создает точеный женственный силуэт. Углубленная горловина позволяет сочетать жакет со строгими рубашками и летящими блузами.",«Приталенный бежевый жакет без лацканов с акцентированной талией — создаёт женственный силуэт. Углублённая горловина.»
81840_1.webp,"Жакет оверсайз однобортный. Жакеты и жилеты. Серо-голубой. . Однобортный жакет свободного кроя с расширенной линией плеча. Свободный крой и прямой силуэт создают актуальный образ. Завершить комплект можно брюками, джинсами или бермудами. Фантазируйте, чтобы под",81840,Жакет оверсайз однобортный,17800,Жакеты и жилеты,Серо-голубой,,"Однобортный жакет свободного кроя с расширенной линией плеча. Свободный крой и прямой силуэт создают актуальный образ. Завершить комплект можно брюками, джинсами или бермудами. Фантазируйте, чтобы подобрать свой любимый образ.",https://daisyknit.ru/catalog/zhakety_i_zhilety/zhaket_oversayz_odnobortnyy/?sku=81840,"Жакет оверсайз однобортный, Жакеты и жилеты, Серо-голубой. Однобортный жакет свободного кроя с расширенной линией плеча. Свободный крой и прямой силуэт создают актуальный образ. Завершить комплект можно брюками, джинсами или бермудами. Фантазируйте, чтобы подобрать свой любимый образ.","«Однобортный жакет оверсайз, серо-голубой, свободный крой, прямой силуэт — создаёт актуальный образ. Подходит к брюкам, джинсам, бермудам.»"
95787_1.webp,"Жакет однобортный из премиальной итальянской шерсти. Жакеты и жилеты. Шоколадный. . Трендовая модель однобортного жакета из премиальной шерсти. Усиленной плечо создает маскулинный образ, а крой жакета позволит сочетать его как с объемными, так и с прилегающими вещами.Изделие входит в",95787,Жакет однобортный из премиальной итальянской шерсти,26800,Жакеты и жилеты,Шоколадный,,"Трендовая модель однобортного жакета из премиальной шерсти. Усиленной плечо создает маскулинный образ, а крой жакета позволит сочетать его как с объемными, так и с прилегающими вещами.Изделие входит в коллекциюPremium Fabric- лимитированная мини-капсула из премиальных и уникальных итальянских тканей.",https://daisyknit.ru/catalog/zhakety_i_zhilety/zhaket_odnobortnyy_iz_premialnoy_italyanskoy_shersti/?sku=95787,"Жакет однобортный из премиальной итальянской шерсти, Жакеты и жилеты, Шоколадный. Трендовая модель однобортного жакета из премиальной шерсти. Усиленной плечо создает маскулинный образ, а крой жакета позволит сочетать его как с объемными, так и с прилегающими вещами.Изделие входит в коллекциюPremium Fabric- лимитированная мини-капсула из премиальных и уникальных итальянских тканей.","«Однобортный жакет из итальянской шерсти, шоколадный. Усиленное плечо, подходит для сочетания с разными вещами.»"
88609_1.webp,Жилет фактурный из смесового хлопка. Вязаный трикотаж. Песочный. . Жилет из фактурной пряжи с V-образной горловиной поможет разнообразить привычные офисные комплекты и сделать образ многослойным и уютным.,88609,Жилет фактурный из смесового хлопка,12300,Вязаный трикотаж,Песочный,,Жилет из фактурной пряжи с V-образной горловиной поможет разнообразить привычные офисные комплекты и сделать образ многослойным и уютным.,https://daisyknit.ru/catalog/vyazanyy_trikotazh/zhilet_fakturnyy_iz_smesovogo_khlopka/?sku=88609,"Жилет фактурный из смесового хлопка, Вязаный трикотаж, Песочный. Жилет из фактурной пряжи с V-образной горловиной поможет разнообразить привычные офисные комплекты и сделать образ многослойным и уютным.","«Жилет фактурный, из смесового хлопка, с V-образной горловиной — добавит уюта в офисные комплекты.»"
88321_1.webp,"Бомбер на молнии из итальянского трикотажа. Жакеты и жилеты. Тауп. . Бомбер из трикотажа с рисунком елочка отлично сочетается с костюмной группой в светлых тонах. Благодаря укороченной длине, его легко комбинировать с юбками и брюками с завышенной талией.Модель выполне",88321,Бомбер на молнии из итальянского трикотажа,17300,Жакеты и жилеты,Тауп,,"Бомбер из трикотажа с рисунком елочка отлично сочетается с костюмной группой в светлых тонах. Благодаря укороченной длине, его легко комбинировать с юбками и брюками с завышенной талией.Модель выполнена из итальянской ткани Punto Milano. Любимый трикотаж среди наших клиенток ♥ В его составе - 67% вискозы. Благодаря плетению средней плотности материал не деформируется в процессе носки, не скатывается и держит форму. Преимущественно натуральный состав ткани делает её приятной к телу и позволяет коже “дышать”, поэтому изделия из трикотажа Punto Milano можно носить в любое время года.",https://daisyknit.ru/catalog/zhakety_i_zhilety/bomber_na_molnii_iz_italyanskogo_trikotazha_/?sku=88321,"Бомбер на молнии из итальянского трикотажа, Жакеты и жилеты, Тауп. Бомбер из трикотажа с рисунком елочка отлично сочетается с костюмной группой в светлых тонах. Благодаря укороченной длине, его легко комбинировать с юбками и брюками с завышенной талией.Модель выполнена из итальянской ткани Punto Milano. Любимый трикотаж среди наших клиенток ♥ В его составе - 67% вискозы. Благодаря плетению средней плотности материал не деформируется в процессе носки, не скатывается и держит форму. Преимущественно натуральный состав ткани делает её приятной к телу и позволяет коже “дышать”, поэтому изделия из трикотажа Punto Milano можно носить в любое время года.",Бомбер на молнии из итальянского трикотажа тауп с рисунком ёлочка. Укороченная модель легко сочетается с юбками и брюками с завышенной талией.
103914_1.webp,Жакет оверсайз однобортный из шерсти. Жакеты и жилеты. Серый. . Однобортный жакет свободного кроя из шерсти. Эта модель смело заменит вам верхнюю одежду на весну и станет верным спутником в офисе в прохладные дни.,103914,Жакет оверсайз однобортный из шерсти,25700,Жакеты и жилеты,Серый,,Однобортный жакет свободного кроя из шерсти. Эта модель смело заменит вам верхнюю одежду на весну и станет верным спутником в офисе в прохладные дни.,https://daisyknit.ru/catalog/zhakety_i_zhilety/zhaket_oversayz_odnobortnyy_iz_shersti/?sku=103914,"Жакет оверсайз однобортный из шерсти, Жакеты и жилеты, Серый. Однобортный жакет свободного кроя из шерсти. Эта модель смело заменит вам верхнюю одежду на весну и станет верным спутником в офисе в прохладные дни.","«Однобортный жакет оверсайз из шерсти, серого цвета, свободного кроя — для весны и офиса.»"
79592_1.webp,"Бомбер с накладными карманами. Жакеты и жилеты. Серый. . Чтобы не выбирать между бомбером и курткой-рубашкой, мы создали нашу новую модель. Рубашечный крой и спущенный рукав позволит надеть вниз объемный джемпер или худи.",79592,Бомбер с накладными карманами,11830,Жакеты и жилеты,Серый,,"Чтобы не выбирать между бомбером и курткой-рубашкой, мы создали нашу новую модель. Рубашечный крой и спущенный рукав позволит надеть вниз объемный джемпер или худи.",https://daisyknit.ru/catalog/zhakety_i_zhilety/bomber_s_nakladnymi_karmanami/?sku=79592,"Бомбер с накладными карманами, Жакеты и жилеты, Серый. Чтобы не выбирать между бомбером и курткой-рубашкой, мы создали нашу новую модель. Рубашечный крой и спущенный рукав позволит надеть вниз объемный джемпер или худи.","«Бомбер с накладными карманами и рубашечным кроем, спущенный рукав — для объёмного джемпера или худи. Серый цвет.»"
115553_1.webp,"Рубашка с вышивкой из хлопка. Рубашки и блузы. Белый. . Небольшая вышивка и плавная линия фигурного воротника и манжетов создают деликатные акценты. Прямой крой мягко ложится по фигуре, сохраняя свободу движения. Эта рубашка легко внесет нотку романтики в ",115553,Рубашка с вышивкой из хлопка,11890,Рубашки и блузы,Белый,,"Небольшая вышивка и плавная линия фигурного воротника и манжетов создают деликатные акценты. Прямой крой мягко ложится по фигуре, сохраняя свободу движения. Эта рубашка легко внесет нотку романтики в комплекты и настроение в весенний гардероб.",https://daisyknit.ru/catalog/rubashki_i_bluzy/rubashka_s_vyshivkoy_iz_khlopka/?sku=115553,"Рубашка с вышивкой из хлопка, Рубашки и блузы, Белый. Небольшая вышивка и плавная линия фигурного воротника и манжетов создают деликатные акценты. Прямой крой мягко ложится по фигуре, сохраняя свободу движения. Эта рубашка легко внесет нотку романтики в комплекты и настроение в весенний гардероб.","«Рубашка с вышивкой из хлопка, белая. Вышивка и фигурный воротник создают деликатные акценты. Прямой крой — для свободы движений.»"
118125_1.webp,"Балетки плетеные. Обувь. Красный. . Плетёные балетки в насыщенном красном оттенке — актуальный акцент летнего сезона. Сетчатое плетение дарит ощущение свободы и легкости, что идеально для жарких дней. Мягкая подошва обеспечивает комфорт",118125,Балетки плетеные,15890,Обувь,Красный,,"Плетёные балетки в насыщенном красном оттенке — актуальный акцент летнего сезона. Сетчатое плетение дарит ощущение свободы и легкости, что идеально для жарких дней. Мягкая подошва обеспечивает комфорт при ходьбе, а лёгкая конструкция позволяет балеткам практически не ощущаться на ноге. Яркий оттенок цвет освежит образ и отлично сработает с базовой одеждой или летними платьями, делая любую комбинацию выразительной.",https://daisyknit.ru/catalog/obuv_2/baletki_pletenye/?sku=118125,"Балетки плетеные, Обувь, Красный. Плетёные балетки в насыщенном красном оттенке — актуальный акцент летнего сезона. Сетчатое плетение дарит ощущение свободы и легкости, что идеально для жарких дней. Мягкая подошва обеспечивает комфорт при ходьбе, а лёгкая конструкция позволяет балеткам практически не ощущаться на ноге. Яркий оттенок цвет освежит образ и отлично сработает с базовой одеждой или летними платьями, делая любую комбинацию выразительной.","Плетёные балетки красного цвета — яркий акцент лета. Сетчатое плетение, мягкая подошва и лёгкая конструкция обеспечивают комфорт. Подойдут к базовой одежде и летним платьям."
105307_1.webp,Босоножки на плоском ходу из кожи. Обувь. Коричневый. . Минималистичные босоножки на плоском ходу из кожи завершат летний образ и подарят комфорт во время долгих прогулок теплыми вечерами.,105307,Босоножки на плоском ходу из кожи,15890,Обувь,Коричневый,,Минималистичные босоножки на плоском ходу из кожи завершат летний образ и подарят комфорт во время долгих прогулок теплыми вечерами.,https://daisyknit.ru/catalog/obuv_2/bosonozhki_na_ploskom_khodu_iz_kozhi/?sku=105307,"Босоножки на плоском ходу из кожи, Обувь, Коричневый. Минималистичные босоножки на плоском ходу из кожи завершат летний образ и подарят комфорт во время долгих прогулок теплыми вечерами.","«Минималистичные босоножки на плоском ходу из кожи, коричневые — для комфорта и завершённости летнего образа.»"
105930_1.webp,"Сандалии с тонкими ремешками из кожи. Обувь. Оливковый. . Сандали с тонкими ремешками, на мягком основании подошвы, в красивом оливковом цвете. Отлично сочетается с цветами летней коллекции.",105930,Сандалии с тонкими ремешками из кожи,13890,Обувь,Оливковый,,"Сандали с тонкими ремешками, на мягком основании подошвы, в красивом оливковом цвете. Отлично сочетается с цветами летней коллекции.",https://daisyknit.ru/catalog/obuv_2/sandalii_s_tonkimi_remeshkami_iz_kozhi/?sku=105930,"Сандалии с тонкими ремешками из кожи, Обувь, Оливковый. Сандали с тонкими ремешками, на мягком основании подошвы, в красивом оливковом цвете. Отлично сочетается с цветами летней коллекции.","«Сандалии с тонкими кожаными ремешками, на мягкой подошве, оливкового цвета — сочетаются с летней одеждой.»"
105574_1.webp,"Мюли из кожи. Обувь. Чёрный. . Удобные мюли на каждый день, в классической черной натуральной коже.",105574,Мюли из кожи,15890,Обувь,Чёрный,,"Удобные мюли на каждый день, в классической черной натуральной коже.",https://daisyknit.ru/catalog/obuv_2/myuli_iz_kozhi/?sku=105574,"Мюли из кожи, Обувь, Чёрный. Удобные мюли на каждый день, в классической черной натуральной коже.","«Мюли из чёрной натуральной кожи — удобные, для повседневного ношения.»"
115886_1.webp,"Туфли на плоской подошве из замшевой кожи. Обувь. Кофейный. . Лаконичные туфли из мягкой натуральной замши — универсальная модель для повседневного гардероба. Форма и сдержанный силуэт подчёркивают текстуру материала, а плоская подошва обеспечивает комфорт на ка",115886,Туфли на плоской подошве из замшевой кожи,18890,Обувь,Кофейный,,"Лаконичные туфли из мягкой натуральной замши — универсальная модель для повседневного гардероба. Форма и сдержанный силуэт подчёркивают текстуру материала, а плоская подошва обеспечивает комфорт на каждый день. Туфли легко сочетаются с базовыми образами и подходят как для города, так и для более спокойных, собранных сочетаний.",https://daisyknit.ru/catalog/obuv_2/tufli_na_ploskoy_podoshve_iz_zamshevoy_kozhi/?sku=115886,"Туфли на плоской подошве из замшевой кожи, Обувь, Кофейный. Лаконичные туфли из мягкой натуральной замши — универсальная модель для повседневного гардероба. Форма и сдержанный силуэт подчёркивают текстуру материала, а плоская подошва обеспечивает комфорт на каждый день. Туфли легко сочетаются с базовыми образами и подходят как для города, так и для более спокойных, собранных сочетаний.","«Туфли на плоской подошве из замши, кофейные. Универсальная модель для повседневного гардероба. Подчёркивают текстуру материала, обеспечивают комфорт.»"
102733_1.webp,"Ботильоны kitten heel. Обувь. Чёрный. . Ботильоны kitten heel на невысоком каблуке, молния с внутренней стороны ноги.",102733,Ботильоны kitten heel,22890,Обувь,Чёрный,,"Ботильоны kitten heel на невысоком каблуке, молния с внутренней стороны ноги.",https://daisyknit.ru/catalog/obuv_2/botilony_kitten_heel/?sku=102733,"Ботильоны kitten heel, Обувь, Чёрный. Ботильоны kitten heel на невысоком каблуке, молния с внутренней стороны ноги.","«Ботильоны kitten heel на невысоком каблуке, с молнией — чёрный цвет.»"
93700_1.webp,Кожаные туфли на плоской подошве. Обувь. Чёрный. . Туфли из натуральной кожи на плоском ходу. Отсутствие лишних деталей делают их универсальной позицией для ваших комплектов.,93700,Кожаные туфли на плоской подошве,8945,Обувь,Чёрный,,Туфли из натуральной кожи на плоском ходу. Отсутствие лишних деталей делают их универсальной позицией для ваших комплектов.,https://daisyknit.ru/catalog/obuv_2/kozhanye_tufli_na_ploskoy_podoshve/?sku=93700,"Кожаные туфли на плоской подошве, Обувь, Чёрный. Туфли из натуральной кожи на плоском ходу. Отсутствие лишних деталей делают их универсальной позицией для ваших комплектов.","«Кожаные туфли на плоской подошве, чёрные, из натуральной кожи. Универсальная модель без лишних деталей.»"
89604_1.webp,"Кроссовки из кожи с замшевыми вставками. Обувь. Белый. . Кроссовки из натуральной кожи теленка со вставками из натурального велюра. Подклад и стелька из натуральной кожи ягненка. Универсальная модель для активных девушек, которые ценят элегантность даже в р",89604,Кроссовки из кожи с замшевыми вставками,6520,Обувь,Белый,,"Кроссовки из натуральной кожи теленка со вставками из натурального велюра. Подклад и стелька из натуральной кожи ягненка. Универсальная модель для активных девушек, которые ценят элегантность даже в расслабленных образах.",https://daisyknit.ru/catalog/obuv_2/krossovki_iz_kozhi_s_zamshevymi_vstavkami/?sku=89604,"Кроссовки из кожи с замшевыми вставками, Обувь, Белый. Кроссовки из натуральной кожи теленка со вставками из натурального велюра. Подклад и стелька из натуральной кожи ягненка. Универсальная модель для активных девушек, которые ценят элегантность даже в расслабленных образах.","«Кожаные кроссовки с замшевыми вставками, белые — универсальная модель для активных девушек.»"
117926_1.webp,"Платье миди из хлопка в клетку. Платья. Серый. . Платье из фактурного хлопка с клетчатым принтом. Минимум деталей, максимум простоты и воздуха — оно не требует сложных сочетаний. Его легко представить в городе, на прогулках или в выходные вдали от с",117926,Платье миди из хлопка в клетку,13890,Платья,Серый,,"Платье из фактурного хлопка с клетчатым принтом. Минимум деталей, максимум простоты и воздуха — оно не требует сложных сочетаний. Его легко представить в городе, на прогулках или в выходные вдали от спешки. Сандалии, лёгкий кардиган, или ничего лишнего — платье выдержит любой сценарий и будет уместным в любой расслабленной ситуации.",https://daisyknit.ru/catalog/platya_1/plate_midi_iz_khlopka_v_kletku/?sku=117926,"Платье миди из хлопка в клетку, Платья, Серый. Платье из фактурного хлопка с клетчатым принтом. Минимум деталей, максимум простоты и воздуха — оно не требует сложных сочетаний. Его легко представить в городе, на прогулках или в выходные вдали от спешки. Сандалии, лёгкий кардиган, или ничего лишнего — платье выдержит любой сценарий и будет уместным в любой расслабленной ситуации.",«Платье миди из серого фактурного хлопка в клетку — простое и воздушное. Легко сочетать с сандалиями и лёгким кардиганом или носить без дополнений.»
118092_1.webp,"Сарафан из хлопка Broderie Anglaise. Платья. Чёрный. . Сарафан с вышивкой и тесьмой, напоминающей мережку, выполнен из легкого и дышащего хлопка. Тонкие бретели и открытый вырез подчёркнут хрупкую красоту линии шеи и плеч. Сам дизайн — лаконичный, почти з",118092,Сарафан из хлопка Broderie Anglaise,14890,Платья,Чёрный,,"Сарафан с вышивкой и тесьмой, напоминающей мережку, выполнен из легкого и дышащего хлопка. Тонкие бретели и открытый вырез подчёркнут хрупкую красоту линии шеи и плеч. Сам дизайн — лаконичный, почти знакомый — живёт вне сезонов. Такая вещь не устаревает, она просто остаётся.",https://daisyknit.ru/catalog/platya_1/sarafan_iz_khlopka_broderie_anglaise/?sku=118092,"Сарафан из хлопка Broderie Anglaise, Платья, Чёрный. Сарафан с вышивкой и тесьмой, напоминающей мережку, выполнен из легкого и дышащего хлопка. Тонкие бретели и открытый вырез подчёркнут хрупкую красоту линии шеи и плеч. Сам дизайн — лаконичный, почти знакомый — живёт вне сезонов. Такая вещь не устаревает, она просто остаётся.","«Сарафан из хлопка Broderie Anglaise, чёрный. С вышивкой и тесьмой, лёгкий, с тонкими бретелями и открытым вырезом — подчёркивает шею и плечи.»"
105779_1.webp,"Платье макси из хлопка Broderie Anglaise. Платья. Белый. . Романтичное платье из нежного кружева в длине макси. Полуприлегающий крой и акцентная талия создают идеальный силуэт. Мы точно знаем, в чем отправиться на романтический ужин.",105779,Платье макси из хлопка Broderie Anglaise,17900,Платья,Белый,,"Романтичное платье из нежного кружева в длине макси. Полуприлегающий крой и акцентная талия создают идеальный силуэт. Мы точно знаем, в чем отправиться на романтический ужин.",https://daisyknit.ru/catalog/platya_1/plate_maksi_iz_khlopka_broderie_anglaise_1/?sku=105779,"Платье макси из хлопка Broderie Anglaise, Платья, Белый. Романтичное платье из нежного кружева в длине макси. Полуприлегающий крой и акцентная талия создают идеальный силуэт. Мы точно знаем, в чем отправиться на романтический ужин.","«Платье макси из хлопка в технике Broderie Anglaise, белое, романтичное, с полуприлегающим кроем и акцентной талией — создаёт идеальный силуэт.»"
105633_1.webp,"Платье макси свободного кроя с V-образным вырезом. Платья. Коричневый. . Платье свободного силуэта из легкого тенсела. Несмотря на объемный крой, новая модель создает идеальный силуэт “песочные часы” и отлично сочетается с комфортной обувью.",105633,Платье макси свободного кроя с V-образным вырезом,21870,Платья,Коричневый,,"Платье свободного силуэта из легкого тенсела. Несмотря на объемный крой, новая модель создает идеальный силуэт “песочные часы” и отлично сочетается с комфортной обувью.",https://daisyknit.ru/catalog/platya_1/plate_maksi_svobodnogo_kroya_s_v_obraznym_vyrezom/?sku=105633,"Платье макси свободного кроя с V-образным вырезом, Платья, Коричневый. Платье свободного силуэта из легкого тенсела. Несмотря на объемный крой, новая модель создает идеальный силуэт “песочные часы” и отлично сочетается с комфортной обувью.","«Платье макси свободного кроя с V-образным вырезом, коричневое, из лёгкого тенсела. Создаёт силуэт «песочные часы», сочетается с комфортной обувью.»"
100980_1.webp,"Платье-рубашка макси с тонким поясом из хлопка. Платья. Сливочный. . Даже летний гардероб мы не оставим без платья-рубашки. Трендовая модель свободного кроя станет изюминкой ваших образов. Платье отлично сочетается как с плоским ходом, так и с каблуками.",100980,Платье-рубашка макси с тонким поясом из хлопка,15900,Платья,Сливочный,,"Даже летний гардероб мы не оставим без платья-рубашки. Трендовая модель свободного кроя станет изюминкой ваших образов. Платье отлично сочетается как с плоским ходом, так и с каблуками.",https://daisyknit.ru/catalog/platya_1/plate_rubashka_maksi_s_tonkim_poyasom_iz_khlopka/?sku=100980,"Платье-рубашка макси с тонким поясом из хлопка, Платья, Сливочный. Даже летний гардероб мы не оставим без платья-рубашки. Трендовая модель свободного кроя станет изюминкой ваших образов. Платье отлично сочетается как с плоским ходом, так и с каблуками.","«Платье-рубашка макси из хлопка, свободного кроя, сливочный цвет. Сочетается с разной обувью.»"
116461_1.webp,"Платье миди А - силуэта из хлопка. Платья. Чёрный. . Платье А-силуэта в длине миди. Расслабленный крой и воротник-стойка делают его главным участником комплекта. Дополните платье удобной обувью и любимыми аксессуарами, чтобы завершить летний образ.",116461,Платье миди А - силуэта из хлопка,15890,Платья,Чёрный,,"Платье А-силуэта в длине миди. Расслабленный крой и воротник-стойка делают его главным участником комплекта. Дополните платье удобной обувью и любимыми аксессуарами, чтобы завершить летний образ.",https://daisyknit.ru/catalog/platya_1/plate_midi_a_silueta_iz_khlopka/?sku=116461,"Платье миди А - силуэта из хлопка, Платья, Чёрный. Платье А-силуэта в длине миди. Расслабленный крой и воротник-стойка делают его главным участником комплекта. Дополните платье удобной обувью и любимыми аксессуарами, чтобы завершить летний образ.","«Платье миди А-силуэта из хлопка, чёрное. Расслабленный крой, воротник-стойка.»"
116408_1.webp,"Платье макси с драпировкой и открытой спиной. Платья. Розовый. . Платье с открытой спинкой из полупрозрачного тенсела. Благодаря легкой ткани, которая создает воздушный объем, платье смотрится роскошно. Шнуровка по спинке делает образ более трогательным.",116408,Платье макси с драпировкой и открытой спиной,15890,Платья,Розовый,,"Платье с открытой спинкой из полупрозрачного тенсела. Благодаря легкой ткани, которая создает воздушный объем, платье смотрится роскошно. Шнуровка по спинке делает образ более трогательным.",https://daisyknit.ru/catalog/platya_1/plate_maksi_s_drapirovkoy_i_otkrytoy_spinoy/?sku=116408,"Платье макси с драпировкой и открытой спиной, Платья, Розовый. Платье с открытой спинкой из полупрозрачного тенсела. Благодаря легкой ткани, которая создает воздушный объем, платье смотрится роскошно. Шнуровка по спинке делает образ более трогательным.","«Платье макси с драпировкой и открытой спиной, розовое, из полупрозрачного тенсела. Лёгкая ткань создаёт воздушный объём, шнуровка по спинке.»"
108506_1.webp,Платье миди в бельевом стиле с шелком. Платья. Молочный. . Платье в бельевом стиле из атласной вискозы с шелком в цветочный принт. Ажурная отделка добавляет нежности и подчеркивает хрупкую красоту его обладательницы. А наличие тонкого воздушного подклада из в,108506,Платье миди в бельевом стиле с шелком,14890,Платья,Молочный,,Платье в бельевом стиле из атласной вискозы с шелком в цветочный принт. Ажурная отделка добавляет нежности и подчеркивает хрупкую красоту его обладательницы. А наличие тонкого воздушного подклада из вискозы сделает посадку идеальной.,https://daisyknit.ru/catalog/platya_1/plate_midi_v_belevom_stile_s_shelkom/?sku=108506,"Платье миди в бельевом стиле с шелком, Платья, Молочный. Платье в бельевом стиле из атласной вискозы с шелком в цветочный принт. Ажурная отделка добавляет нежности и подчеркивает хрупкую красоту его обладательницы. А наличие тонкого воздушного подклада из вискозы сделает посадку идеальной.","«Платье миди в бельевом стиле, молочный, из атласной вискозы с шёлком, с цветочным принтом и ажурной отделкой — подчёркивает хрупкость фигуры.»"
117318_1.webp,"Платье миди из хлопка Pima. Платья. Белый. . Платье свободного силуэта из хлопка Pima — мягкого и дышащего материала, который приятно ощущается на коже и сохраняет ощущение лёгкости в течение дня. Сборка по линии талии регулируется утяжками, поз",117318,Платье миди из хлопка Pima,15890,Платья,Белый,,"Платье свободного силуэта из хлопка Pima — мягкого и дышащего материала, который приятно ощущается на коже и сохраняет ощущение лёгкости в течение дня. Сборка по линии талии регулируется утяжками, позволяя менять форму силуэта — от более свободной до приталенной.Хлопок Pima (Пима)— это премиальный материал, созданный из длинноволокнистого сорта хлопка. Ткань отличается мягкостью, повышенной износостойкостью и устойчивостью к образованию пиллей.",https://daisyknit.ru/catalog/platya_1/plate_midi_iz_khlopka_pima/?sku=117318,"Платье миди из хлопка Pima, Платья, Белый. Платье свободного силуэта из хлопка Pima — мягкого и дышащего материала, который приятно ощущается на коже и сохраняет ощущение лёгкости в течение дня. Сборка по линии талии регулируется утяжками, позволяя менять форму силуэта — от более свободной до приталенной.Хлопок Pima (Пима)— это премиальный материал, созданный из длинноволокнистого сорта хлопка. Ткань отличается мягкостью, повышенной износостойкостью и устойчивостью к образованию пиллей.","«Платье миди из хлопка Pima, белого цвета, свободного силуэта. Утяжка по талии позволяет менять форму платья — от свободного до приталенного. Мягкий и дышащий хлопок Pima.»"
116487_1.webp,"Платье миди приталенное из ажурного трикотажа. Платья. Молочный. . Лёгкое двухслойное платье приталенного силуэта. Первый слой — тонкое платье на бретелях, создающее комфортную основу. Верхний слой выполнен из трикотажного кружева и добавляет образу текстуру и глубин",116487,Платье миди приталенное из ажурного трикотажа,9945,Платья,Молочный,,"Лёгкое двухслойное платье приталенного силуэта. Первый слой — тонкое платье на бретелях, создающее комфортную основу. Верхний слой выполнен из трикотажного кружева и добавляет образу текстуру и глубину, оставаясь визуально лёгким. Мягкая посадка по фигуре и плавная линия низа формируют спокойный, женственный образ. Платье подходит для повседневных и торжественных сочетаний.",https://daisyknit.ru/catalog/platya_1/plate_midi_pritalennoe_iz_azhurnogo_trikotazha/?sku=116487,"Платье миди приталенное из ажурного трикотажа, Платья, Молочный. Лёгкое двухслойное платье приталенного силуэта. Первый слой — тонкое платье на бретелях, создающее комфортную основу. Верхний слой выполнен из трикотажного кружева и добавляет образу текстуру и глубину, оставаясь визуально лёгким. Мягкая посадка по фигуре и плавная линия низа формируют спокойный, женственный образ. Платье подходит для повседневных и торжественных сочетаний.","«Приталенное платье миди из ажурного трикотажа, молочного цвета. Лёгкое, двухслойное, с комфортной основой и текстурным верхом. Мягкая посадка, женственный образ. Подходит для повседневных и торжественных случаев.»"
113595_1.webp,"Платье макси архитектурного кроя из хлопка. Платья. Чёрный. . Минималистичное платье в длине миди с объемной юбкой. Архитектурные детали кроя делают образ эффектным и запоминающимся. Дополните платье необычной сумкой и обувью, чтобы завершить комплект.",113595,Платье макси архитектурного кроя из хлопка,15800,Платья,Чёрный,,"Минималистичное платье в длине миди с объемной юбкой. Архитектурные детали кроя делают образ эффектным и запоминающимся. Дополните платье необычной сумкой и обувью, чтобы завершить комплект.",https://daisyknit.ru/catalog/platya_1/plate_maksi_arkhitekturnogo_kroya_iz_khlopka/?sku=113595,"Платье макси архитектурного кроя из хлопка, Платья, Чёрный. Минималистичное платье в длине миди с объемной юбкой. Архитектурные детали кроя делают образ эффектным и запоминающимся. Дополните платье необычной сумкой и обувью, чтобы завершить комплект.","«Платье макси архитектурного кроя из хлопка, чёрное. Объёмная юбка, минималистичный крой.»"
115441_1.webp,"Платье миди без рукава. Платья. Чёрный. . Платье из мягкой костюмной ткани с архитектурным силуэтом. Аккуратный вырез задаёт акцент на линии декольте, а мягкие складки по талии формируют силуэт песочные часы. Элегантный крой и полная длина ви",115441,Платье миди без рукава,18890,Платья,Чёрный,,"Платье из мягкой костюмной ткани с архитектурным силуэтом. Аккуратный вырез задаёт акцент на линии декольте, а мягкие складки по талии формируют силуэт песочные часы. Элегантный крой и полная длина визуально вытягивают фигуру.",https://daisyknit.ru/catalog/platya_1/plate_midi_bez_rukava/?sku=115441,"Платье миди без рукава, Платья, Чёрный. Платье из мягкой костюмной ткани с архитектурным силуэтом. Аккуратный вырез задаёт акцент на линии декольте, а мягкие складки по талии формируют силуэт песочные часы. Элегантный крой и полная длина визуально вытягивают фигуру.","«Платье миди, чёрный цвет, архитектурный силуэт, мягкие складки по талии, акцент на линии декольте — элегантно и формирует силуэт «песочные часы».»"
89631_1.webp,Платье миди с воротником аскот. Платья. Жёлтый. . Платье свободного кроя с необычным воротником. Оставьте горловину расслабленной или завяжите объемный бант для романтичного образа.,89631,Платье миди с воротником аскот,5720,Платья,Жёлтый,,Платье свободного кроя с необычным воротником. Оставьте горловину расслабленной или завяжите объемный бант для романтичного образа.,https://daisyknit.ru/catalog/platya_1/plate_midi_s_vorotnikom_askot/?sku=89631,"Платье миди с воротником аскот, Платья, Жёлтый. Платье свободного кроя с необычным воротником. Оставьте горловину расслабленной или завяжите объемный бант для романтичного образа.","«Платье миди с воротником аскот, жёлтое, свободного кроя. Необычный воротник, можно завязать бант — романтично.»"
88464_1.webp,"Платье-рубашка миди с поясом. Платья. Голубой. . Платье-рубашка силуэта ""трапеция"". Платье выполнено из струящейся итальянской вискозы с ритмичным принтом. Модель застегивается на пуговицы, в комплекте идет пояс, чтобы вы могли создавать идеальный с",88464,Платье-рубашка миди с поясом,7400,Платья,Голубой,,"Платье-рубашка силуэта ""трапеция"". Платье выполнено из струящейся итальянской вискозы с ритмичным принтом. Модель застегивается на пуговицы, в комплекте идет пояс, чтобы вы могли создавать идеальный силуэт ""песочные часы"".",https://daisyknit.ru/catalog/platya_1/plate_rubashka_midi_s_poyasom/?sku=88464,"Платье-рубашка миди с поясом, Платья, Голубой. Платье-рубашка силуэта ""трапеция"". Платье выполнено из струящейся итальянской вискозы с ритмичным принтом. Модель застегивается на пуговицы, в комплекте идет пояс, чтобы вы могли создавать идеальный силуэт ""песочные часы"".","«Платье-рубашка миди с поясом, силуэт «трапеция», голубой цвет. Из струящейся итальянской вискозы с принтом. Застёгивается на пуговицы.»"
111181_1.webp,Платье силуэт песочные часы. Платья. Красный. . Выход данной модели в красном цветеожидаемс 10 по 17 ноября.Платье силуэта песочные часы с V-образной горловиной. Необычные детали на талии отлично корректируют силуэт.,111181,Платье силуэт песочные часы,16890,Платья,Красный,,Выход данной модели в красном цветеожидаемс 10 по 17 ноября.Платье силуэта песочные часы с V-образной горловиной. Необычные детали на талии отлично корректируют силуэт.,https://daisyknit.ru/catalog/platya_1/plate_siluet_pesochnye_chasy/?sku=111181,"Платье силуэт песочные часы, Платья, Красный. Выход данной модели в красном цветеожидаемс 10 по 17 ноября.Платье силуэта песочные часы с V-образной горловиной. Необычные детали на талии отлично корректируют силуэт.","«Платье силуэта «песочные часы», с V-образной горловиной и деталями на талии — корректирует фигуру. Красный цвет.»"
96104_1.webp,"Платье-рубашка миди. Платья. Манговый. . Платье длины миди из костюмной вискозы. Рубашечный воротник и мягкий пояс в комплекте создают строгий образ на каждый день. То самое платье, когда нужно выглядеть эффектно и собранно.",96104,Платье-рубашка миди,11890,Платья,Манговый,,"Платье длины миди из костюмной вискозы. Рубашечный воротник и мягкий пояс в комплекте создают строгий образ на каждый день. То самое платье, когда нужно выглядеть эффектно и собранно.",https://daisyknit.ru/catalog/platya_1/plate_rubashka_midi_1/?sku=96104,"Платье-рубашка миди, Платья, Манговый. Платье длины миди из костюмной вискозы. Рубашечный воротник и мягкий пояс в комплекте создают строгий образ на каждый день. То самое платье, когда нужно выглядеть эффектно и собранно.","«Платье-рубашка миди из костюмной вискозы, с рубашечным воротником и мягким поясом — для строгого образа на каждый день.»"
110299_1.webp,Платье силуэт песочные часы с круглым вырезом. Платья. Хаки. . Платье силуэта песочные часы с круглым вырезом. Необычные детали на талии отлично корректируют силуэт.,110299,Платье силуэт песочные часы с круглым вырезом,16890,Платья,Хаки,,Платье силуэта песочные часы с круглым вырезом. Необычные детали на талии отлично корректируют силуэт.,https://daisyknit.ru/catalog/platya_1/plate_siluet_pesochnye_chasy_s_kruglym_vyrezom/?sku=110299,"Платье силуэт песочные часы с круглым вырезом, Платья, Хаки. Платье силуэта песочные часы с круглым вырезом. Необычные детали на талии отлично корректируют силуэт.","«Платье силуэта „песочные часы“, с круглым вырезом и деталями на талии — корректирует фигуру.»"
106235_1.webp,"Платье миди базовое из жатой ткани. Платья. Тауп. . Минималистичное платье длины миди полуприлегающего силуэта. Длинный рукав немного заужен, по бокам платья функциональные карманы. Нам нравится сочетать его с ремнями и акцентной обувью, чтобы образ вы",106235,Платье миди базовое из жатой ткани,6445,Платья,Тауп,,"Минималистичное платье длины миди полуприлегающего силуэта. Длинный рукав немного заужен, по бокам платья функциональные карманы. Нам нравится сочетать его с ремнями и акцентной обувью, чтобы образ выглядел завершенным.",https://daisyknit.ru/catalog/platya_1/plate_midi_bazovoe_iz_zhatoy_tkani/?sku=106235,"Платье миди базовое из жатой ткани, Платья, Тауп. Минималистичное платье длины миди полуприлегающего силуэта. Длинный рукав немного заужен, по бокам платья функциональные карманы. Нам нравится сочетать его с ремнями и акцентной обувью, чтобы образ выглядел завершенным.","«Миди платье из жатой ткани, тауп, полуприлегающего силуэта. Длинный зауженный рукав, карманы по бокам. Сочетается с ремнями и акцентной обувью.»"
93137_1.webp,"Платье миди с акцентным плечом. Платья. Серый. . Минималистичное платье длины макси. Мы дополнили базовую модель подплечниками. Создавайте трендовый образ, дополнив платье ремнем и акцентной обувью.",93137,Платье миди с акцентным плечом,11890,Платья,Серый,,"Минималистичное платье длины макси. Мы дополнили базовую модель подплечниками. Создавайте трендовый образ, дополнив платье ремнем и акцентной обувью.",https://daisyknit.ru/catalog/platya_1/plate_midi_s_aktsentnym_plechom/?sku=93137,"Платье миди с акцентным плечом, Платья, Серый. Минималистичное платье длины макси. Мы дополнили базовую модель подплечниками. Создавайте трендовый образ, дополнив платье ремнем и акцентной обувью.","«Платье миди с акцентным плечом и подплечниками, серое. Макси-модель для создания трендового образа с ремнём и акцентной обувью.»"
112710_1.webp,Платье миди с заниженной талией. Платья. Бронзовый. . Платье длины миди на бретелях с заниженной талией. Благодаря благородному свечению ткани вы не останетесь без внимания.,112710,Платье миди с заниженной талией,15890,Платья,Бронзовый,,Платье длины миди на бретелях с заниженной талией. Благодаря благородному свечению ткани вы не останетесь без внимания.,https://daisyknit.ru/catalog/platya_1/plate_midi_s_zanizhennoy_taliey/?sku=112710,"Платье миди с заниженной талией, Платья, Бронзовый. Платье длины миди на бретелях с заниженной талией. Благодаря благородному свечению ткани вы не останетесь без внимания.","«Платье миди с заниженной талией на бретелях, бронзовое, с благородным свечением ткани.»"
112385_1.webp,"Платье макси с открытой спиной из переливающейся ткани. Платья. Бежевый. . Платье макси их нежной вискозы с открытой спинкой. Идеальная модель для тех, кто любит минималистичный, но при этом женственный образ. Добавьте массивные аксессуары и эффектный комплект готов.",112385,Платье макси с открытой спиной из переливающейся ткани,15890,Платья,Бежевый,,"Платье макси их нежной вискозы с открытой спинкой. Идеальная модель для тех, кто любит минималистичный, но при этом женственный образ. Добавьте массивные аксессуары и эффектный комплект готов.",https://daisyknit.ru/catalog/platya_1/plate_maksi_s_otkrytoy_spinoy_iz_perelivayushcheysya_tkani/?sku=112385,"Платье макси с открытой спиной из переливающейся ткани, Платья, Бежевый. Платье макси их нежной вискозы с открытой спинкой. Идеальная модель для тех, кто любит минималистичный, но при этом женственный образ. Добавьте массивные аксессуары и эффектный комплект готов.","«Платье макси с открытой спиной из переливающейся вискозы, бежевое. Женственный образ.»"
111144_1.webp,Платье силуэт песочные часы. Платья. Красный. . Выход данной модели в красном цветеожидаемс 10 по 17 ноября.Платье силуэта песочные часы с V-образной горловиной. Необычные детали на талии отлично корректируют силуэт.,111144,Платье силуэт песочные часы,16890,Платья,Красный,,Выход данной модели в красном цветеожидаемс 10 по 17 ноября.Платье силуэта песочные часы с V-образной горловиной. Необычные детали на талии отлично корректируют силуэт.,https://daisyknit.ru/catalog/platya_1/plate_siluet_pesochnye_chasy/?sku=111144,"Платье силуэт песочные часы, Платья, Красный. Выход данной модели в красном цветеожидаемс 10 по 17 ноября.Платье силуэта песочные часы с V-образной горловиной. Необычные детали на талии отлично корректируют силуэт.","«Платье силуэта «песочные часы», с V-образной горловиной и деталями на талии — корректирует фигуру. Красный цвет.»"
112722_1.webp,Платье миди с открытой спиной из атласной ткани. Платья. Чёрный. . Для особенного настроения нужно особенное платье. Наша новая модель из атласной вискозы с открытой спиной как будто приглашает вас отправиться на светское мероприятие.,112722,Платье миди с открытой спиной из атласной ткани,15890,Платья,Чёрный,,Для особенного настроения нужно особенное платье. Наша новая модель из атласной вискозы с открытой спиной как будто приглашает вас отправиться на светское мероприятие.,https://daisyknit.ru/catalog/platya_1/plate_midi_s_otkrytoy_spinoy_iz_atlasnoy_tkani/?sku=112722,"Платье миди с открытой спиной из атласной ткани, Платья, Чёрный. Для особенного настроения нужно особенное платье. Наша новая модель из атласной вискозы с открытой спиной как будто приглашает вас отправиться на светское мероприятие.","«Платье миди с открытой спиной из атласной вискозы, чёрное — для светских мероприятий.»"
108502_1.webp,"Платье миди с рукавом фонарик из ткани с вышивкой. Платья. Белый. . Платье в длине миди с глубоким декольте и приталенным силуэтом. Платье из легкого ацетата, к которому мы добавили подклад из дышащей тонкой вискозы. Нежный женственный образ легко дополнить минималист",108502,Платье миди с рукавом фонарик из ткани с вышивкой,19890,Платья,Белый,,"Платье в длине миди с глубоким декольте и приталенным силуэтом. Платье из легкого ацетата, к которому мы добавили подклад из дышащей тонкой вискозы. Нежный женственный образ легко дополнить минималистичными аксессуарами.",https://daisyknit.ru/catalog/platya_1/plate_midi_s_rukavom_fonarik_iz_tkani_s_vyshivkoy/?sku=108502,"Платье миди с рукавом фонарик из ткани с вышивкой, Платья, Белый. Платье в длине миди с глубоким декольте и приталенным силуэтом. Платье из легкого ацетата, к которому мы добавили подклад из дышащей тонкой вискозы. Нежный женственный образ легко дополнить минималистичными аксессуарами.","«Платье миди с рукавом-фонариком и вышивкой, белое, с глубоким декольте и приталенным силуэтом. Лёгкий ацетат с подкладом из вискозы — нежный женственный образ.»"
105644_1.webp,Платье мини на запахе из фактурной ткани. Платья. Мятный. . Легкое платье на запахе в длине мини. Благодаря фактурной ткани платье выглядит эффектно и не требует дополнительных аксессуаров.,105644,Платье мини на запахе из фактурной ткани,14870,Платья,Мятный,,Легкое платье на запахе в длине мини. Благодаря фактурной ткани платье выглядит эффектно и не требует дополнительных аксессуаров.,https://daisyknit.ru/catalog/platya_1/plate_mini_na_zapakhe_iz_fakturnoy_tkani/?sku=105644,"Платье мини на запахе из фактурной ткани, Платья, Мятный. Легкое платье на запахе в длине мини. Благодаря фактурной ткани платье выглядит эффектно и не требует дополнительных аксессуаров.","«Мини-платье на запахе из фактурной мятной ткани — лёгкое и эффектное, не требует аксессуаров.»"
105774_1.webp,Платье фактурной вязки из хлопка. Вязаный трикотаж. Молочный. . Молочное платье из фактурного хлопка станет основой для городских образов. Благодаря фактурной вязке платье скроет нюансы фигуры и вытянет силуэт.,105774,Платье фактурной вязки из хлопка,14870,Вязаный трикотаж,Молочный,,Молочное платье из фактурного хлопка станет основой для городских образов. Благодаря фактурной вязке платье скроет нюансы фигуры и вытянет силуэт.,https://daisyknit.ru/catalog/vyazanyy_trikotazh/plate_fakturnoy_vyazki_iz_khlopka/?sku=105774,"Платье фактурной вязки из хлопка, Вязаный трикотаж, Молочный. Молочное платье из фактурного хлопка станет основой для городских образов. Благодаря фактурной вязке платье скроет нюансы фигуры и вытянет силуэт.","«Платье фактурной вязки из молочного хлопка — основа для городских образов. Скрывает нюансы фигуры, вытягивает силуэт.»"
105625_1.webp,Платье миди А - силуэта из органзы. Платья. Голубой. . Минималистичное платье А-силуэта из легкой ткани создает эффектный образ для летних прогулок. Невесомое платье станет незаменимо в жаркий день и будет гармонично сочетаться с загорелой кожей.,105625,Платье миди А - силуэта из органзы,15200,Платья,Голубой,,Минималистичное платье А-силуэта из легкой ткани создает эффектный образ для летних прогулок. Невесомое платье станет незаменимо в жаркий день и будет гармонично сочетаться с загорелой кожей.,https://daisyknit.ru/catalog/platya_1/plate_midi_a_silueta_iz_organzy/?sku=105625,"Платье миди А - силуэта из органзы, Платья, Голубой. Минималистичное платье А-силуэта из легкой ткани создает эффектный образ для летних прогулок. Невесомое платье станет незаменимо в жаркий день и будет гармонично сочетаться с загорелой кожей.","«Платье миди А-силуэта из органзы, голубое. Лёгкое, для летних прогулок.»"
107104_1.webp,"Платье миди О-силуэта. Платья. Белый. . Платье из органзы, длиной миди. Если вы любите простые, но элегантные решения, эта новинка точно порадует вас своей универсальностью.",107104,Платье миди О-силуэта,9723,Платья,Белый,,"Платье из органзы, длиной миди. Если вы любите простые, но элегантные решения, эта новинка точно порадует вас своей универсальностью.",https://daisyknit.ru/catalog/platya_1/plate_midi_o_silueta/?sku=107104,"Платье миди О-силуэта, Платья, Белый. Платье из органзы, длиной миди. Если вы любите простые, но элегантные решения, эта новинка точно порадует вас своей универсальностью.","«Платье миди О-силуэта из органзы, белое — элегантное и универсальное.»"
107110_1.webp,"Платье миди приталенного силуэта из органзы. Платья. Серый. . Платье миди приталенного силуэта, двухслойное. Верхний слой платья с цельновыкроенным рукавом, нижний слой без рукава.Невесомое платье станет незаменимо в жаркий день.",107110,Платье миди приталенного силуэта из органзы,16890,Платья,Серый,,"Платье миди приталенного силуэта, двухслойное. Верхний слой платья с цельновыкроенным рукавом, нижний слой без рукава.Невесомое платье станет незаменимо в жаркий день.",https://daisyknit.ru/catalog/platya_1/plate_midi_pritalennogo_silueta_iz_organzy/?sku=107110,"Платье миди приталенного силуэта из органзы, Платья, Серый. Платье миди приталенного силуэта, двухслойное. Верхний слой платья с цельновыкроенным рукавом, нижний слой без рукава.Невесомое платье станет незаменимо в жаркий день.","«Платье миди приталенного силуэта из органзы, двухслойное, серое. Верхний слой с цельновыкроенным рукавом. Лёгкое платье для жаркого дня.»"
105902_1.webp,"Сарафан из легкого денима. Джинсы и деним. Синий. . Платье на тонких бретелях из мягкого денима. Материал легко сочетать с фактурными топами и футболками. Мы подобрали легкую ткань, чтобы в ней не было жарко.",105902,Сарафан из легкого денима,14500,Джинсы и деним,Синий,,"Платье на тонких бретелях из мягкого денима. Материал легко сочетать с фактурными топами и футболками. Мы подобрали легкую ткань, чтобы в ней не было жарко.",https://daisyknit.ru/catalog/dzhinsy_i_denim/sarafan_iz_legkogo_denima/?sku=105902,"Сарафан из легкого денима, Джинсы и деним, Синий. Платье на тонких бретелях из мягкого денима. Материал легко сочетать с фактурными топами и футболками. Мы подобрали легкую ткань, чтобы в ней не было жарко.","«Сарафан из лёгкого денима, синий, на тонких бретелях. Легко сочетать с фактурными топами и футболками.»"
105603_1.webp,"Платье миди приталенное из хлопка с вышивкой. Платья. Чёрный. . Платье полуприлегающего силуэта, расширенное книзу. Актуальная вышивка словно служит связью поколений, при этом отражает современные тенденции.",105603,Платье миди приталенное из хлопка с вышивкой,22890,Платья,Чёрный,,"Платье полуприлегающего силуэта, расширенное книзу. Актуальная вышивка словно служит связью поколений, при этом отражает современные тенденции.",https://daisyknit.ru/catalog/platya_1/plate_midi_pritalennoe_iz_khlopka_s_vyshivkoy/?sku=105603,"Платье миди приталенное из хлопка с вышивкой, Платья, Чёрный. Платье полуприлегающего силуэта, расширенное книзу. Актуальная вышивка словно служит связью поколений, при этом отражает современные тенденции.","«Приталенное платье миди из хлопка, с вышивкой, чёрное, полуприлегающего силуэта, расширенное книзу.»"
105631_1.webp,"Платье макси свободного кроя с V-образным вырезом. Платья. Коричневый. . Платье свободного силуэта из легкого тенсела. Несмотря на объемный крой, новая модель создает идеальный силуэт “песочные часы” и отлично сочетается с комфортной обувью.",105631,Платье макси свободного кроя с V-образным вырезом,21870,Платья,Коричневый,,"Платье свободного силуэта из легкого тенсела. Несмотря на объемный крой, новая модель создает идеальный силуэт “песочные часы” и отлично сочетается с комфортной обувью.",https://daisyknit.ru/catalog/platya_1/plate_maksi_svobodnogo_kroya_s_v_obraznym_vyrezom/?sku=105631,"Платье макси свободного кроя с V-образным вырезом, Платья, Коричневый. Платье свободного силуэта из легкого тенсела. Несмотря на объемный крой, новая модель создает идеальный силуэт “песочные часы” и отлично сочетается с комфортной обувью.","«Платье макси свободного кроя с V-образным вырезом, коричневое, из лёгкого тенсела. Создаёт силуэт «песочные часы», сочетается с комфортной обувью.»"
105512_1.webp,"Платье макси архитектурного кроя из хлопка. Платья. Чёрный. . Минималистичное платье в длине миди с объемной юбкой. Архитектурные детали кроя делают образ эффектным и запоминающимся. Дополните платье необычной сумкой и обувью, чтобы завершить комплект.",105512,Платье макси архитектурного кроя из хлопка,15800,Платья,Чёрный,,"Минималистичное платье в длине миди с объемной юбкой. Архитектурные детали кроя делают образ эффектным и запоминающимся. Дополните платье необычной сумкой и обувью, чтобы завершить комплект.",https://daisyknit.ru/catalog/platya_1/plate_maksi_arkhitekturnogo_kroya_iz_khlopka/?sku=105512,"Платье макси архитектурного кроя из хлопка, Платья, Чёрный. Минималистичное платье в длине миди с объемной юбкой. Архитектурные детали кроя делают образ эффектным и запоминающимся. Дополните платье необычной сумкой и обувью, чтобы завершить комплект.","«Платье макси архитектурного кроя из хлопка, чёрное. Объёмная юбка, минималистичный крой.»"
92435_1.webp,"Платье макси из хлопка Broderie Anglaise. Лето. Чёрный. . Романтичное платье из нежного кружева в длине макси. Полуприлегающий крой и акцентная талия создают идеальный силуэт. Мы точно знаем, в чем отправиться на романтический ужин.",92435,Платье макси из хлопка Broderie Anglaise,17900,Лето,Чёрный,,"Романтичное платье из нежного кружева в длине макси. Полуприлегающий крой и акцентная талия создают идеальный силуэт. Мы точно знаем, в чем отправиться на романтический ужин.",https://daisyknit.ru/catalog/leto/plate_maksi_iz_khlopka_broderie_anglaise/?sku=92435,"Платье макси из хлопка Broderie Anglaise, Лето, Чёрный. Романтичное платье из нежного кружева в длине макси. Полуприлегающий крой и акцентная талия создают идеальный силуэт. Мы точно знаем, в чем отправиться на романтический ужин.","«Платье макси из хлопка Broderie Anglaise, чёрное. Крой полуприлегающий, акцент на талии. Романтичное, из нежного кружева.»"
101278_1.webp,Платье миди с цветочным принтом. Платья. Молочный. . Нежное платье с цветочным принтом. Прилегающий силуэт и минималистичный крой подчеркнут трогательность образа.,101278,Платье миди с цветочным принтом,13512,Платья,Молочный,,Нежное платье с цветочным принтом. Прилегающий силуэт и минималистичный крой подчеркнут трогательность образа.,https://daisyknit.ru/catalog/platya_1/plate_midi_s_tsvetochnym_printom/?sku=101278,"Платье миди с цветочным принтом, Платья, Молочный. Нежное платье с цветочным принтом. Прилегающий силуэт и минималистичный крой подчеркнут трогательность образа.","«Платье миди с цветочным принтом, молочного цвета, прилегающего силуэта — подчеркнёт трогательность образа.»"
91948_1.webp,"Платье-рубашка макси с тонким поясом из льна. Платья. Белый. . Даже летний гардероб мы не оставим без платья-рубашки. Трендовая модель свободного кроя станет изюминкой ваших образов. Платье отлично сочетается как с плоским ходом, так и с каблуками.",91948,Платье-рубашка макси с тонким поясом из льна,15300,Платья,Белый,,"Даже летний гардероб мы не оставим без платья-рубашки. Трендовая модель свободного кроя станет изюминкой ваших образов. Платье отлично сочетается как с плоским ходом, так и с каблуками.",https://daisyknit.ru/catalog/platya_1/plate_rubashka_maksi_s_tonkim_poyasom_iz_lna/?sku=91948,"Платье-рубашка макси с тонким поясом из льна, Платья, Белый. Даже летний гардероб мы не оставим без платья-рубашки. Трендовая модель свободного кроя станет изюминкой ваших образов. Платье отлично сочетается как с плоским ходом, так и с каблуками.","«Платье-рубашка макси из льна, белое, свободного кроя. Сочетается с разной обувью.»"
112560_1.webp,"Рубашка из ажурного трикотажа с коротким рукавом. Рубашки и блузы. Голубой. . Вязаная рубашка выполнена из смесового хлопка с добавлением ацетата — материал сочетает мягкость, лёгкость и деликатный шелковистый блеск. Ажурная фактура и свежий голубой оттенок делают изделие любим",112560,Рубашка из ажурного трикотажа с коротким рукавом,12890,Рубашки и блузы,Голубой,,"Вязаная рубашка выполнена из смесового хлопка с добавлением ацетата — материал сочетает мягкость, лёгкость и деликатный шелковистый блеск. Ажурная фактура и свежий голубой оттенок делают изделие любимым героем летних образов. Стилизуйте ее в качестве второго слоя на топы или носите самостоятельно для более официальных поводов.",https://daisyknit.ru/catalog/rubashki_i_bluzy/rubashka_iz_azhurnogo_trikotazha_s_korotkim_rukavom_/?sku=112560,"Рубашка из ажурного трикотажа с коротким рукавом, Рубашки и блузы, Голубой. Вязаная рубашка выполнена из смесового хлопка с добавлением ацетата — материал сочетает мягкость, лёгкость и деликатный шелковистый блеск. Ажурная фактура и свежий голубой оттенок делают изделие любимым героем летних образов. Стилизуйте ее в качестве второго слоя на топы или носите самостоятельно для более официальных поводов.","«Ажурная голубая рубашка из смесового хлопка с ацетатом, короткий рукав. Лёгкая и с шелковистым блеском — идеальна для лета.»"
117874_1.webp,"Рубашка из хлопка с кружевной тесьмой. Рубашки и блузы. Белый. . Рубашка, которую не захочется скрывать под пиджаком или кардиганом, потому что она прекрасно звучит соло. Свободный силуэт, чуть укороченная длина и тонкая тесьма, напоминающая мережку, она станет иде",117874,Рубашка из хлопка с кружевной тесьмой,10890,Рубашки и блузы,Белый,,"Рубашка, которую не захочется скрывать под пиджаком или кардиганом, потому что она прекрасно звучит соло. Свободный силуэт, чуть укороченная длина и тонкая тесьма, напоминающая мережку, она станет идеальной летней базой. Той самой к которой тянешься утром, когда не хочется думать что надеть и при этом выглядеть не как все. Простая, но не скучная.",https://daisyknit.ru/catalog/rubashki_i_bluzy/rubashka_iz_khlopka_s_kruzhevnoy_tesmoy/?sku=117874,"Рубашка из хлопка с кружевной тесьмой, Рубашки и блузы, Белый. Рубашка, которую не захочется скрывать под пиджаком или кардиганом, потому что она прекрасно звучит соло. Свободный силуэт, чуть укороченная длина и тонкая тесьма, напоминающая мережку, она станет идеальной летней базой. Той самой к которой тянешься утром, когда не хочется думать что надеть и при этом выглядеть не как все. Простая, но не скучная.","«Хлопковая рубашка с кружевной тесьмой, белая, свободный силуэт, укороченная длина — идеальная летняя база.»"
117919_1.webp,"Рубашка малообъемная из хлопка в клетку. Рубашки и блузы. Серый. . Модель в духе современных тенденций - малообъемная. Аккуратная форма, компактная длина — можно носить и навыпуск, и заправленной. Мягкая фактура материала и деликатная клетка делают её идеальной для р",117919,Рубашка малообъемная из хлопка в клетку,9890,Рубашки и блузы,Серый,,"Модель в духе современных тенденций - малообъемная. Аккуратная форма, компактная длина — можно носить и навыпуск, и заправленной. Мягкая фактура материала и деликатная клетка делают её идеальной для расслабленных и повседневных образов.В паре с мини-юбкой из той же ткани рубашка раскрывается полностью — получается тот самый острый сет, который сейчас на пике. Не громкий, но заметный.",https://daisyknit.ru/catalog/rubashki_i_bluzy/rubashka_maloobemnaya_iz_khlopka_v_kletku/?sku=117919,"Рубашка малообъемная из хлопка в клетку, Рубашки и блузы, Серый. Модель в духе современных тенденций - малообъемная. Аккуратная форма, компактная длина — можно носить и навыпуск, и заправленной. Мягкая фактура материала и деликатная клетка делают её идеальной для расслабленных и повседневных образов.В паре с мини-юбкой из той же ткани рубашка раскрывается полностью — получается тот самый острый сет, который сейчас на пике. Не громкий, но заметный.","«Малообъёмная рубашка из хлопка в клетку, серая. Аккуратная форма, компактная длина. Мягкая фактура, подходит для повседневных образов.»"
118117_1.webp,"Рубашка из хлопка с вышивкой. Рубашки и блузы. Белый. . Рубашка из хлопка для тех, кто любит детали и ценит индивидуальность. Аккуратная цветочная вышивка добавляет модели настроение: немного лета, немного беззаботности и несколько цветных штрихов. В компл",118117,Рубашка из хлопка с вышивкой,12890,Рубашки и блузы,Белый,,"Рубашка из хлопка для тех, кто любит детали и ценит индивидуальность. Аккуратная цветочная вышивка добавляет модели настроение: немного лета, немного беззаботности и несколько цветных штрихов. В комплекте даже с самым простым низом вы получите образ наполненный и завершенный.",https://daisyknit.ru/catalog/rubashki_i_bluzy/rubashka_iz_khlopka_s_vyshivkoy/?sku=118117,"Рубашка из хлопка с вышивкой, Рубашки и блузы, Белый. Рубашка из хлопка для тех, кто любит детали и ценит индивидуальность. Аккуратная цветочная вышивка добавляет модели настроение: немного лета, немного беззаботности и несколько цветных штрихов. В комплекте даже с самым простым низом вы получите образ наполненный и завершенный.","«Хлопковая рубашка с цветочной вышивкой, белая — для любителей деталей. Образ с любым низом будет завершённым.»"
118535_1.webp,"Рубашка прямого силуэта из хлопка. Рубашки и блузы. Шоколадный. . Рубашка из хлопка глубокого шоколадного оттенка — воплощение минимализма. Классический свободный крой делает её универсальной базой, а насыщенный цвет легко сочетается с нейтральными и контрастными от",118535,Рубашка прямого силуэта из хлопка,11890,Рубашки и блузы,Шоколадный,,"Рубашка из хлопка глубокого шоколадного оттенка — воплощение минимализма. Классический свободный крой делает её универсальной базой, а насыщенный цвет легко сочетается с нейтральными и контрастными оттенками. Модель прекрасно впишется как в офисный, так и в повседневный стиль. Носите с брюками из той же ткани комплектом, чтобы получить актуальный и собранный сет или сочетайте с другими низами, джинсами или юбками — для самых разных настроений и случаев.Выход данной модели ожидаем с 23 по 30 апреля.",https://daisyknit.ru/catalog/rubashki_i_bluzy/rubashka_pryamogo_silueta_iz_khlopka/?sku=118535,"Рубашка прямого силуэта из хлопка, Рубашки и блузы, Шоколадный. Рубашка из хлопка глубокого шоколадного оттенка — воплощение минимализма. Классический свободный крой делает её универсальной базой, а насыщенный цвет легко сочетается с нейтральными и контрастными оттенками. Модель прекрасно впишется как в офисный, так и в повседневный стиль. Носите с брюками из той же ткани комплектом, чтобы получить актуальный и собранный сет или сочетайте с другими низами, джинсами или юбками — для самых разных настроений и случаев.Выход данной модели ожидаем с 23 по 30 апреля.","«Рубашка прямого силуэта из хлопка, глубокого шоколадного оттенка. Свободный крой, сочетается с нейтральными и контрастными цветами. Подходит для офиса и повседневного стиля.»"
118736_1.webp,"Рубашка укороченная из хлопка. Рубашки и блузы. Молочный. . Эта модель из натурального хлопка — идеальный выбор для тех, кто ценит легкость и несложные образы. Благодаря укороченному крою и мягкой резинке по низу в сочетании с аккуратным цветочным принтом изде",118736,Рубашка укороченная из хлопка,11890,Рубашки и блузы,Молочный,,"Эта модель из натурального хлопка — идеальный выбор для тех, кто ценит легкость и несложные образы. Благодаря укороченному крою и мягкой резинке по низу в сочетании с аккуратным цветочным принтом изделие выглядит свежо и актуально. Оно легко сочетается с привычными вещами из гардероба, превращая каждый комплект в трендовый. А если захочется собрать сет, к рубашке можно подобрать юбку средней длины из той же ткани и получить готовое стильное решение на каждый день.",https://daisyknit.ru/catalog/rubashki_i_bluzy/rubashka_ukorochennaya_iz_khlopka/?sku=118736,"Рубашка укороченная из хлопка, Рубашки и блузы, Молочный. Эта модель из натурального хлопка — идеальный выбор для тех, кто ценит легкость и несложные образы. Благодаря укороченному крою и мягкой резинке по низу в сочетании с аккуратным цветочным принтом изделие выглядит свежо и актуально. Оно легко сочетается с привычными вещами из гардероба, превращая каждый комплект в трендовый. А если захочется собрать сет, к рубашке можно подобрать юбку средней длины из той же ткани и получить готовое стильное решение на каждый день.","«Укороченная рубашка из хлопка молочного цвета. Мягкий крой и резинка по низу, цветочный принт — выглядит свежо. Легко сочетается с другими вещами.»"
105414_1.webp,"Рубашка из атласной ткани со льном. Рубашки и блузы. Шоколадный. . Рубашка из струящейся вискозы в благородном шоколадном оттенке. Расслабленный крой создает настроение образу, совмещая строгость и актуальность.",105414,Рубашка из атласной ткани со льном,11870,Рубашки и блузы,Шоколадный,,"Рубашка из струящейся вискозы в благородном шоколадном оттенке. Расслабленный крой создает настроение образу, совмещая строгость и актуальность.",https://daisyknit.ru/catalog/rubashki_i_bluzy/rubashka_iz_atlasnoy_tkani_so_lnom/?sku=105414,"Рубашка из атласной ткани со льном, Рубашки и блузы, Шоколадный. Рубашка из струящейся вискозы в благородном шоколадном оттенке. Расслабленный крой создает настроение образу, совмещая строгость и актуальность.","«Рубашка из атласной ткани со льном, шоколадный, струящаяся, расслабленный крой.»"
105947_1.webp,Рубашка прямого кроя с эффектом мокрого шелка. Рубашки и блузы. Молочный. . Любимая летняя рубашка с идеальным составом. Расслабленный крой и удлиненный рукав позволяют создавать шикарные легкие комплекты.,105947,Рубашка прямого кроя с эффектом мокрого шелка,11800,Рубашки и блузы,Молочный,,Любимая летняя рубашка с идеальным составом. Расслабленный крой и удлиненный рукав позволяют создавать шикарные легкие комплекты.,https://daisyknit.ru/catalog/rubashki_i_bluzy/rubashka_pryamogo_kroya_s_effektom_mokrogo_shelka/?sku=105947,"Рубашка прямого кроя с эффектом мокрого шелка, Рубашки и блузы, Молочный. Любимая летняя рубашка с идеальным составом. Расслабленный крой и удлиненный рукав позволяют создавать шикарные легкие комплекты.","«Рубашка прямого кроя с эффектом мокрого шёлка, молочного цвета. Расслабленный крой, удлинённый рукав — идеальна для лёгких летних комплектов.»"
105953_1.webp,Рубашка прямого кроя с эффектом мокрого шелка. Рубашки и блузы. Молочный. . Любимая летняя рубашка с идеальным составом. Расслабленный крой и удлиненный рукав позволяют создавать шикарные легкие комплекты.,105953,Рубашка прямого кроя с эффектом мокрого шелка,11800,Рубашки и блузы,Молочный,,Любимая летняя рубашка с идеальным составом. Расслабленный крой и удлиненный рукав позволяют создавать шикарные легкие комплекты.,https://daisyknit.ru/catalog/rubashki_i_bluzy/rubashka_pryamogo_kroya_s_effektom_mokrogo_shelka/?sku=105953,"Рубашка прямого кроя с эффектом мокрого шелка, Рубашки и блузы, Молочный. Любимая летняя рубашка с идеальным составом. Расслабленный крой и удлиненный рукав позволяют создавать шикарные легкие комплекты.","«Рубашка прямого кроя с эффектом мокрого шёлка, молочного цвета. Расслабленный крой, удлинённый рукав — идеальна для лёгких летних комплектов.»"
117298_1.webp,"Рубашка с коротким рукавом из хлопка Pima. Рубашки и блузы. Тёмно-синий. . Рубашка свободного силуэта из хлопка Pima — мягкого и дышащего материала, который приятно ощущается на коже. Глубокий тёмный оттенок подчёркивает минималистичность модели и делает её универсальной осн",117298,Рубашка с коротким рукавом из хлопка Pima,9890,Рубашки и блузы,Тёмно-синий,,"Рубашка свободного силуэта из хлопка Pima — мягкого и дышащего материала, который приятно ощущается на коже. Глубокий тёмный оттенок подчёркивает минималистичность модели и делает её универсальной основой гардероба. Рубашка легко сочетается с брюками, юбками и лёгким трикотажем.Хлопок Pima (Пима)— это премиальный материал, созданный из длинноволокнистого сорта хлопка. Ткань отличается мягкостью, повышенной износостойкостью и устойчивостью к образованию пиллей.",https://daisyknit.ru/catalog/rubashki_i_bluzy/rubashka_s_korotkim_rukavom_iz_khlopka_pima/?sku=117298,"Рубашка с коротким рукавом из хлопка Pima, Рубашки и блузы, Тёмно-синий. Рубашка свободного силуэта из хлопка Pima — мягкого и дышащего материала, который приятно ощущается на коже. Глубокий тёмный оттенок подчёркивает минималистичность модели и делает её универсальной основой гардероба. Рубашка легко сочетается с брюками, юбками и лёгким трикотажем.Хлопок Pima (Пима)— это премиальный материал, созданный из длинноволокнистого сорта хлопка. Ткань отличается мягкостью, повышенной износостойкостью и устойчивостью к образованию пиллей.","«Тёмно-синяя рубашка свободного силуэта из хлопка Pima — мягкая и дышащая. Легко сочетается с брюками, юбками и трикотажем.»"
109366_1.webp,"Рубашка с коротким рукавом на молнии. Рубашки и блузы. Хаки. . Рубашка полуприталенного силуэта с акцентной застежкой на молнию по передней части. Короткий рукав легко сочетать с жакетами и вязаным трикотажем, создавая многослойные образы.",109366,Рубашка с коротким рукавом на молнии,10890,Рубашки и блузы,Хаки,,"Рубашка полуприталенного силуэта с акцентной застежкой на молнию по передней части. Короткий рукав легко сочетать с жакетами и вязаным трикотажем, создавая многослойные образы.",https://daisyknit.ru/catalog/rubashki_i_bluzy/rubashka_s_korotkim_rukavom_na_molnii/?sku=109366,"Рубашка с коротким рукавом на молнии, Рубашки и блузы, Хаки. Рубашка полуприталенного силуэта с акцентной застежкой на молнию по передней части. Короткий рукав легко сочетать с жакетами и вязаным трикотажем, создавая многослойные образы.","«Рубашка полуприталенного силуэта с акцентной молнией, короткий рукав — легко сочетать с жакетами и трикотажем.»"
115459_1.webp,"Блуза из полупрозрачной ткани с вышивкой. Рубашки и блузы. Белый. . Блуза из полупрозрачной ткани с цветочной вышивкой, создающей ощущение лёгкости и глубины. Свободный силуэт мягко ложится по фигуре и дарит комфорт в движении. Длинные рукава с лёгким объёмом собраны ",115459,Блуза из полупрозрачной ткани с вышивкой,11890,Рубашки и блузы,Белый,,"Блуза из полупрозрачной ткани с цветочной вышивкой, создающей ощущение лёгкости и глубины. Свободный силуэт мягко ложится по фигуре и дарит комфорт в движении. Длинные рукава с лёгким объёмом собраны по низу, формируя плавную линию. Круглый вырез сохраняет образ минималистичным и уравновешенным.",https://daisyknit.ru/catalog/rubashki_i_bluzy/bluza_iz_poluprozrachnoy_tkani_s_vyshivkoy/?sku=115459,"Блуза из полупрозрачной ткани с вышивкой, Рубашки и блузы, Белый. Блуза из полупрозрачной ткани с цветочной вышивкой, создающей ощущение лёгкости и глубины. Свободный силуэт мягко ложится по фигуре и дарит комфорт в движении. Длинные рукава с лёгким объёмом собраны по низу, формируя плавную линию. Круглый вырез сохраняет образ минималистичным и уравновешенным.","«Блуза из полупрозрачной ткани с цветочной вышивкой, свободный силуэт, белые длинные рукава с лёгким объёмом — создаёт ощущение лёгкости и комфорта.»"
115545_1.webp,Блуза на запах с драпировкой. Рубашки и блузы. Светло-жёлтый. . Блуза на запахе с мягкой драпировкой. Воздушный силуэт создаёт лёгкую форму и сохраняет свободу движения. Полупрозрачный материал мягко отражает свет и освежает портретную зону.,115545,Блуза на запах с драпировкой,11890,Рубашки и блузы,Светло-жёлтый,,Блуза на запахе с мягкой драпировкой. Воздушный силуэт создаёт лёгкую форму и сохраняет свободу движения. Полупрозрачный материал мягко отражает свет и освежает портретную зону.,https://daisyknit.ru/catalog/rubashki_i_bluzy/bluza_na_zapakh_s_drapirovkoy/?sku=115545,"Блуза на запах с драпировкой, Рубашки и блузы, Светло-жёлтый. Блуза на запахе с мягкой драпировкой. Воздушный силуэт создаёт лёгкую форму и сохраняет свободу движения. Полупрозрачный материал мягко отражает свет и освежает портретную зону.","«Блуза на запах с драпировкой, светло-жёлтая. Воздушный силуэт, полупрозрачный материал.»"
115704_1.webp,"Рубашка с фестончатым воротником. Рубашки и блузы. Светло-жёлтый. . Лаконичная рубашка с выразительным акцентом — модель, в которой простота сочетается с деликатной женственностью. Декоративный воротник с фистончатым краем добавляет образу характер и создаёт ощущение ",115704,Рубашка с фестончатым воротником,11890,Рубашки и блузы,Светло-жёлтый,,"Лаконичная рубашка с выразительным акцентом — модель, в которой простота сочетается с деликатной женственностью. Декоративный воротник с фистончатым краем добавляет образу характер и создаёт ощущение лёгкой романтичности, не перегружая силуэт. Свободная посадка делает рубашку универсальной для повседневных образов. Её легко сочетать с джинсами, брюками или юбками.",https://daisyknit.ru/catalog/rubashki_i_bluzy/rubashka_s_festonchatym_vorotnikom/?sku=115704,"Рубашка с фестончатым воротником, Рубашки и блузы, Светло-жёлтый. Лаконичная рубашка с выразительным акцентом — модель, в которой простота сочетается с деликатной женственностью. Декоративный воротник с фистончатым краем добавляет образу характер и создаёт ощущение лёгкой романтичности, не перегружая силуэт. Свободная посадка делает рубашку универсальной для повседневных образов. Её легко сочетать с джинсами, брюками или юбками.","«Лаконичная светло-жёлтая рубашка с фестончатым воротником, свободная посадка. Легко сочетается с джинсами, брюками, юбками.»"
115913_1.webp,"Блуза прозрачная с вышивкой. Рубашки и блузы. Бежевый. . Лёгкая блуза из полупрозрачной органзы с деликатной цветочной вышивкой. Тонкость ткани создаёт ощущение воздуха и добавляет образу глубину, сохраняя спокойный и сдержанный характер. Прямой силуэт и чи",115913,Блуза прозрачная с вышивкой,4945,Рубашки и блузы,Бежевый,,"Лёгкая блуза из полупрозрачной органзы с деликатной цветочной вышивкой. Тонкость ткани создаёт ощущение воздуха и добавляет образу глубину, сохраняя спокойный и сдержанный характер. Прямой силуэт и чистые линии делают модель универсальной для многослойных и самостоятельных образов.",https://daisyknit.ru/catalog/rubashki_i_bluzy/bluza_prozrachnaya_s_vyshivkoy/?sku=115913,"Блуза прозрачная с вышивкой, Рубашки и блузы, Бежевый. Лёгкая блуза из полупрозрачной органзы с деликатной цветочной вышивкой. Тонкость ткани создаёт ощущение воздуха и добавляет образу глубину, сохраняя спокойный и сдержанный характер. Прямой силуэт и чистые линии делают модель универсальной для многослойных и самостоятельных образов.","«Лёгкая блуза из органзы с цветочной вышивкой, бежевая. Воздушная ткань, прямой силуэт — универсальна для разных образов.»"
112853_1.webp,"Рубашка вязаная. Рубашки и блузы. Светло-жёлтый. . Вязаная рубашка из мягкой вискозы прямого силуэта с застежкой на пуговицы. Если рубашечный воротник и лаконичный крой вам близки, то эта модель займет достойное место в вашем гардеробе.",112853,Рубашка вязаная,11890,Рубашки и блузы,Светло-жёлтый,,"Вязаная рубашка из мягкой вискозы прямого силуэта с застежкой на пуговицы. Если рубашечный воротник и лаконичный крой вам близки, то эта модель займет достойное место в вашем гардеробе.",https://daisyknit.ru/catalog/rubashki_i_bluzy/rubashka_vyazanaya/?sku=112853,"Рубашка вязаная, Рубашки и блузы, Светло-жёлтый. Вязаная рубашка из мягкой вискозы прямого силуэта с застежкой на пуговицы. Если рубашечный воротник и лаконичный крой вам близки, то эта модель займет достойное место в вашем гардеробе.","«Вязаная рубашка из мягкой вискозы, светло-жёлтая, прямого силуэта, с пуговицами и рубашечным воротником.»"
115434_1.webp,"Рубашка из трикотажа. Рубашки и блузы. Тауп. . Эта трикотажная рубашка в дуэте с юбкой создают эффектный образ в стиле минималистичных 90х. Простота, элегантность и комфорт - главные качества этой модели. Оттенок тауп подчёркивает универсальность ",115434,Рубашка из трикотажа,8890,Рубашки и блузы,Тауп,,"Эта трикотажная рубашка в дуэте с юбкой создают эффектный образ в стиле минималистичных 90х. Простота, элегантность и комфорт - главные качества этой модели. Оттенок тауп подчёркивает универсальность и делает рубашку частью базового гардероба.",https://daisyknit.ru/catalog/rubashki_i_bluzy/rubashka_iz_trikotazha/?sku=115434,"Рубашка из трикотажа, Рубашки и блузы, Тауп. Эта трикотажная рубашка в дуэте с юбкой создают эффектный образ в стиле минималистичных 90х. Простота, элегантность и комфорт - главные качества этой модели. Оттенок тауп подчёркивает универсальность и делает рубашку частью базового гардероба.","«Трикотажная рубашка тауп — простота, элегантность и комфорт. Подходит для базового гардероба.»"
85576_1.webp,"Рубашка прямая с отстрочками. Рубашки и блузы. Голубой. . Рубашка свободного кроя станет основой для нескучного делового гардероба. Сочетайте ее с жакетами и жилетами, носите с брюками или юбками. В любом из этих сочетаний она будет смотреться эффектно.",85576,Рубашка прямая с отстрочками,4435,Рубашки и блузы,Голубой,,"Рубашка свободного кроя станет основой для нескучного делового гардероба. Сочетайте ее с жакетами и жилетами, носите с брюками или юбками. В любом из этих сочетаний она будет смотреться эффектно.",https://daisyknit.ru/catalog/rubashki_i_bluzy/rubashka_pryamaya_s_otstrochkami/?sku=85576,"Рубашка прямая с отстрочками, Рубашки и блузы, Голубой. Рубашка свободного кроя станет основой для нескучного делового гардероба. Сочетайте ее с жакетами и жилетами, носите с брюками или юбками. В любом из этих сочетаний она будет смотреться эффектно.","«Прямая рубашка голубого цвета свободного кроя — основа для делового образа. Сочетается с жакетами, жилетами, брюками и юбками.»"
88510_1.webp,"Рубашка базовая бамбук. Рубашки и блузы. Белый. . Любимая рубашка свободного силуэта из бамбуковой ткани, которая практически не мнется. Это позволяет создавать многослойные образы в любой сезон. Сочетайте нашу рубашку с жакетами и жилетами, носите с",88510,Рубашка базовая бамбук,3548,Рубашки и блузы,Белый,,"Любимая рубашка свободного силуэта из бамбуковой ткани, которая практически не мнется. Это позволяет создавать многослойные образы в любой сезон. Сочетайте нашу рубашку с жакетами и жилетами, носите с ремнями и джемперами.",https://daisyknit.ru/catalog/rubashki_i_bluzy/rubashka_bazovaya_bambuk/?sku=88510,"Рубашка базовая бамбук, Рубашки и блузы, Белый. Любимая рубашка свободного силуэта из бамбуковой ткани, которая практически не мнется. Это позволяет создавать многослойные образы в любой сезон. Сочетайте нашу рубашку с жакетами и жилетами, носите с ремнями и джемперами.","«Базовая рубашка свободного силуэта из бамбука, белая. Практически не мнётся — идеальна для многослойных образов.»"
105922_1.webp,"Рубашка базовая из хлопка. Рубашки и блузы. Красный. . Хлопковая рубашка свободного кроя в сочном красном цвете. Она создана специально для самых смелых образов и тех, кто не боится привлечь внимание.",105922,Рубашка базовая из хлопка,4945,Рубашки и блузы,Красный,,"Хлопковая рубашка свободного кроя в сочном красном цвете. Она создана специально для самых смелых образов и тех, кто не боится привлечь внимание.",https://daisyknit.ru/catalog/rubashki_i_bluzy/rubashka_bazovaya_iz_khlopka/?sku=105922,"Рубашка базовая из хлопка, Рубашки и блузы, Красный. Хлопковая рубашка свободного кроя в сочном красном цвете. Она создана специально для самых смелых образов и тех, кто не боится привлечь внимание.","«Хлопковая рубашка свободного кроя, красная — для смелых образов.»"
85415_1.webp,"Рубашка классика бамбук. Рубашки и блузы. Белый. . Любимая рубашка из бамбука теперь и в классическом крое. Бамбуковая ткань практически не мнется, что позволяет создавать многослойные образы в любой сезон. Сочетайте нашу рубашку с жакетами и жилетами",85415,Рубашка классика бамбук,3548,Рубашки и блузы,Белый,,"Любимая рубашка из бамбука теперь и в классическом крое. Бамбуковая ткань практически не мнется, что позволяет создавать многослойные образы в любой сезон. Сочетайте нашу рубашку с жакетами и жилетами, носите с ремнями и джемперами. В любом из этих сочетаний она будет смотреться эффектно.",https://daisyknit.ru/catalog/rubashki_i_bluzy/rubashka_klassika_bambuk/?sku=85415,"Рубашка классика бамбук, Рубашки и блузы, Белый. Любимая рубашка из бамбука теперь и в классическом крое. Бамбуковая ткань практически не мнется, что позволяет создавать многослойные образы в любой сезон. Сочетайте нашу рубашку с жакетами и жилетами, носите с ремнями и джемперами. В любом из этих сочетаний она будет смотреться эффектно.","«Классическая рубашка из бамбука, белая. Бамбуковая ткань почти не мнётся. Сочетается с жакетами, жилетами, ремнями и джемперами.»"
96249_1.webp,"Рубашка прямого силуэта из костюмной ткани. Рубашки и блузы. Шоколадный. . Рубашка прямого силуэта из костюмной ткани с супатной застежкой. Концы воротника удлиненные, а по боковым швам разрезы с закругленными концами, благодаря им, рубашку можно носить навыпуск.",96249,Рубашка прямого силуэта из костюмной ткани,5934,Рубашки и блузы,Шоколадный,,"Рубашка прямого силуэта из костюмной ткани с супатной застежкой. Концы воротника удлиненные, а по боковым швам разрезы с закругленными концами, благодаря им, рубашку можно носить навыпуск.",https://daisyknit.ru/catalog/rubashki_i_bluzy/rubashka_pryamogo_silueta_iz_kostyumnoy_tkani/?sku=96249,"Рубашка прямого силуэта из костюмной ткани, Рубашки и блузы, Шоколадный. Рубашка прямого силуэта из костюмной ткани с супатной застежкой. Концы воротника удлиненные, а по боковым швам разрезы с закругленными концами, благодаря им, рубашку можно носить навыпуск.","«Рубашка прямого силуэта, шоколадного цвета, из костюмной ткани с супатной застёжкой. Удлинённые концы воротника и разрезы по бокам с закруглёнными концами.»"
112346_1.webp,"Рубашка прямого силуэта. Рубашки и блузы. Белый. . Рубашка из тонкой вискозы свободного кроя - незаменимая спутница как официальных, так и расслабленных комплектов. Сложно представить современный гардероб без идеальной белой рубашки. И наша модель точ",112346,Рубашка прямого силуэта,10890,Рубашки и блузы,Белый,,"Рубашка из тонкой вискозы свободного кроя - незаменимая спутница как официальных, так и расслабленных комплектов. Сложно представить современный гардероб без идеальной белой рубашки. И наша модель точно в него отлично впишется.",https://daisyknit.ru/catalog/rubashki_i_bluzy/rubashka_pryamogo_silueta_1/?sku=112346,"Рубашка прямого силуэта, Рубашки и блузы, Белый. Рубашка из тонкой вискозы свободного кроя - незаменимая спутница как официальных, так и расслабленных комплектов. Сложно представить современный гардероб без идеальной белой рубашки. И наша модель точно в него отлично впишется.","«Белая рубашка прямого силуэта из тонкой вискозы, свободного кроя.»"
110811_1.webp,"Рубашка из премиальной итальянской ткани с цветочным принтом. Рубашки и блузы. Зелёный. . Рубашка свободного кроя из струящейся вискозы. Классическая форма, воротник рубашечного типа и манжеты гармонично сочетаются с ярким принтом.Изделие входит в коллекциюPremium Fabric- лимитированная ми",110811,Рубашка из премиальной итальянской ткани с цветочным принтом,13890,Рубашки и блузы,Зелёный,,"Рубашка свободного кроя из струящейся вискозы. Классическая форма, воротник рубашечного типа и манжеты гармонично сочетаются с ярким принтом.Изделие входит в коллекциюPremium Fabric- лимитированная мини-капсула из премиальных и уникальных итальянских тканей.",https://daisyknit.ru/catalog/rubashki_i_bluzy/rubashka_iz_premialnoy_italyanskoy_tkani_s_tsvetochnym_printom/?sku=110811,"Рубашка из премиальной итальянской ткани с цветочным принтом, Рубашки и блузы, Зелёный. Рубашка свободного кроя из струящейся вискозы. Классическая форма, воротник рубашечного типа и манжеты гармонично сочетаются с ярким принтом.Изделие входит в коллекциюPremium Fabric- лимитированная мини-капсула из премиальных и уникальных итальянских тканей.","«Свободная рубашка из вискозы с цветочным принтом, зелёная, с воротником рубашечного типа и манжетами. Входит в коллекцию Premium Fabric.»"
111261_1.webp,"Рубашка базовая в клетку из хлопка. Рубашки и блузы. Шоколадный. . Рубашка с длинным рукавом и принтом в клетку. Мягкая ткань будет приятна к телу в прохладный день, а коричнево-бежевый рисунок легко впишется как в повседневный, так и в офисный гардероб.",111261,Рубашка базовая в клетку из хлопка,9890,Рубашки и блузы,Шоколадный,,"Рубашка с длинным рукавом и принтом в клетку. Мягкая ткань будет приятна к телу в прохладный день, а коричнево-бежевый рисунок легко впишется как в повседневный, так и в офисный гардероб.",https://daisyknit.ru/catalog/rubashki_i_bluzy/rubashka_bazovaya_v_kletku_iz_khlopka/?sku=111261,"Рубашка базовая в клетку из хлопка, Рубашки и блузы, Шоколадный. Рубашка с длинным рукавом и принтом в клетку. Мягкая ткань будет приятна к телу в прохладный день, а коричнево-бежевый рисунок легко впишется как в повседневный, так и в офисный гардероб.","«Базовая рубашка в клетку из хлопка, с длинным рукавом. Шоколадный принт, мягкая ткань — для повседневного и офисного образа.»"
109346_1.webp,"Блуза приталенного силуэта с вырезом. Рубашки и блузы. Чёрный. . Блуза приталенного силуэта, с круглой горловиной и отложным воротником. Длина блузы выше линии бёдер создают строгий женственный образ.",109346,Блуза приталенного силуэта с вырезом,6923,Рубашки и блузы,Чёрный,,"Блуза приталенного силуэта, с круглой горловиной и отложным воротником. Длина блузы выше линии бёдер создают строгий женственный образ.",https://daisyknit.ru/catalog/rubashki_i_bluzy/bluza_pritalennogo_silueta_s_vyrezom/?sku=109346,"Блуза приталенного силуэта с вырезом, Рубашки и блузы, Чёрный. Блуза приталенного силуэта, с круглой горловиной и отложным воротником. Длина блузы выше линии бёдер создают строгий женственный образ.","«Приталенная блуза с вырезом и отложным воротником, чёрная, с круглой горловиной, длина выше линии бёдер — создаёт женственный образ.»"
109351_1.webp,Блуза из атласной вискозы. Рубашки и блузы. Шоколадный. . Блуза прямого силуэта с красивой драпировкой вокруг горловины. Прямой удлиненный рукав дает пространство для необычной стилизации.,109351,Блуза из атласной вискозы,4945,Рубашки и блузы,Шоколадный,,Блуза прямого силуэта с красивой драпировкой вокруг горловины. Прямой удлиненный рукав дает пространство для необычной стилизации.,https://daisyknit.ru/catalog/rubashki_i_bluzy/bluza_iz_atlasnoy_viskozy_1/?sku=109351,"Блуза из атласной вискозы, Рубашки и блузы, Шоколадный. Блуза прямого силуэта с красивой драпировкой вокруг горловины. Прямой удлиненный рукав дает пространство для необычной стилизации.","«Блуза из атласной вискозы, прямого силуэта, с драпировкой у горловины и удлинённым рукавом — для необычной стилизации.»"
109342_1.webp,"Рубашка из жатого хлопка с широким рукавом. Рубашки и блузы. Молочный. . Рубашка свободного кроя прямого силуэта. У данной модели широкий рукав с манжетой, чтобы вы могли носить без жакета или с жилетами. Закругленный низ рубашки позволяет носить ее навыпуск.",109342,Рубашка из жатого хлопка с широким рукавом,8890,Рубашки и блузы,Молочный,,"Рубашка свободного кроя прямого силуэта. У данной модели широкий рукав с манжетой, чтобы вы могли носить без жакета или с жилетами. Закругленный низ рубашки позволяет носить ее навыпуск.",https://daisyknit.ru/catalog/rubashki_i_bluzy/rubashka_iz_zhatogo_khlopka_s_shirokim_rukavom/?sku=109342,"Рубашка из жатого хлопка с широким рукавом, Рубашки и блузы, Молочный. Рубашка свободного кроя прямого силуэта. У данной модели широкий рукав с манжетой, чтобы вы могли носить без жакета или с жилетами. Закругленный низ рубашки позволяет носить ее навыпуск.","«Рубашка из жатого хлопка, молочного цвета, свободного кроя. Широкий рукав с манжетой, закруглённый низ — можно носить навыпуск.»"
105301_1.webp,Рубашка с коротким рукавом из хлопка. Рубашки и блузы. Серо-голубой. . Рубашка свободного силуэта с коротким рукавом. Базовая модель для облегченных офисных комплектов. Отлично сочетается с деловыми брюками.,105301,Рубашка с коротким рукавом из хлопка,9800,Рубашки и блузы,Серо-голубой,,Рубашка свободного силуэта с коротким рукавом. Базовая модель для облегченных офисных комплектов. Отлично сочетается с деловыми брюками.,https://daisyknit.ru/catalog/rubashki_i_bluzy/rubashka_s_korotkim_rukavom_iz_khlopka_1/?sku=105301,"Рубашка с коротким рукавом из хлопка, Рубашки и блузы, Серо-голубой. Рубашка свободного силуэта с коротким рукавом. Базовая модель для облегченных офисных комплектов. Отлично сочетается с деловыми брюками.","«Свободная рубашка из хлопка, серо-голубая, с коротким рукавом — базовая модель для офисных комплектов.»"
101348_1.webp,Рубашка с коротким рукавом из хлопка. Рубашки и блузы. Белый. . Рубашка свободного силуэта с коротким рукавом. Базовая модель для облегченных офисных комплектов. Отлично сочетается с деловыми брюками.,101348,Рубашка с коротким рукавом из хлопка,9800,Рубашки и блузы,Белый,,Рубашка свободного силуэта с коротким рукавом. Базовая модель для облегченных офисных комплектов. Отлично сочетается с деловыми брюками.,https://daisyknit.ru/catalog/rubashki_i_bluzy/rubashka_s_korotkim_rukavom_iz_khlopka/?sku=101348,"Рубашка с коротким рукавом из хлопка, Рубашки и блузы, Белый. Рубашка свободного силуэта с коротким рукавом. Базовая модель для облегченных офисных комплектов. Отлично сочетается с деловыми брюками.",«Белая рубашка свободного силуэта с коротким рукавом из хлопка — базовая модель для офисных комплектов. Хорошо сочетается с деловыми брюками.»
92033_1.webp,Рубашка с коротким рукавом из хлопка. Рубашки и блузы. Белый. . Рубашка свободного силуэта с коротким рукавом. Базовая модель для облегченных офисных комплектов. Отлично сочетается с деловыми брюками.,92033,Рубашка с коротким рукавом из хлопка,9800,Рубашки и блузы,Белый,,Рубашка свободного силуэта с коротким рукавом. Базовая модель для облегченных офисных комплектов. Отлично сочетается с деловыми брюками.,https://daisyknit.ru/catalog/rubashki_i_bluzy/rubashka_s_korotkim_rukavom_iz_khlopka/?sku=92033,"Рубашка с коротким рукавом из хлопка, Рубашки и блузы, Белый. Рубашка свободного силуэта с коротким рукавом. Базовая модель для облегченных офисных комплектов. Отлично сочетается с деловыми брюками.",«Белая рубашка свободного силуэта с коротким рукавом из хлопка — базовая модель для офисных комплектов. Хорошо сочетается с деловыми брюками.»
105425_1.webp,"Рубашка из легкого денима. Джинсы и деним. Синий. . Рубашка из легкого денима станет альтернативой любимой джинсовой куртке. Мы любим эту новинку, потому что она станет полноценным участником не только летнего, но и базового гардероба.",105425,Рубашка из легкого денима,13100,Джинсы и деним,Синий,,"Рубашка из легкого денима станет альтернативой любимой джинсовой куртке. Мы любим эту новинку, потому что она станет полноценным участником не только летнего, но и базового гардероба.",https://daisyknit.ru/catalog/dzhinsy_i_denim/rubashka_iz_legkogo_denima/?sku=105425,"Рубашка из легкого денима, Джинсы и деним, Синий. Рубашка из легкого денима станет альтернативой любимой джинсовой куртке. Мы любим эту новинку, потому что она станет полноценным участником не только летнего, но и базового гардероба.","«Лёгкая джинсовая рубашка, синяя — для летнего и базового гардероба.»"
104026_1.webp,Блуза приталенная с объемным рукавом из хлопка. Рубашки и блузы. Жёлтый. . Минималистичная блуза длиной до линии талии с акцентной формой рукава. С ее помощью вы создадите актуальный образ буквально за пару минут.,104026,Блуза приталенная с объемным рукавом из хлопка,9800,Рубашки и блузы,Жёлтый,,Минималистичная блуза длиной до линии талии с акцентной формой рукава. С ее помощью вы создадите актуальный образ буквально за пару минут.,https://daisyknit.ru/catalog/rubashki_i_bluzy/bluza_pritalennaya_s_obemnym_rukavom_iz_khlopka/?sku=104026,"Блуза приталенная с объемным рукавом из хлопка, Рубашки и блузы, Жёлтый. Минималистичная блуза длиной до линии талии с акцентной формой рукава. С ее помощью вы создадите актуальный образ буквально за пару минут.","«Приталенная блуза с объёмным рукавом из хлопка, жёлтая. Минималистичная, до линии талии — для быстрого актуального образа.»"
97174_1.webp,"Рубашка базовая бамбук. Рубашки и блузы. Белый. . Любимая рубашка свободного силуэта из бамбуковой ткани, которая практически не мнется. Это позволяет создавать многослойные образы в любой сезон. Сочетайте нашу рубашку с жакетами и жилетами, носите с",97174,Рубашка базовая бамбук,8870,Рубашки и блузы,Белый,,"Любимая рубашка свободного силуэта из бамбуковой ткани, которая практически не мнется. Это позволяет создавать многослойные образы в любой сезон. Сочетайте нашу рубашку с жакетами и жилетами, носите с ремнями и джемперами.",https://daisyknit.ru/catalog/rubashki_i_bluzy/rubashka_bazovaya_bambuk/?sku=97174,"Рубашка базовая бамбук, Рубашки и блузы, Белый. Любимая рубашка свободного силуэта из бамбуковой ткани, которая практически не мнется. Это позволяет создавать многослойные образы в любой сезон. Сочетайте нашу рубашку с жакетами и жилетами, носите с ремнями и джемперами.","«Базовая рубашка свободного силуэта из бамбука, белая. Практически не мнётся — идеальна для многослойных образов.»"
96548_1.webp,"Рубашка базовая бамбук. Рубашки и блузы. Белый. . Любимая рубашка свободного силуэта из бамбуковой ткани, которая практически не мнется. Это позволяет создавать многослойные образы в любой сезон. Сочетайте нашу рубашку с жакетами и жилетами, носите с",96548,Рубашка базовая бамбук,8870,Рубашки и блузы,Белый,,"Любимая рубашка свободного силуэта из бамбуковой ткани, которая практически не мнется. Это позволяет создавать многослойные образы в любой сезон. Сочетайте нашу рубашку с жакетами и жилетами, носите с ремнями и джемперами.",https://daisyknit.ru/catalog/rubashki_i_bluzy/rubashka_bazovaya_bambuk/?sku=96548,"Рубашка базовая бамбук, Рубашки и блузы, Белый. Любимая рубашка свободного силуэта из бамбуковой ткани, которая практически не мнется. Это позволяет создавать многослойные образы в любой сезон. Сочетайте нашу рубашку с жакетами и жилетами, носите с ремнями и джемперами.","«Базовая рубашка свободного силуэта из бамбука, белая. Практически не мнётся — идеальна для многослойных образов.»"
96527_1.webp,"Рубашка классика бамбук. Рубашки и блузы. Белый. . Любимая рубашка из бамбука теперь и в классическом крое. Бамбуковая ткань практически не мнется, что позволяет создавать многослойные образы в любой сезон. Сочетайте нашу рубашку с жакетами и жилетами",96527,Рубашка классика бамбук,8870,Рубашки и блузы,Белый,,"Любимая рубашка из бамбука теперь и в классическом крое. Бамбуковая ткань практически не мнется, что позволяет создавать многослойные образы в любой сезон. Сочетайте нашу рубашку с жакетами и жилетами, носите с ремнями и джемперами. В любом из этих сочетаний она будет смотреться эффектно.",https://daisyknit.ru/catalog/rubashki_i_bluzy/rubashka_klassika_bambuk/?sku=96527,"Рубашка классика бамбук, Рубашки и блузы, Белый. Любимая рубашка из бамбука теперь и в классическом крое. Бамбуковая ткань практически не мнется, что позволяет создавать многослойные образы в любой сезон. Сочетайте нашу рубашку с жакетами и жилетами, носите с ремнями и джемперами. В любом из этих сочетаний она будет смотреться эффектно.","«Классическая рубашка из бамбука, белая. Бамбуковая ткань почти не мнётся. Сочетается с жакетами, жилетами, ремнями и джемперами.»"
97691_1.webp,"Рубашка классика бамбук. Рубашки и блузы. Белый. . Любимая рубашка из бамбука теперь и в классическом крое. Бамбуковая ткань практически не мнется, что позволяет создавать многослойные образы в любой сезон. Сочетайте нашу рубашку с жакетами и жилетами",97691,Рубашка классика бамбук,8870,Рубашки и блузы,Белый,,"Любимая рубашка из бамбука теперь и в классическом крое. Бамбуковая ткань практически не мнется, что позволяет создавать многослойные образы в любой сезон. Сочетайте нашу рубашку с жакетами и жилетами, носите с ремнями и джемперами. В любом из этих сочетаний она будет смотреться эффектно.",https://daisyknit.ru/catalog/rubashki_i_bluzy/rubashka_klassika_bambuk/?sku=97691,"Рубашка классика бамбук, Рубашки и блузы, Белый. Любимая рубашка из бамбука теперь и в классическом крое. Бамбуковая ткань практически не мнется, что позволяет создавать многослойные образы в любой сезон. Сочетайте нашу рубашку с жакетами и жилетами, носите с ремнями и джемперами. В любом из этих сочетаний она будет смотреться эффектно.","«Классическая рубашка из бамбука, белая. Бамбуковая ткань почти не мнётся. Сочетается с жакетами, жилетами, ремнями и джемперами.»"
93268_1.webp,"Рубашка прямого силуэта из бамбука. Рубашки и блузы. Молочный. . Рубашка прямого силуэта из костюмной ткани с супатной застежкой. Концы воротника удлиненные, а по боковым швам разрезы с закругленными концами, благодаря им, рубашку можно носить навыпуск.",93268,Рубашка прямого силуэта из бамбука,8870,Рубашки и блузы,Молочный,,"Рубашка прямого силуэта из костюмной ткани с супатной застежкой. Концы воротника удлиненные, а по боковым швам разрезы с закругленными концами, благодаря им, рубашку можно носить навыпуск.",https://daisyknit.ru/catalog/rubashki_i_bluzy/rubashka_pryamogo_silueta_iz_bambuka/?sku=93268,"Рубашка прямого силуэта из бамбука, Рубашки и блузы, Молочный. Рубашка прямого силуэта из костюмной ткани с супатной застежкой. Концы воротника удлиненные, а по боковым швам разрезы с закругленными концами, благодаря им, рубашку можно носить навыпуск.","«Рубашка прямого силуэта из бамбука, молочного цвета, с костюмной тканью, супатной застёжкой и удлинёнными концами воротника. По бокам — разрезы с закруглёнными концами.»"
88504_1.webp,"Рубашка базовая бамбук. Рубашки и блузы. Белый. . Любимая рубашка свободного силуэта из бамбуковой ткани, которая практически не мнется. Это позволяет создавать многослойные образы в любой сезон. Сочетайте нашу рубашку с жакетами и жилетами, носите с",88504,Рубашка базовая бамбук,8870,Рубашки и блузы,Белый,,"Любимая рубашка свободного силуэта из бамбуковой ткани, которая практически не мнется. Это позволяет создавать многослойные образы в любой сезон. Сочетайте нашу рубашку с жакетами и жилетами, носите с ремнями и джемперами.",https://daisyknit.ru/catalog/rubashki_i_bluzy/rubashka_bazovaya_bambuk/?sku=88504,"Рубашка базовая бамбук, Рубашки и блузы, Белый. Любимая рубашка свободного силуэта из бамбуковой ткани, которая практически не мнется. Это позволяет создавать многослойные образы в любой сезон. Сочетайте нашу рубашку с жакетами и жилетами, носите с ремнями и джемперами.","«Базовая рубашка свободного силуэта из бамбука, белая. Практически не мнётся — идеальна для многослойных образов.»"
89370_1.webp,"Блуза на запахе из фактурной ткани. Рубашки и блузы. Чёрный. . Блуза на запахе из фактурной ткани создает элегантный силуэт. Свободный крой обеспечивает комфорт и свободу движения, а расширенные плечи становятся отличным модным акцентом.",89370,Блуза на запахе из фактурной ткани,4450,Рубашки и блузы,Чёрный,,"Блуза на запахе из фактурной ткани создает элегантный силуэт. Свободный крой обеспечивает комфорт и свободу движения, а расширенные плечи становятся отличным модным акцентом.",https://daisyknit.ru/catalog/rubashki_i_bluzy/bluza_na_zapakhe_iz_fakturnoy_tkani/?sku=89370,"Блуза на запахе из фактурной ткани, Рубашки и блузы, Чёрный. Блуза на запахе из фактурной ткани создает элегантный силуэт. Свободный крой обеспечивает комфорт и свободу движения, а расширенные плечи становятся отличным модным акцентом.","«Блуза на запахе из фактурной ткани, чёрная, свободный крой, с расширенными плечами — создаёт элегантный силуэт.»"
80030_1.webp,"Рубашка классика бамбук. Рубашки и блузы. Белый. . Любимая рубашка из бамбука теперь и в классическом крое. Бамбуковая ткань практически не мнется, что позволяет создавать многослойные образы в любой сезон. Сочетайте нашу рубашку с жакетами и жилетами",80030,Рубашка классика бамбук,4435,Рубашки и блузы,Белый,,"Любимая рубашка из бамбука теперь и в классическом крое. Бамбуковая ткань практически не мнется, что позволяет создавать многослойные образы в любой сезон. Сочетайте нашу рубашку с жакетами и жилетами, носите с ремнями и джемперами. В любом из этих сочетаний она будет смотреться эффектно.",https://daisyknit.ru/catalog/rubashki_i_bluzy/rubashka_klassika_bambuk/?sku=80030,"Рубашка классика бамбук, Рубашки и блузы, Белый. Любимая рубашка из бамбука теперь и в классическом крое. Бамбуковая ткань практически не мнется, что позволяет создавать многослойные образы в любой сезон. Сочетайте нашу рубашку с жакетами и жилетами, носите с ремнями и джемперами. В любом из этих сочетаний она будет смотреться эффектно.","«Классическая рубашка из бамбука, белая. Бамбуковая ткань почти не мнётся. Сочетается с жакетами, жилетами, ремнями и джемперами.»"
101670_1.webp,Джемпер тонкий из шерсти. Свитеры и джемперы. Пудровый. . Джемпер из тонкой шерсти свободного кроя. Спущенная линия плеча и резинка по низу изделия позволяют создавать расслабленный и стильный образ.,101670,Джемпер тонкий из шерсти,5945,Свитеры и джемперы,Пудровый,,Джемпер из тонкой шерсти свободного кроя. Спущенная линия плеча и резинка по низу изделия позволяют создавать расслабленный и стильный образ.,https://daisyknit.ru/catalog/svitery_i_dzhempery/dzhemper_tonkiy_iz_shersti/?sku=101670,"Джемпер тонкий из шерсти, Свитеры и джемперы, Пудровый. Джемпер из тонкой шерсти свободного кроя. Спущенная линия плеча и резинка по низу изделия позволяют создавать расслабленный и стильный образ.","«Джемпер из тонкой шерсти, пудровый, свободного кроя. Спущенная линия плеча и резинка внизу — для расслабленного стиля.»"
101672_1.webp,Джемпер тонкий из шерсти. Свитеры и джемперы. Пудровый. . Джемпер из тонкой шерсти свободного кроя. Спущенная линия плеча и резинка по низу изделия позволяют создавать расслабленный и стильный образ.,101672,Джемпер тонкий из шерсти,5945,Свитеры и джемперы,Пудровый,,Джемпер из тонкой шерсти свободного кроя. Спущенная линия плеча и резинка по низу изделия позволяют создавать расслабленный и стильный образ.,https://daisyknit.ru/catalog/svitery_i_dzhempery/dzhemper_tonkiy_iz_shersti/?sku=101672,"Джемпер тонкий из шерсти, Свитеры и джемперы, Пудровый. Джемпер из тонкой шерсти свободного кроя. Спущенная линия плеча и резинка по низу изделия позволяют создавать расслабленный и стильный образ.","«Джемпер из тонкой шерсти, пудровый, свободного кроя. Спущенная линия плеча и резинка внизу — для расслабленного стиля.»"
108553_1.webp,Водолазка вязаная с шерстью. Вязаный трикотаж. Жёлтый. . Вязаная водолазка из тонкой шерсти. Высокая горловина и прилегающий силуэт станут основой для утепленных женственных комплектов.,108553,Водолазка вязаная с шерстью,6223,Вязаный трикотаж,Жёлтый,,Вязаная водолазка из тонкой шерсти. Высокая горловина и прилегающий силуэт станут основой для утепленных женственных комплектов.,https://daisyknit.ru/catalog/vyazanyy_trikotazh/vodolazka_vyazanaya_s_sherstyu/?sku=108553,"Водолазка вязаная с шерстью, Вязаный трикотаж, Жёлтый. Вязаная водолазка из тонкой шерсти. Высокая горловина и прилегающий силуэт станут основой для утепленных женственных комплектов.","«Вязаная водолазка из шерсти, жёлтая, с высокой горловиной и приталенным силуэтом — для женственных комплектов.»"
109528_1.webp,Джемпер базовый из шерсти. Вязаный трикотаж. Красный. . Джемпер оверсайз со спущенным плечом с круглой горловиной. Длину до середины бедра легко комбинировать с базовыми позициями гардероба.,109528,Джемпер базовый из шерсти,11123,Вязаный трикотаж,Красный,,Джемпер оверсайз со спущенным плечом с круглой горловиной. Длину до середины бедра легко комбинировать с базовыми позициями гардероба.,https://daisyknit.ru/catalog/vyazanyy_trikotazh/dzhemper_bazovyy_iz_shersti/?sku=109528,"Джемпер базовый из шерсти, Вязаный трикотаж, Красный. Джемпер оверсайз со спущенным плечом с круглой горловиной. Длину до середины бедра легко комбинировать с базовыми позициями гардероба.","«Джемпер оверсайз из шерсти, вязаный, с круглой горловиной и спущенным плечом, красный, длина до середины бедра — легко сочетается с базовыми вещами.»"
108555_1.webp,Водолазка вязаная с шерстью. Вязаный трикотаж. Жёлтый. . Вязаная водолазка из тонкой шерсти. Высокая горловина и прилегающий силуэт станут основой для утепленных женственных комплектов.,108555,Водолазка вязаная с шерстью,6223,Вязаный трикотаж,Жёлтый,,Вязаная водолазка из тонкой шерсти. Высокая горловина и прилегающий силуэт станут основой для утепленных женственных комплектов.,https://daisyknit.ru/catalog/vyazanyy_trikotazh/vodolazka_vyazanaya_s_sherstyu/?sku=108555,"Водолазка вязаная с шерстью, Вязаный трикотаж, Жёлтый. Вязаная водолазка из тонкой шерсти. Высокая горловина и прилегающий силуэт станут основой для утепленных женственных комплектов.","«Вязаная водолазка из шерсти, жёлтая, с высокой горловиной и приталенным силуэтом — для женственных комплектов.»"
91588_1.webp,Джемпер прозрачный из тонкой шерсти. Вязаный трикотаж. Мятный. . Нежнейший и тончайший джемпер из деликатной шерсти с длинным рукавом и круглой горловиной. Джемпер никого не оставит равнодушным своей воздушностью.,91588,Джемпер прозрачный из тонкой шерсти,7560,Вязаный трикотаж,Мятный,,Нежнейший и тончайший джемпер из деликатной шерсти с длинным рукавом и круглой горловиной. Джемпер никого не оставит равнодушным своей воздушностью.,https://daisyknit.ru/catalog/vyazanyy_trikotazh/dzhemper_prozrachnyy_iz_tonkoy_shersti/?sku=91588,"Джемпер прозрачный из тонкой шерсти, Вязаный трикотаж, Мятный. Нежнейший и тончайший джемпер из деликатной шерсти с длинным рукавом и круглой горловиной. Джемпер никого не оставит равнодушным своей воздушностью.","«Джемпер прозрачный, из тонкой шерсти, с длинным рукавом и круглой горловиной — воздушный и нежный.»"
104029_1.webp,Джемпер с коротким рукавом из пряжи с шелком. Вязаный трикотаж. Мятный. . Элегантный джемпер с добавлением шелка. Длина до середины бедра и рукав до линии локтя создают основу для деловых комплектов вне времени.,104029,Джемпер с коротким рукавом из пряжи с шелком,9800,Вязаный трикотаж,Мятный,,Элегантный джемпер с добавлением шелка. Длина до середины бедра и рукав до линии локтя создают основу для деловых комплектов вне времени.,https://daisyknit.ru/catalog/vyazanyy_trikotazh/dzhemper_s_korotkim_rukavom_iz_pryazhi_s_shelkom/?sku=104029,"Джемпер с коротким рукавом из пряжи с шелком, Вязаный трикотаж, Мятный. Элегантный джемпер с добавлением шелка. Длина до середины бедра и рукав до линии локтя создают основу для деловых комплектов вне времени.","«Джемпер с коротким рукавом из шёлковой пряжи, мятный, длина до середины бедра — основа для деловых комплектов.»"
97796_1.webp,"Джемпер прозрачный с квадратным вырезом и воротником. Вязаный трикотаж. Белый. . Джемпер с квадратным вырезом и съемной высокой горловиной тонкой полупрозрачной вязки. Длинный рукав, прилегающий силуэт и длина выше линии бедер создают основу для многослойных комплектов.",97796,Джемпер прозрачный с квадратным вырезом и воротником,4945,Вязаный трикотаж,Белый,,"Джемпер с квадратным вырезом и съемной высокой горловиной тонкой полупрозрачной вязки. Длинный рукав, прилегающий силуэт и длина выше линии бедер создают основу для многослойных комплектов.",https://daisyknit.ru/catalog/vyazanyy_trikotazh/dzhemper_prozrachnyy_s_kvadratnym_vyrezom_i_vorotnikom/?sku=97796,"Джемпер прозрачный с квадратным вырезом и воротником, Вязаный трикотаж, Белый. Джемпер с квадратным вырезом и съемной высокой горловиной тонкой полупрозрачной вязки. Длинный рукав, прилегающий силуэт и длина выше линии бедер создают основу для многослойных комплектов.","«Джемпер прозрачный, с квадратным вырезом и съёмной высокой горловиной, белый, из тонкого трикотажа. Прилегающий силуэт, длинный рукав, длина выше линии бёдер.»"
96129_1.webp,Свитер из шерсти с рельефными швами. Вязаный трикотаж. Лимонный. . Свитер свободного кроя с декоративными швами и спущенным плечом. С ним вы создадите расслабленный образ за несколько минут.,96129,Свитер из шерсти с рельефными швами,11760,Вязаный трикотаж,Лимонный,,Свитер свободного кроя с декоративными швами и спущенным плечом. С ним вы создадите расслабленный образ за несколько минут.,https://daisyknit.ru/catalog/vyazanyy_trikotazh/sviter_iz_shersti_s_relefnymi_shvami/?sku=96129,"Свитер из шерсти с рельефными швами, Вязаный трикотаж, Лимонный. Свитер свободного кроя с декоративными швами и спущенным плечом. С ним вы создадите расслабленный образ за несколько минут.","«Свитер из шерсти, свободный крой, спущенное плечо и рельефные швы — создаст расслабленный образ.»"
91593_1.webp,Джемпер прозрачный из тонкой шерсти. Вязаный трикотаж. Мятный. . Нежнейший и тончайший джемпер из деликатной шерсти с длинным рукавом и круглой горловиной. Джемпер никого не оставит равнодушным своей воздушностью.,91593,Джемпер прозрачный из тонкой шерсти,7560,Вязаный трикотаж,Мятный,,Нежнейший и тончайший джемпер из деликатной шерсти с длинным рукавом и круглой горловиной. Джемпер никого не оставит равнодушным своей воздушностью.,https://daisyknit.ru/catalog/vyazanyy_trikotazh/dzhemper_prozrachnyy_iz_tonkoy_shersti/?sku=91593,"Джемпер прозрачный из тонкой шерсти, Вязаный трикотаж, Мятный. Нежнейший и тончайший джемпер из деликатной шерсти с длинным рукавом и круглой горловиной. Джемпер никого не оставит равнодушным своей воздушностью.","«Джемпер прозрачный, из тонкой шерсти, с длинным рукавом и круглой горловиной — воздушный и нежный.»"
89479_1.webp,"Джемпер с коротким рукавом из легкого смесового хлопка. Свитеры и джемперы. Чёрный. . Тонкий джемпер оверсайз из хлопковой пряжи с коротким рукавом. Рукав реглан отлично корректирует ширину плеча, создавая стройный силуэт.",89479,Джемпер с коротким рукавом из легкого смесового хлопка,9890,Свитеры и джемперы,Чёрный,,"Тонкий джемпер оверсайз из хлопковой пряжи с коротким рукавом. Рукав реглан отлично корректирует ширину плеча, создавая стройный силуэт.",https://daisyknit.ru/catalog/svitery_i_dzhempery/dzhemper_s_korotkim_rukavom_iz_legkogo_smesovogo_khlopka/?sku=89479,"Джемпер с коротким рукавом из легкого смесового хлопка, Свитеры и джемперы, Чёрный. Тонкий джемпер оверсайз из хлопковой пряжи с коротким рукавом. Рукав реглан отлично корректирует ширину плеча, создавая стройный силуэт.","«Джемпер оверсайз из хлопка, короткий рукав реглан — корректирует плечи и создаёт стройный силуэт, чёрный.»"
118551_1.webp,"Косынка вязаная из лиоцелла. Сумки и аксессуары. Кофейный. . Вязаная косынка из мягкой, дышащей пряжи с выразительной ажурной фактурой. Треугольная форма позволяет носить косынку разными способами — на шее, плечах или в качестве акцента на голове. Лаконичный ди",118551,Косынка вязаная из лиоцелла,5890,Сумки и аксессуары,Кофейный,,"Вязаная косынка из мягкой, дышащей пряжи с выразительной ажурной фактурой. Треугольная форма позволяет носить косынку разными способами — на шее, плечах или в качестве акцента на голове. Лаконичный дизайн делает её универсальным дополнением к повседневным и более собранным образам, сохраняя баланс между комфортом и эстетикой.",https://daisyknit.ru/catalog/sumki_i_aksessuary/kosynka_vyazanaya_iz_liotsella/?sku=118551,"Косынка вязаная из лиоцелла, Сумки и аксессуары, Кофейный. Вязаная косынка из мягкой, дышащей пряжи с выразительной ажурной фактурой. Треугольная форма позволяет носить косынку разными способами — на шее, плечах или в качестве акцента на голове. Лаконичный дизайн делает её универсальным дополнением к повседневным и более собранным образам, сохраняя баланс между комфортом и эстетикой.","Вязаная косынка из лиоцелла, кофейная, с ажурной фактурой. Универсальная, подходит для повседневных образов."
118999_1.webp,Сумка из хлопка с цветочным принтом. Сумки и аксессуары. Молочный. . Модель из хлопка с цветочным принтом — удобный и универсальный вариант для повседневных дел. Натуральная ткань с деликатным и романтичным рисунком добавляет свежести образу. Мягкая конструкция и широк,118999,Сумка из хлопка с цветочным принтом,4890,Сумки и аксессуары,Молочный,,"Модель из хлопка с цветочным принтом — удобный и универсальный вариант для повседневных дел. Натуральная ткань с деликатным и романтичным рисунком добавляет свежести образу. Мягкая конструкция и широкие ручки делают сумку практичной: она легко вмещает всё необходимое. Легкая, компактно складывается и вписывается в разные стили. Она может стать вашим постоянным спутником и добавить нежный акцент в привычные комплекты.Выход данной модели ожидаем с 30 апреля по 7 мая.",https://daisyknit.ru/catalog/sumki_i_aksessuary/sumka_iz_khlopka_s_tsvetochnym_printom/?sku=118999,"Сумка из хлопка с цветочным принтом, Сумки и аксессуары, Молочный. Модель из хлопка с цветочным принтом — удобный и универсальный вариант для повседневных дел. Натуральная ткань с деликатным и романтичным рисунком добавляет свежести образу. Мягкая конструкция и широкие ручки делают сумку практичной: она легко вмещает всё необходимое. Легкая, компактно складывается и вписывается в разные стили. Она может стать вашим постоянным спутником и добавить нежный акцент в привычные комплекты.Выход данной модели ожидаем с 30 апреля по 7 мая.","«Хлопковая сумка с цветочным принтом, молочного цвета. Романтичный принт, мягкая конструкция и широкие ручки. Лёгкая, компактная, подходит для разных стилей.»"
117925_1.webp,"Повязка на голову из хлопка в клетку. Сумки и аксессуары. Серый. . Повязка на голову из хлопка с клетчатым принтом — стильная и функциональная деталь для завершения летнего образа. В конструкции предусмотрена резинка, благодаря которой повязка удобно и надёжно фиксир",117925,Повязка на голову из хлопка в клетку,1890,Сумки и аксессуары,Серый,,"Повязка на голову из хлопка с клетчатым принтом — стильная и функциональная деталь для завершения летнего образа. В конструкции предусмотрена резинка, благодаря которой повязка удобно и надёжно фиксируется и подходит на любой размер головы. Подчёркивает индивидуальность, помогает аккуратно убрать волосы и добавить в образ нотку лёгкой ретро-романтики. Идеальна как для пляжа и прогулок, так и для городской повседневности.",https://daisyknit.ru/catalog/sumki_i_aksessuary/povyazka_na_golovu_iz_khlopka_v_kletku/?sku=117925,"Повязка на голову из хлопка в клетку, Сумки и аксессуары, Серый. Повязка на голову из хлопка с клетчатым принтом — стильная и функциональная деталь для завершения летнего образа. В конструкции предусмотрена резинка, благодаря которой повязка удобно и надёжно фиксируется и подходит на любой размер головы. Подчёркивает индивидуальность, помогает аккуратно убрать волосы и добавить в образ нотку лёгкой ретро-романтики. Идеальна как для пляжа и прогулок, так и для городской повседневности.","Повязка на голову из хлопка в клетку — стильная деталь для летнего образа. Резинка обеспечивает надёжную фиксацию. Добавляет ретро-нотку. Подходит для пляжа, прогулок и города."
118131_1.webp,Панама из хлопка. Сумки и аксессуары. Песочный. . Широкополая панама песочного оттенка — стильная и функциональная деталь летнего образа. Выполнена из плотного хлопка и дополнена цветным шнуром с фиксатором. Благодаря мягким полям она надёжно защищае,118131,Панама из хлопка,4890,Сумки и аксессуары,Песочный,,Широкополая панама песочного оттенка — стильная и функциональная деталь летнего образа. Выполнена из плотного хлопка и дополнена цветным шнуром с фиксатором. Благодаря мягким полям она надёжно защищает лицо и шею от солнца.,https://daisyknit.ru/catalog/sumki_i_aksessuary/panama_iz_khlopka/?sku=118131,"Панама из хлопка, Сумки и аксессуары, Песочный. Широкополая панама песочного оттенка — стильная и функциональная деталь летнего образа. Выполнена из плотного хлопка и дополнена цветным шнуром с фиксатором. Благодаря мягким полям она надёжно защищает лицо и шею от солнца.",Панама песочного цвета из плотного хлопка с цветным шнуром — стильный летний аксессуар.
105959_1.webp,"Сумка кроше из хлопка. Сумки и аксессуары. Молочный. . Маленькая, но очень милая сумочка кроше из хлопка станет отличным завершением вашего образа.",105959,Сумка кроше из хлопка,4890,Сумки и аксессуары,Молочный,,"Маленькая, но очень милая сумочка кроше из хлопка станет отличным завершением вашего образа.",https://daisyknit.ru/catalog/sumki_i_aksessuary/sumka_kroshe_iz_khlopka/?sku=105959,"Сумка кроше из хлопка, Сумки и аксессуары, Молочный. Маленькая, но очень милая сумочка кроше из хлопка станет отличным завершением вашего образа.","«Сумка кроше из хлопка, молочного цвета.»"
105778_1.webp,"Сумка из хлопка Broderie Anglaise. Сумки и аксессуары. Белый. . Сумка-трансформер из нежного шитья, которую вы сможете адаптировать под разные задачи. Носите ее как шоппер в течение дня, а вечерами трансформируйте в милую сумочку для прогулки.",105778,Сумка из хлопка Broderie Anglaise,6800,Сумки и аксессуары,Белый,,"Сумка-трансформер из нежного шитья, которую вы сможете адаптировать под разные задачи. Носите ее как шоппер в течение дня, а вечерами трансформируйте в милую сумочку для прогулки.",https://daisyknit.ru/catalog/sumki_i_aksessuary/sumka_iz_khlopka_broderie_anglaise/?sku=105778,"Сумка из хлопка Broderie Anglaise, Сумки и аксессуары, Белый. Сумка-трансформер из нежного шитья, которую вы сможете адаптировать под разные задачи. Носите ее как шоппер в течение дня, а вечерами трансформируйте в милую сумочку для прогулки.","«Хлопковая сумка Broderie Anglaise, белая, трансформер — можно носить как шоппер и как сумочку для прогулки.»"
105960_1.webp,"Сумка сетка из хлопка. Сумки и аксессуары. Чёрный. . Сумка сетка из хлопка в черном цвете с бежевым внутренним мешочком, отлично дополнит летние образы в льняных костюмах.",105960,Сумка сетка из хлопка,4890,Сумки и аксессуары,Чёрный,,"Сумка сетка из хлопка в черном цвете с бежевым внутренним мешочком, отлично дополнит летние образы в льняных костюмах.",https://daisyknit.ru/catalog/sumki_i_aksessuary/sumka_setka_iz_khlopka/?sku=105960,"Сумка сетка из хлопка, Сумки и аксессуары, Чёрный. Сумка сетка из хлопка в черном цвете с бежевым внутренним мешочком, отлично дополнит летние образы в льняных костюмах.","«Хлопковая сумка-сетка, чёрная, с бежевым внутренним мешочком — дополнит летние образы в льняных костюмах.»"
91694_1.webp,"Сумка текстильная из канваса. Сумки и аксессуары. Молочный. . Сумка из плотного канваса с кожаными деталями сочетает в себе лаконичность дизайна и продуманную функциональность. Мягкий корпус держит форму, оставаясь гибким и удобным в повседневном использовании, ",91694,Сумка текстильная из канваса,11700,Сумки и аксессуары,Молочный,,"Сумка из плотного канваса с кожаными деталями сочетает в себе лаконичность дизайна и продуманную функциональность. Мягкий корпус держит форму, оставаясь гибким и удобным в повседневном использовании, а контрастная кожаная отделка добавляет графичности.Вместительное основное отделение позволяет легко разместить всё необходимое, а широкое открывание обеспечивает быстрый доступ к содержимому. Сумка комфортно носится в руке или на сгибе локтя, органично дополняя как расслабленные, так и более собранные образы. Универсальная модель на каждый день, в которой практичность сочетается с чистотой линий.",https://daisyknit.ru/catalog/sumki_i_aksessuary/sumka_tekstilnaya_iz_kanvasa/?sku=91694,"Сумка текстильная из канваса, Сумки и аксессуары, Молочный. Сумка из плотного канваса с кожаными деталями сочетает в себе лаконичность дизайна и продуманную функциональность. Мягкий корпус держит форму, оставаясь гибким и удобным в повседневном использовании, а контрастная кожаная отделка добавляет графичности.Вместительное основное отделение позволяет легко разместить всё необходимое, а широкое открывание обеспечивает быстрый доступ к содержимому. Сумка комфортно носится в руке или на сгибе локтя, органично дополняя как расслабленные, так и более собранные образы. Универсальная модель на каждый день, в которой практичность сочетается с чистотой линий.","Текстильная сумка из канваса, молочного цвета. Сумка с кожаными деталями — лаконичный и функциональный аксессуар. Вместительная, с широким открыванием. Удобно носить в руке или на сгибе локтя. Подходит для расслабленных и собранных образов."
105630_1.webp,Сумка из прозрачной ткани. Сумки и аксессуары. Серый. . Сумка из прозрачной ткани станет неотъемлемой частью вашего образа.,105630,Сумка из прозрачной ткани,4500,Сумки и аксессуары,Серый,,Сумка из прозрачной ткани станет неотъемлемой частью вашего образа.,https://daisyknit.ru/catalog/sumki_i_aksessuary/sumka_iz_prozrachnoy_tkani/?sku=105630,"Сумка из прозрачной ткани, Сумки и аксессуары, Серый. Сумка из прозрачной ткани станет неотъемлемой частью вашего образа.",«Прозрачная серая сумка — станет частью вашего образа.»
105635_1.webp,Панама из органзы. Сумки и аксессуары. Серый. . Панама — головной убор из полупрозрачной ткани с узкими полями.,105635,Панама из органзы,3500,Сумки и аксессуары,Серый,,Панама — головной убор из полупрозрачной ткани с узкими полями.,https://daisyknit.ru/catalog/sumki_i_aksessuary/panama_iz_organzy/?sku=105635,"Панама из органзы, Сумки и аксессуары, Серый. Панама — головной убор из полупрозрачной ткани с узкими полями.","Панама из органзы, серая, с узкими полями."
115660_1.webp,Солнцезащитные очки с поляризацией в овальной оправе. Сумки и аксессуары. Чёрный. . Минималистичные очки с мягкой овальной формой. Сдержанный дизайн делает модель универсальной и легко сочетаемой с повседневными образами. Затемнённые линзы с UV-фильтром обеспечивают комфорт и защиту ,115660,Солнцезащитные очки с поляризацией в овальной оправе,7890,Сумки и аксессуары,Чёрный,,Минималистичные очки с мягкой овальной формой. Сдержанный дизайн делает модель универсальной и легко сочетаемой с повседневными образами. Затемнённые линзы с UV-фильтром обеспечивают комфорт и защиту глаз от солнечного света.Модель представлена в двух цветах — для разных стилистических настроений.,https://daisyknit.ru/catalog/sumki_i_aksessuary/solntsezashchitnye_ochki_s_polyarizatsiey_v_ovalnoy_oprave/?sku=115660,"Солнцезащитные очки с поляризацией в овальной оправе, Сумки и аксессуары, Чёрный. Минималистичные очки с мягкой овальной формой. Сдержанный дизайн делает модель универсальной и легко сочетаемой с повседневными образами. Затемнённые линзы с UV-фильтром обеспечивают комфорт и защиту глаз от солнечного света.Модель представлена в двух цветах — для разных стилистических настроений.","«Минималистичные солнцезащитные очки с мягкой овальной оправой, чёрные. Легко сочетаются с повседневными образами. Затемнённые линзы с UV-фильтром.»"
115661_1.webp,Солнцезащитные очки с поляризацией в овальной оправе. Сумки и аксессуары. Коричневый. . Минималистичные очки с мягкой овальной формой. Сдержанный дизайн делает модель универсальной и легко сочетаемой с повседневными образами. Затемнённые линзы с UV-фильтром обеспечивают комфорт и защиту ,115661,Солнцезащитные очки с поляризацией в овальной оправе,7890,Сумки и аксессуары,Коричневый,,Минималистичные очки с мягкой овальной формой. Сдержанный дизайн делает модель универсальной и легко сочетаемой с повседневными образами. Затемнённые линзы с UV-фильтром обеспечивают комфорт и защиту глаз от солнечного света.Модель представлена в двух цветах — для разных стилистических настроений.,https://daisyknit.ru/catalog/sumki_i_aksessuary/solntsezashchitnye_ochki_s_polyarizatsiey_v_ovalnoy_oprave_1/?sku=115661,"Солнцезащитные очки с поляризацией в овальной оправе, Сумки и аксессуары, Коричневый. Минималистичные очки с мягкой овальной формой. Сдержанный дизайн делает модель универсальной и легко сочетаемой с повседневными образами. Затемнённые линзы с UV-фильтром обеспечивают комфорт и защиту глаз от солнечного света.Модель представлена в двух цветах — для разных стилистических настроений.","«Минималистичные солнцезащитные очки с мягкой овальной оправой, коричневые. Легко сочетаются с повседневными образами. С UV-фильтром.»"
102834_1.webp,"Солнцезащитные очки с поляризацией в прямоугольной оправе. Сумки и аксессуары. Чёрный. . Лаконичные очки с чистой геометрией и сдержанным силуэтом. Универсальная форма легко вписывается в повседневные образы и остаётся аккуратным акцентом. Линзы Cat 3 – сильно затемнённые, что позволяет и",102834,Солнцезащитные очки с поляризацией в прямоугольной оправе,7800,Сумки и аксессуары,Чёрный,,"Лаконичные очки с чистой геометрией и сдержанным силуэтом. Универсальная форма легко вписывается в повседневные образы и остаётся аккуратным акцентом. Линзы Cat 3 – сильно затемнённые, что позволяет им пропускать всего 8–18% ультрафиолета.В комплекте с очками,  футляр черного цвета  и салфетка.",https://daisyknit.ru/catalog/sumki_i_aksessuary/solntsezashchitnye_ochki_s_polyarizatsiey_v_pryamougolnoy_oprave/?sku=102834,"Солнцезащитные очки с поляризацией в прямоугольной оправе, Сумки и аксессуары, Чёрный. Лаконичные очки с чистой геометрией и сдержанным силуэтом. Универсальная форма легко вписывается в повседневные образы и остаётся аккуратным акцентом. Линзы Cat 3 – сильно затемнённые, что позволяет им пропускать всего 8–18% ультрафиолета.В комплекте с очками,  футляр черного цвета  и салфетка.","«Прямоугольные солнцезащитные очки с поляризацией, чёрные, с чистой геометрией — универсальный акцент в повседневных образах.»"
115662_1.webp,"Солнцезащитные очки с поляризацией в прямоугольной оправе. Сумки и аксессуары. Коричневый. . Лаконичные очки с чистой геометрией и сдержанным силуэтом. Универсальная форма легко вписывается в повседневные образы и остаётся аккуратным акцентом. Линзы Cat 3 – сильно затемнённые, что позволяет и",115662,Солнцезащитные очки с поляризацией в прямоугольной оправе,7890,Сумки и аксессуары,Коричневый,,"Лаконичные очки с чистой геометрией и сдержанным силуэтом. Универсальная форма легко вписывается в повседневные образы и остаётся аккуратным акцентом. Линзы Cat 3 – сильно затемнённые, что позволяет им пропускать всего 8–18% ультрафиолета.В комплекте с очками,  футляр черного цвета  и салфетка.",https://daisyknit.ru/catalog/sumki_i_aksessuary/solntsezashchitnye_ochki_s_polyarizatsiey_v_pryamougolnoy_oprave_1/?sku=115662,"Солнцезащитные очки с поляризацией в прямоугольной оправе, Сумки и аксессуары, Коричневый. Лаконичные очки с чистой геометрией и сдержанным силуэтом. Универсальная форма легко вписывается в повседневные образы и остаётся аккуратным акцентом. Линзы Cat 3 – сильно затемнённые, что позволяет им пропускать всего 8–18% ультрафиолета.В комплекте с очками,  футляр черного цвета  и салфетка.","«Прямоугольные солнцезащитные очки с поляризацией, коричневые. Универсальная форма, сдержанный силуэт. Линзы Cat 3 — сильно затемнённые.»"
110936_1.webp,"Платок с принтом. Сумки и аксессуары. Шоколадный. . Платок из струящейся ткани с принтом. В жаркую жару может заменить даже топ и составить незабываемый образ как с юбками, так и с брюками.",110936,Платок с принтом,6890,Сумки и аксессуары,Шоколадный,,"Платок из струящейся ткани с принтом. В жаркую жару может заменить даже топ и составить незабываемый образ как с юбками, так и с брюками.",https://daisyknit.ru/catalog/sumki_i_aksessuary/platok_s_printom/?sku=110936,"Платок с принтом, Сумки и аксессуары, Шоколадный. Платок из струящейся ткани с принтом. В жаркую жару может заменить даже топ и составить незабываемый образ как с юбками, так и с брюками.",«Платок с принтом из струящейся ткани — станет ярким акцентом в образе с юбкой или брюками.»
116389_1.webp,"Бокс тепла и заботы DAISYKNIT x OPU. Сумки и аксессуары. Бежевый. . Совместная коллаборация DAISYKNIT × OPU by IRENA — это диалог о повседневной заботе, эстетике простых форм и удовольствии от прикосновения.В лимитированную серию вошли:кожаные перчатки в универсальном",116389,Бокс тепла и заботы DAISYKNIT x OPU,5900,Сумки и аксессуары,Бежевый,,"Совместная коллаборация DAISYKNIT × OPU by IRENA — это диалог о повседневной заботе, эстетике простых форм и удовольствии от прикосновения.В лимитированную серию вошли:кожаные перчатки в универсальном природном оттенке и крем-флюид для рук, созданный для ежедневного ухода.Оба продукта объединены в минималистичный бумажный бокс, продуманный как завершённый ритуал: защита, уход и ощущение уюта — в одном жесте.Перчатки выполнены из мягкой натуральной кожи, которая со временем красиво раскрывается и адаптируется к руке. Крем для рук дополняет этот опыт: он быстро впитывается, глубоко увлажняет кожу и оставляет ощущение комфорта без липкости.Коллаборация отражает общие ценности брендов — внимание к деталям, сдержанную эстетику и уважение к тактильности. Это подарок себе или близкому человеку, в котором важна не только функция, но и ощущение.DAISYKNIT × OPU by IRENA — когда забота становится красивым ритуалом.",https://daisyknit.ru/catalog/sumki_i_aksessuary/boks_tepla_i_zaboty_daisyknit_x_opu/?sku=116389,"Бокс тепла и заботы DAISYKNIT x OPU, Сумки и аксессуары, Бежевый. Совместная коллаборация DAISYKNIT × OPU by IRENA — это диалог о повседневной заботе, эстетике простых форм и удовольствии от прикосновения.В лимитированную серию вошли:кожаные перчатки в универсальном природном оттенке и крем-флюид для рук, созданный для ежедневного ухода.Оба продукта объединены в минималистичный бумажный бокс, продуманный как завершённый ритуал: защита, уход и ощущение уюта — в одном жесте.Перчатки выполнены из мягкой натуральной кожи, которая со временем красиво раскрывается и адаптируется к руке. Крем для рук дополняет этот опыт: он быстро впитывается, глубоко увлажняет кожу и оставляет ощущение комфорта без липкости.Коллаборация отражает общие ценности брендов — внимание к деталям, сдержанную эстетику и уважение к тактильности. Это подарок себе или близкому человеку, в котором важна не только функция, но и ощущение.DAISYKNIT × OPU by IRENA — когда забота становится красивым ритуалом.",«Перчатки из мягкой натуральной кожи от DAISYKNIT x OPU by IRENA — универсальный природный оттенок. Подарок с заботой.»
109654_1.webp,Ремень из кожи с анималистичной фактурой. Сумки и аксессуары. Темно-зелёный. . Ремень из кожи с анималистичной фактурой. Данный аксессуар станет отличным завершением Вашего образа.,109654,Ремень из кожи с анималистичной фактурой,5890,Сумки и аксессуары,Темно-зелёный,,Ремень из кожи с анималистичной фактурой. Данный аксессуар станет отличным завершением Вашего образа.,https://daisyknit.ru/catalog/sumki_i_aksessuary/remen_iz_kozhi_s_animalistichnoy_fakturoy/?sku=109654,"Ремень из кожи с анималистичной фактурой, Сумки и аксессуары, Темно-зелёный. Ремень из кожи с анималистичной фактурой. Данный аксессуар станет отличным завершением Вашего образа.","«Кожаный ремень с анималистичной фактурой, тёмно-зелёный — завершит ваш образ.»"
109656_1.webp,Ремень из кожи с анималистичной фактурой. Сумки и аксессуары. Темно-зелёный. . Ремень из кожи с анималистичной фактурой. Данный аксессуар станет отличным завершением Вашего образа.,109656,Ремень из кожи с анималистичной фактурой,5890,Сумки и аксессуары,Темно-зелёный,,Ремень из кожи с анималистичной фактурой. Данный аксессуар станет отличным завершением Вашего образа.,https://daisyknit.ru/catalog/sumki_i_aksessuary/remen_iz_kozhi_s_animalistichnoy_fakturoy/?sku=109656,"Ремень из кожи с анималистичной фактурой, Сумки и аксессуары, Темно-зелёный. Ремень из кожи с анималистичной фактурой. Данный аксессуар станет отличным завершением Вашего образа.","«Кожаный ремень с анималистичной фактурой, тёмно-зелёный — завершит ваш образ.»"
115708_1.webp,"Носки тонкие из вискозы. Сумки и аксессуары. Чёрный. . Лёгкие тонкие носки из мягкой вискозы — базовый аксессуар для повседневных образов. Тонкий материал комфортно прилегает к ноге, обеспечивает воздухопроницаемость и подходит для носки с обувью на плоск",115708,Носки тонкие из вискозы,890,Сумки и аксессуары,Чёрный,,"Лёгкие тонкие носки из мягкой вискозы — базовый аксессуар для повседневных образов. Тонкий материал комфортно прилегает к ноге, обеспечивает воздухопроницаемость и подходит для носки с обувью на плоской подошве и на каблуке. Сдержанный дизайн делает носки универсальным дополнением к гардеробу.",https://daisyknit.ru/catalog/sumki_i_aksessuary/noski_tonkie_iz_viskozy/?sku=115708,"Носки тонкие из вискозы, Сумки и аксессуары, Чёрный. Лёгкие тонкие носки из мягкой вискозы — базовый аксессуар для повседневных образов. Тонкий материал комфортно прилегает к ноге, обеспечивает воздухопроницаемость и подходит для носки с обувью на плоской подошве и на каблуке. Сдержанный дизайн делает носки универсальным дополнением к гардеробу.","«Тонкие носки из вискозы, чёрные. Комфортные и воздухопроницаемые — подходят для любой обуви. Универсальный дизайн.»"
109646_1.webp,Ремень кожаный. Сумки и аксессуары. Коричневый. . Ремень из натуральной кожи с лаконичной пряжкой.,109646,Ремень кожаный,5890,Сумки и аксессуары,Коричневый,,Ремень из натуральной кожи с лаконичной пряжкой.,https://daisyknit.ru/catalog/sumki_i_aksessuary/remen_kozhanyy/?sku=109646,"Ремень кожаный, Сумки и аксессуары, Коричневый. Ремень из натуральной кожи с лаконичной пряжкой.","«Кожаный ремень с лаконичной пряжкой, коричневый.»"
113357_1.webp,Ремень кожаный. Сумки и аксессуары. Чёрный. . Ремень из натуральной кожи с лаконичной пряжкой.,113357,Ремень кожаный,7890,Сумки и аксессуары,Чёрный,,Ремень из натуральной кожи с лаконичной пряжкой.,https://daisyknit.ru/catalog/sumki_i_aksessuary/remen_kozhanyy_1/?sku=113357,"Ремень кожаный, Сумки и аксессуары, Чёрный. Ремень из натуральной кожи с лаконичной пряжкой.",«Чёрный кожаный ремень с лаконичной пряжкой.»
112857_1.webp,"Ремень замшевый. Сумки и аксессуары. Кофейный. . Ремень с пряжкой серебряного цвета. Лицевая сторона ремня из замши, внутренняя сторона выполнена из кожи такого же цвета.",112857,Ремень замшевый,5890,Сумки и аксессуары,Кофейный,,"Ремень с пряжкой серебряного цвета. Лицевая сторона ремня из замши, внутренняя сторона выполнена из кожи такого же цвета.",https://daisyknit.ru/catalog/sumki_i_aksessuary/remen_zamshevyy/?sku=112857,"Ремень замшевый, Сумки и аксессуары, Кофейный. Ремень с пряжкой серебряного цвета. Лицевая сторона ремня из замши, внутренняя сторона выполнена из кожи такого же цвета.",«Замшевый ремень с серебряной пряжкой.»
93503_1.webp,"Пояс-шнур из натуральной кожи. Сумки и аксессуары. Белый. . Тонкий кожаный пояс-жгут в универсальных цветах, который поможет дополнить любой образ.",93503,Пояс-шнур из натуральной кожи,4900,Сумки и аксессуары,Белый,,"Тонкий кожаный пояс-жгут в универсальных цветах, который поможет дополнить любой образ.",https://daisyknit.ru/catalog/sumki_i_aksessuary/poyas_shnur_iz_naturalnoy_kozhi/?sku=93503,"Пояс-шнур из натуральной кожи, Сумки и аксессуары, Белый. Тонкий кожаный пояс-жгут в универсальных цветах, который поможет дополнить любой образ.",«Тонкий кожаный пояс-шнур в белом цвете — универсальный аксессуар.»
102891_1.webp,"Пояс-шнур из натуральной кожи. Сумки и аксессуары. Белый. . Тонкий кожаный пояс-жгут в универсальных цветах, который поможет дополнить любой образ.",102891,Пояс-шнур из натуральной кожи,5890,Сумки и аксессуары,Белый,,"Тонкий кожаный пояс-жгут в универсальных цветах, который поможет дополнить любой образ.",https://daisyknit.ru/catalog/sumki_i_aksessuary/poyas_shnur_iz_naturalnoy_kozhi/?sku=102891,"Пояс-шнур из натуральной кожи, Сумки и аксессуары, Белый. Тонкий кожаный пояс-жгут в универсальных цветах, который поможет дополнить любой образ.",«Тонкий кожаный пояс-шнур в белом цвете — универсальный аксессуар.»
112374_1.webp,"Пояс-шнур из натуральной кожи. Сумки и аксессуары. Красный. . Тонкий кожаный пояс-жгут в универсальных цветах, который поможет дополнить любой образ.",112374,Пояс-шнур из натуральной кожи,5890,Сумки и аксессуары,Красный,,"Тонкий кожаный пояс-жгут в универсальных цветах, который поможет дополнить любой образ.",https://daisyknit.ru/catalog/sumki_i_aksessuary/poyas_shnur_iz_naturalnoy_kozhi_1/?sku=112374,"Пояс-шнур из натуральной кожи, Сумки и аксессуары, Красный. Тонкий кожаный пояс-жгут в универсальных цветах, который поможет дополнить любой образ.",«Тонкий кожаный пояс-жгут в универсальном цвете — дополнит любой образ.»
88551_1.webp,"Ремень замшевый. Сумки и аксессуары. Кофейный. . Ремень с пряжкой серебряного цвета. Лицевая сторона ремня из замши, внутренняя сторона выполнена из кожи такого же цвета.",88551,Ремень замшевый,5890,Сумки и аксессуары,Кофейный,,"Ремень с пряжкой серебряного цвета. Лицевая сторона ремня из замши, внутренняя сторона выполнена из кожи такого же цвета.",https://daisyknit.ru/catalog/sumki_i_aksessuary/remen_zamshevyy/?sku=88551,"Ремень замшевый, Сумки и аксессуары, Кофейный. Ремень с пряжкой серебряного цвета. Лицевая сторона ремня из замши, внутренняя сторона выполнена из кожи такого же цвета.",«Замшевый ремень с серебряной пряжкой.»
105488_1.webp,"Косынка из атласной ткани со льном. Сумки и аксессуары. Шоколадный. . Атласная косынка дополнит легкие летние комплекты, внеся в них дух прогулок по итальянским улочкам.",105488,Косынка из атласной ткани со льном,3500,Сумки и аксессуары,Шоколадный,,"Атласная косынка дополнит легкие летние комплекты, внеся в них дух прогулок по итальянским улочкам.",https://daisyknit.ru/catalog/sumki_i_aksessuary/kosynka_iz_atlasnoy_tkani_so_lnom/?sku=105488,"Косынка из атласной ткани со льном, Сумки и аксессуары, Шоколадный. Атласная косынка дополнит легкие летние комплекты, внеся в них дух прогулок по итальянским улочкам.","«Косынка из атласа со льном, шоколадного цвета — дополнит лёгкие летние комплекты.»"
91889_1.webp,Резинка для волос. Сумки и аксессуары. Чёрный. . Резинка для волос из атласной ткани. Поможет элегантно закончить образ.,91889,Резинка для волос,500,Сумки и аксессуары,Чёрный,,Резинка для волос из атласной ткани. Поможет элегантно закончить образ.,https://daisyknit.ru/catalog/sumki_i_aksessuary/rezinka_dlya_volos_/?sku=91889,"Резинка для волос, Сумки и аксессуары, Чёрный. Резинка для волос из атласной ткани. Поможет элегантно закончить образ.","Резинка для волос из атласной ткани, чёрная."
99315_1.webp,"Пояс-шнур из натуральной кожи. Сумки и аксессуары. Белый. . Тонкий кожаный пояс-жгут в универсальных цветах, который поможет дополнить любой образ.",99315,Пояс-шнур из натуральной кожи,4900,Сумки и аксессуары,Белый,,"Тонкий кожаный пояс-жгут в универсальных цветах, который поможет дополнить любой образ.",https://daisyknit.ru/catalog/sumki_i_aksessuary/poyas_shnur_iz_naturalnoy_kozhi/?sku=99315,"Пояс-шнур из натуральной кожи, Сумки и аксессуары, Белый. Тонкий кожаный пояс-жгут в универсальных цветах, который поможет дополнить любой образ.",«Тонкий кожаный пояс-шнур в белом цвете — универсальный аксессуар.»
105961_1.webp,"Пояс кроше из хлопка. Сумки и аксессуары. Молочный. . Пояс выполнен из хлопкового шнура. Мы придумали различные узлы на нем, чтобы с помощью этого шнура можно было не только приталивать, но и использовать его как акцентный аксессуар.",105961,Пояс кроше из хлопка,2470,Сумки и аксессуары,Молочный,,"Пояс выполнен из хлопкового шнура. Мы придумали различные узлы на нем, чтобы с помощью этого шнура можно было не только приталивать, но и использовать его как акцентный аксессуар.",https://daisyknit.ru/catalog/sumki_i_aksessuary/poyas_kroshe_iz_khlopka/?sku=105961,"Пояс кроше из хлопка, Сумки и аксессуары, Молочный. Пояс выполнен из хлопкового шнура. Мы придумали различные узлы на нем, чтобы с помощью этого шнура можно было не только приталивать, но и использовать его как акцентный аксессуар.","«Пояс кроше из хлопкового шнура, молочного цвета, с узлами — можно использовать для приталенного силуэта и как акцентный аксессуар.»"
99316_1.webp,"Пояс-шнур из натуральной кожи. Сумки и аксессуары. Белый. . Тонкий кожаный пояс-жгут в универсальных цветах, который поможет дополнить любой образ.",99316,Пояс-шнур из натуральной кожи,4900,Сумки и аксессуары,Белый,,"Тонкий кожаный пояс-жгут в универсальных цветах, который поможет дополнить любой образ.",https://daisyknit.ru/catalog/sumki_i_aksessuary/poyas_shnur_iz_naturalnoy_kozhi/?sku=99316,"Пояс-шнур из натуральной кожи, Сумки и аксессуары, Белый. Тонкий кожаный пояс-жгут в универсальных цветах, который поможет дополнить любой образ.",«Тонкий кожаный пояс-шнур в белом цвете — универсальный аксессуар.»
99320_1.webp,"Ремень. Сумки и аксессуары. Бежевый. . Ремень женский с пряжкой цвета ""тертый никель"". Лицевая сторона ремня из кожи теленка, внутренняя сторона выполнена из кожи козы такого же цвета.",99320,Ремень,4900,Сумки и аксессуары,Бежевый,,"Ремень женский с пряжкой цвета ""тертый никель"". Лицевая сторона ремня из кожи теленка, внутренняя сторона выполнена из кожи козы такого же цвета.",https://daisyknit.ru/catalog/sumki_i_aksessuary/remen/?sku=99320,"Ремень, Сумки и аксессуары, Бежевый. Ремень женский с пряжкой цвета ""тертый никель"". Лицевая сторона ремня из кожи теленка, внутренняя сторона выполнена из кожи козы такого же цвета.",«Женский ремень с пряжкой „тёртый никель“ из кожи телёнка.»
103114_1.webp,Ремень тонкий. Сумки и аксессуары. Чёрный. . Тонкий ремень из натуральной кожи с лаконичной пряжкой.,103114,Ремень тонкий,4900,Сумки и аксессуары,Чёрный,,Тонкий ремень из натуральной кожи с лаконичной пряжкой.,https://daisyknit.ru/catalog/sumki_i_aksessuary/remen_tonkiy/?sku=103114,"Ремень тонкий, Сумки и аксессуары, Чёрный. Тонкий ремень из натуральной кожи с лаконичной пряжкой.","«Тонкий ремень из натуральной кожи, с лаконичной пряжкой.»"
90636_1.webp,"Ремень. Сумки и аксессуары. Бежевый. . Ремень женский с пряжкой цвета ""тертый никель"". Лицевая сторона ремня из кожи теленка, внутренняя сторона выполнена из кожи козы такого же цвета.",90636,Ремень,4900,Сумки и аксессуары,Бежевый,,"Ремень женский с пряжкой цвета ""тертый никель"". Лицевая сторона ремня из кожи теленка, внутренняя сторона выполнена из кожи козы такого же цвета.",https://daisyknit.ru/catalog/sumki_i_aksessuary/remen/?sku=90636,"Ремень, Сумки и аксессуары, Бежевый. Ремень женский с пряжкой цвета ""тертый никель"". Лицевая сторона ремня из кожи теленка, внутренняя сторона выполнена из кожи козы такого же цвета.",«Женский ремень с пряжкой „тёртый никель“ из кожи телёнка.»
90638_1.webp,"Ремень. Сумки и аксессуары. Бежевый. . Ремень женский с пряжкой цвета ""тертый никель"". Лицевая сторона ремня из кожи теленка, внутренняя сторона выполнена из кожи козы такого же цвета.",90638,Ремень,4900,Сумки и аксессуары,Бежевый,,"Ремень женский с пряжкой цвета ""тертый никель"". Лицевая сторона ремня из кожи теленка, внутренняя сторона выполнена из кожи козы такого же цвета.",https://daisyknit.ru/catalog/sumki_i_aksessuary/remen/?sku=90638,"Ремень, Сумки и аксессуары, Бежевый. Ремень женский с пряжкой цвета ""тертый никель"". Лицевая сторона ремня из кожи теленка, внутренняя сторона выполнена из кожи козы такого же цвета.",«Женский ремень с пряжкой „тёртый никель“ из кожи телёнка.»
104018_1.webp,Носки с цветочным принтом. Сумки и аксессуары. Молочный. . Носки с цветочным принтом отлично завершат любой образ.,104018,Носки с цветочным принтом,1300,Сумки и аксессуары,Молочный,,Носки с цветочным принтом отлично завершат любой образ.,https://daisyknit.ru/catalog/sumki_i_aksessuary/noski_s_tsvetochnym_printom/?sku=104018,"Носки с цветочным принтом, Сумки и аксессуары, Молочный. Носки с цветочным принтом отлично завершат любой образ.",«Носки с цветочным принтом — завершат любой образ.»
93502_1.webp,"Носки в рубчик из бамбука. Сумки и аксессуары. Бежевый. . Носки в базовых оттенках деликатно дополнят комплект, не создавая лишних акцентов в образе.",93502,Носки в рубчик из бамбука,700,Сумки и аксессуары,Бежевый,,"Носки в базовых оттенках деликатно дополнят комплект, не создавая лишних акцентов в образе.",https://daisyknit.ru/catalog/sumki_i_aksessuary/noski_v_rubchik_iz_bambuka/?sku=93502,"Носки в рубчик из бамбука, Сумки и аксессуары, Бежевый. Носки в базовых оттенках деликатно дополнят комплект, не создавая лишних акцентов в образе.","«Носки в рубчик из бамбука, бежевые — деликатно дополнят комплект.»"
88660_1.webp,"Носки. Сумки и аксессуары. Бежевый. . Мы любим детали, поэтому выпустили высокие носки. Мягкая ткань и нейтральные цвета помогут завершить стильный образ.",88660,Носки,700,Сумки и аксессуары,Бежевый,,"Мы любим детали, поэтому выпустили высокие носки. Мягкая ткань и нейтральные цвета помогут завершить стильный образ.",https://daisyknit.ru/catalog/sumki_i_aksessuary/noski_1/?sku=88660,"Носки, Сумки и аксессуары, Бежевый. Мы любим детали, поэтому выпустили высокие носки. Мягкая ткань и нейтральные цвета помогут завершить стильный образ.","«Высокие носки, бежевые, из мягкой ткани — дополнят стильный образ.»"
88663_1.webp,"Носки. Сумки и аксессуары. Бежевый. . Мы любим детали, поэтому выпустили высокие носки. Мягкая ткань и нейтральные цвета помогут завершить стильный образ.",88663,Носки,700,Сумки и аксессуары,Бежевый,,"Мы любим детали, поэтому выпустили высокие носки. Мягкая ткань и нейтральные цвета помогут завершить стильный образ.",https://daisyknit.ru/catalog/sumki_i_aksessuary/noski_1/?sku=88663,"Носки, Сумки и аксессуары, Бежевый. Мы любим детали, поэтому выпустили высокие носки. Мягкая ткань и нейтральные цвета помогут завершить стильный образ.","«Высокие носки, бежевые, из мягкой ткани — дополнят стильный образ.»"
81169_1.webp,Кошелек с картхолдером из натуральной кожи. Сумки и аксессуары. Коричневый. . Кошелек из натуральной кожи с кардхолдером внутри.,81169,Кошелек с картхолдером из натуральной кожи,4800,Сумки и аксессуары,Коричневый,,Кошелек из натуральной кожи с кардхолдером внутри.,https://daisyknit.ru/catalog/sumki_i_aksessuary/koshelek_s_kartkholderom_iz_naturalnoy_kozhi/?sku=81169,"Кошелек с картхолдером из натуральной кожи, Сумки и аксессуары, Коричневый. Кошелек из натуральной кожи с кардхолдером внутри.","«Кошелёк из натуральной кожи с картхолдером, коричневый.»"
108667_1.webp,"Расческа для волос. Сумки и аксессуары. Белая камелия. . Расчески poēm d'amour выполнены из биоразлагаемого ацетата и натурального дерева, а волокна содержат кабаньи щетинки, которые ухаживают за волосами, защищают от повреждений и электризации.",108667,Расческа для волос,3900,Сумки и аксессуары,Белая камелия,,"Расчески poēm d'amour выполнены из биоразлагаемого ацетата и натурального дерева, а волокна содержат кабаньи щетинки, которые ухаживают за волосами, защищают от повреждений и электризации.",https://daisyknit.ru/catalog/sumki_i_aksessuary/rascheska_dlya_volos/?sku=108667,"Расческа для волос, Сумки и аксессуары, Белая камелия. Расчески poēm d'amour выполнены из биоразлагаемого ацетата и натурального дерева, а волокна содержат кабаньи щетинки, которые ухаживают за волосами, защищают от повреждений и электризации.",Расчёска poēm d'amour из биоразлагаемого ацетата и натурального дерева с кабаньими щетинками.
108668_1.webp,"Расческа для волос. Сумки и аксессуары. Белая камелия. . Расчески poēm d'amour выполнены из биоразлагаемого ацетата и натурального дерева, а волокна содержат кабаньи щетинки, которые ухаживают за волосами, защищают от повреждений и электризации.",108668,Расческа для волос,3900,Сумки и аксессуары,Белая камелия,,"Расчески poēm d'amour выполнены из биоразлагаемого ацетата и натурального дерева, а волокна содержат кабаньи щетинки, которые ухаживают за волосами, защищают от повреждений и электризации.",https://daisyknit.ru/catalog/sumki_i_aksessuary/rascheska_dlya_volos/?sku=108668,"Расческа для волос, Сумки и аксессуары, Белая камелия. Расчески poēm d'amour выполнены из биоразлагаемого ацетата и натурального дерева, а волокна содержат кабаньи щетинки, которые ухаживают за волосами, защищают от повреждений и электризации.",Расчёска poēm d'amour из биоразлагаемого ацетата и натурального дерева с кабаньими щетинками.
108669_1.webp,"Расческа для волос. Сумки и аксессуары. Белая камелия. . Расчески poēm d'amour выполнены из биоразлагаемого ацетата и натурального дерева, а волокна содержат кабаньи щетинки, которые ухаживают за волосами, защищают от повреждений и электризации.",108669,Расческа для волос,3900,Сумки и аксессуары,Белая камелия,,"Расчески poēm d'amour выполнены из биоразлагаемого ацетата и натурального дерева, а волокна содержат кабаньи щетинки, которые ухаживают за волосами, защищают от повреждений и электризации.",https://daisyknit.ru/catalog/sumki_i_aksessuary/rascheska_dlya_volos/?sku=108669,"Расческа для волос, Сумки и аксессуары, Белая камелия. Расчески poēm d'amour выполнены из биоразлагаемого ацетата и натурального дерева, а волокна содержат кабаньи щетинки, которые ухаживают за волосами, защищают от повреждений и электризации.",Расчёска poēm d'amour из биоразлагаемого ацетата и натурального дерева с кабаньими щетинками.
108670_1.webp,"Расческа для волос. Сумки и аксессуары. Белая камелия. . Расчески poēm d'amour выполнены из биоразлагаемого ацетата и натурального дерева, а волокна содержат кабаньи щетинки, которые ухаживают за волосами, защищают от повреждений и электризации.",108670,Расческа для волос,3900,Сумки и аксессуары,Белая камелия,,"Расчески poēm d'amour выполнены из биоразлагаемого ацетата и натурального дерева, а волокна содержат кабаньи щетинки, которые ухаживают за волосами, защищают от повреждений и электризации.",https://daisyknit.ru/catalog/sumki_i_aksessuary/rascheska_dlya_volos/?sku=108670,"Расческа для волос, Сумки и аксессуары, Белая камелия. Расчески poēm d'amour выполнены из биоразлагаемого ацетата и натурального дерева, а волокна содержат кабаньи щетинки, которые ухаживают за волосами, защищают от повреждений и электризации.",Расчёска poēm d'amour из биоразлагаемого ацетата и натурального дерева с кабаньими щетинками.
106485_1.webp,"Крабик для волос. Сумки и аксессуары. Антуанетта ласковый леопард. . Крабики для волос poēm d'amour выполнены из качественного и прочного ацетата, который прослужит вам как можно дольше.",106485,Крабик для волос,1900,Сумки и аксессуары,Антуанетта ласковый леопард,,"Крабики для волос poēm d'amour выполнены из качественного и прочного ацетата, который прослужит вам как можно дольше.",https://daisyknit.ru/catalog/sumki_i_aksessuary/krabik_dlya_volos/?sku=106485,"Крабик для волос, Сумки и аксессуары, Антуанетта ласковый леопард. Крабики для волос poēm d'amour выполнены из качественного и прочного ацетата, который прослужит вам как можно дольше.",«Крабики для волос poēm d’amour из ацетата.»
106486_1.webp,"Крабик для волос. Сумки и аксессуары. Антуанетта ласковый леопард. . Крабики для волос poēm d'amour выполнены из качественного и прочного ацетата, который прослужит вам как можно дольше.",106486,Крабик для волос,1900,Сумки и аксессуары,Антуанетта ласковый леопард,,"Крабики для волос poēm d'amour выполнены из качественного и прочного ацетата, который прослужит вам как можно дольше.",https://daisyknit.ru/catalog/sumki_i_aksessuary/krabik_dlya_volos/?sku=106486,"Крабик для волос, Сумки и аксессуары, Антуанетта ласковый леопард. Крабики для волос poēm d'amour выполнены из качественного и прочного ацетата, который прослужит вам как можно дольше.",«Крабики для волос poēm d’amour из ацетата.»
106487_1.webp,"Крабик для волос. Сумки и аксессуары. Антуанетта ласковый леопард. . Крабики для волос poēm d'amour выполнены из качественного и прочного ацетата, который прослужит вам как можно дольше.",106487,Крабик для волос,1900,Сумки и аксессуары,Антуанетта ласковый леопард,,"Крабики для волос poēm d'amour выполнены из качественного и прочного ацетата, который прослужит вам как можно дольше.",https://daisyknit.ru/catalog/sumki_i_aksessuary/krabik_dlya_volos/?sku=106487,"Крабик для волос, Сумки и аксессуары, Антуанетта ласковый леопард. Крабики для волос poēm d'amour выполнены из качественного и прочного ацетата, который прослужит вам как можно дольше.",«Крабики для волос poēm d’amour из ацетата.»
106488_1.webp,"Крабик для волос. Сумки и аксессуары. Антуанетта ласковый леопард. . Крабики для волос poēm d'amour выполнены из качественного и прочного ацетата, который прослужит вам как можно дольше.",106488,Крабик для волос,1890,Сумки и аксессуары,Антуанетта ласковый леопард,,"Крабики для волос poēm d'amour выполнены из качественного и прочного ацетата, который прослужит вам как можно дольше.",https://daisyknit.ru/catalog/sumki_i_aksessuary/krabik_dlya_volos/?sku=106488,"Крабик для волос, Сумки и аксессуары, Антуанетта ласковый леопард. Крабики для волос poēm d'amour выполнены из качественного и прочного ацетата, который прослужит вам как можно дольше.",«Крабики для волос poēm d’amour из ацетата.»
106489_1.webp,"Крабик для волос. Сумки и аксессуары. Антуанетта ласковый леопард. . Крабики для волос poēm d'amour выполнены из качественного и прочного ацетата, который прослужит вам как можно дольше.",106489,Крабик для волос,1900,Сумки и аксессуары,Антуанетта ласковый леопард,,"Крабики для волос poēm d'amour выполнены из качественного и прочного ацетата, который прослужит вам как можно дольше.",https://daisyknit.ru/catalog/sumki_i_aksessuary/krabik_dlya_volos/?sku=106489,"Крабик для волос, Сумки и аксессуары, Антуанетта ласковый леопард. Крабики для волос poēm d'amour выполнены из качественного и прочного ацетата, который прослужит вам как можно дольше.",«Крабики для волос poēm d’amour из ацетата.»
108656_1.webp,"Крабик для волос. Сумки и аксессуары. Антуанетта ласковый леопард. . Крабики для волос poēm d'amour выполнены из качественного и прочного ацетата, который прослужит вам как можно дольше.",108656,Крабик для волос,1900,Сумки и аксессуары,Антуанетта ласковый леопард,,"Крабики для волос poēm d'amour выполнены из качественного и прочного ацетата, который прослужит вам как можно дольше.",https://daisyknit.ru/catalog/sumki_i_aksessuary/krabik_dlya_volos/?sku=108656,"Крабик для волос, Сумки и аксессуары, Антуанетта ласковый леопард. Крабики для волос poēm d'amour выполнены из качественного и прочного ацетата, который прослужит вам как можно дольше.",«Крабики для волос poēm d’amour из ацетата.»
108657_1.webp,"Крабик для волос. Сумки и аксессуары. Антуанетта ласковый леопард. . Крабики для волос poēm d'amour выполнены из качественного и прочного ацетата, который прослужит вам как можно дольше.",108657,Крабик для волос,1900,Сумки и аксессуары,Антуанетта ласковый леопард,,"Крабики для волос poēm d'amour выполнены из качественного и прочного ацетата, который прослужит вам как можно дольше.",https://daisyknit.ru/catalog/sumki_i_aksessuary/krabik_dlya_volos/?sku=108657,"Крабик для волос, Сумки и аксессуары, Антуанетта ласковый леопард. Крабики для волос poēm d'amour выполнены из качественного и прочного ацетата, который прослужит вам как можно дольше.",«Крабики для волос poēm d’amour из ацетата.»
108712_1.webp,"Крабики для волос. Сумки и аксессуары. Мари ласковый леопард. . Крабики для волос poēm d'amour выполнены из качественного и прочного ацетата, который прослужит вам как можно дольше.",108712,Крабики для волос,1600,Сумки и аксессуары,Мари ласковый леопард,,"Крабики для волос poēm d'amour выполнены из качественного и прочного ацетата, который прослужит вам как можно дольше.",https://daisyknit.ru/catalog/sumki_i_aksessuary/krabiki_dlya_volos/?sku=108712,"Крабики для волос, Сумки и аксессуары, Мари ласковый леопард. Крабики для волос poēm d'amour выполнены из качественного и прочного ацетата, который прослужит вам как можно дольше.",Крабики для волос poēm d'amour — выполнены из прочного ацетата.
108713_1.webp,"Крабики для волос. Сумки и аксессуары. Мари ласковый леопард. . Крабики для волос poēm d'amour выполнены из качественного и прочного ацетата, который прослужит вам как можно дольше.",108713,Крабики для волос,1600,Сумки и аксессуары,Мари ласковый леопард,,"Крабики для волос poēm d'amour выполнены из качественного и прочного ацетата, который прослужит вам как можно дольше.",https://daisyknit.ru/catalog/sumki_i_aksessuary/krabiki_dlya_volos/?sku=108713,"Крабики для волос, Сумки и аксессуары, Мари ласковый леопард. Крабики для волос poēm d'amour выполнены из качественного и прочного ацетата, который прослужит вам как можно дольше.",Крабики для волос poēm d'amour — выполнены из прочного ацетата.
108714_1.webp,"Крабики для волос. Сумки и аксессуары. Мари ласковый леопард. . Крабики для волос poēm d'amour выполнены из качественного и прочного ацетата, который прослужит вам как можно дольше.",108714,Крабики для волос,1600,Сумки и аксессуары,Мари ласковый леопард,,"Крабики для волос poēm d'amour выполнены из качественного и прочного ацетата, который прослужит вам как можно дольше.",https://daisyknit.ru/catalog/sumki_i_aksessuary/krabiki_dlya_volos/?sku=108714,"Крабики для волос, Сумки и аксессуары, Мари ласковый леопард. Крабики для волос poēm d'amour выполнены из качественного и прочного ацетата, который прослужит вам как можно дольше.",Крабики для волос poēm d'amour — выполнены из прочного ацетата.
108716_1.webp,"Крабики для волос. Сумки и аксессуары. Мари ласковый леопард. . Крабики для волос poēm d'amour выполнены из качественного и прочного ацетата, который прослужит вам как можно дольше.",108716,Крабики для волос,1600,Сумки и аксессуары,Мари ласковый леопард,,"Крабики для волос poēm d'amour выполнены из качественного и прочного ацетата, который прослужит вам как можно дольше.",https://daisyknit.ru/catalog/sumki_i_aksessuary/krabiki_dlya_volos/?sku=108716,"Крабики для волос, Сумки и аксессуары, Мари ласковый леопард. Крабики для волос poēm d'amour выполнены из качественного и прочного ацетата, который прослужит вам как можно дольше.",Крабики для волос poēm d'amour — выполнены из прочного ацетата.
104914_1.webp,"Лонгслив трикотажный из нежного хлопка. Тонкий трикотаж. Розовый. . Мягкий облегающий лонгслив — основа для повседневных комплектов. Сочетайте его с футболкой, рубашкой, жакетом или бомбером, создавая неповторимое настроение каждый день.",104914,Лонгслив трикотажный из нежного хлопка,6890,Тонкий трикотаж,Розовый,,"Мягкий облегающий лонгслив — основа для повседневных комплектов. Сочетайте его с футболкой, рубашкой, жакетом или бомбером, создавая неповторимое настроение каждый день.",https://daisyknit.ru/catalog/tonkiy_trikotazh_1/longsliv_trikotazhnyy_iz_nezhnogo_khlopka/?sku=104914,"Лонгслив трикотажный из нежного хлопка, Тонкий трикотаж, Розовый. Мягкий облегающий лонгслив — основа для повседневных комплектов. Сочетайте его с футболкой, рубашкой, жакетом или бомбером, создавая неповторимое настроение каждый день.","«Трикотажный лонгслив из хлопка, розовый, мягкий и облегающий — основа для повседневных комплектов. Сочетается с футболкой, рубашкой, жакетом или бомбером.»"
105747_1.webp,"Лонгслив из нежного хлопка. Тонкий трикотаж. Жемчужно-серый. . Мягкий облегающий лонгслив — основа для повседневных комплектов. Сочетайте его с футболкой, рубашкой, жакетом или бомбером, создавая неповторимое настроение каждый день.",105747,Лонгслив из нежного хлопка,6700,Тонкий трикотаж,Жемчужно-серый,,"Мягкий облегающий лонгслив — основа для повседневных комплектов. Сочетайте его с футболкой, рубашкой, жакетом или бомбером, создавая неповторимое настроение каждый день.",https://daisyknit.ru/catalog/tonkiy_trikotazh_1/longsliv_iz_nezhnogo_khlopka/?sku=105747,"Лонгслив из нежного хлопка, Тонкий трикотаж, Жемчужно-серый. Мягкий облегающий лонгслив — основа для повседневных комплектов. Сочетайте его с футболкой, рубашкой, жакетом или бомбером, создавая неповторимое настроение каждый день.","«Лонгслив из нежного хлопка, жемчужно-серый, мягкий и облегающий — основа для повседневных комплектов. Сочетается с футболкой, рубашкой, жакетом или бомбером.»"
115084_1.webp,Водолазка на молнии с эффектом велюра. Тонкий трикотаж. Лайм. . Водолазка с молнией выполнена из мягкого эластичного трикотажа с велюровым эффектом. Материал приятно прилегает к телу дарит комфорт в течение дня. Лаймовый оттенок добавляет образу свежий акцент.,115084,Водолазка на молнии с эффектом велюра,8890,Тонкий трикотаж,Лайм,,Водолазка с молнией выполнена из мягкого эластичного трикотажа с велюровым эффектом. Материал приятно прилегает к телу дарит комфорт в течение дня. Лаймовый оттенок добавляет образу свежий акцент.,https://daisyknit.ru/catalog/tonkiy_trikotazh_1/vodolazka_na_molnii_s_effektom_velyura/?sku=115084,"Водолазка на молнии с эффектом велюра, Тонкий трикотаж, Лайм. Водолазка с молнией выполнена из мягкого эластичного трикотажа с велюровым эффектом. Материал приятно прилегает к телу дарит комфорт в течение дня. Лаймовый оттенок добавляет образу свежий акцент.","«Водолазка на молнии с велюровым эффектом, лаймовая, из тонкого трикотажа — комфорт и свежий акцент.»"
115465_1.webp,"Лонгслив из фактурной ткани. Тонкий трикотаж. Жёлтый. . Лонгслив прилегающего силуэта из ткани с рельефным узором задаёт выразительную, но сдержанную фактуру. Спокойный жёлтый оттенок добавляет образу свежесть и остаётся сдержанным. Модель легко станет час",115465,Лонгслив из фактурной ткани,7890,Тонкий трикотаж,Жёлтый,,"Лонгслив прилегающего силуэта из ткани с рельефным узором задаёт выразительную, но сдержанную фактуру. Спокойный жёлтый оттенок добавляет образу свежесть и остаётся сдержанным. Модель легко станет частью базового гардероба.",https://daisyknit.ru/catalog/tonkiy_trikotazh_1/longsliv_iz_fakturnoy_tkani/?sku=115465,"Лонгслив из фактурной ткани, Тонкий трикотаж, Жёлтый. Лонгслив прилегающего силуэта из ткани с рельефным узором задаёт выразительную, но сдержанную фактуру. Спокойный жёлтый оттенок добавляет образу свежесть и остаётся сдержанным. Модель легко станет частью базового гардероба.","«Лонгслив прилегающего силуэта, жёлтый, из фактурного тонкого трикотажа — добавит образу свежести.»"
115571_1.webp,Лонгслив из фактурного трикотажа. Худи и свитшоты. Молочный. . Нежный лонгслив из тонкого фактурного трикотажа — модель с ощущением лёгкости и воздуха. Полупрозрачная текстура создаёт деликатный визуальный эффект и добавляет образу глубину. Приталенный силуэт мяг,115571,Лонгслив из фактурного трикотажа,9890,Худи и свитшоты,Молочный,,Нежный лонгслив из тонкого фактурного трикотажа — модель с ощущением лёгкости и воздуха. Полупрозрачная текстура создаёт деликатный визуальный эффект и добавляет образу глубину. Приталенный силуэт мягко подчёркивает фигуру. Лонгслив комфортно ощущается на теле благодаря высокому содержанию хлопка и отлично подходит для многослойных образов — как самостоятельный акцент или база под жакеты и кардиганы.,https://daisyknit.ru/catalog/khudi_i_svitshoty/longsliv_iz_fakturnogo_trikotazha_2/?sku=115571,"Лонгслив из фактурного трикотажа, Худи и свитшоты, Молочный. Нежный лонгслив из тонкого фактурного трикотажа — модель с ощущением лёгкости и воздуха. Полупрозрачная текстура создаёт деликатный визуальный эффект и добавляет образу глубину. Приталенный силуэт мягко подчёркивает фигуру. Лонгслив комфортно ощущается на теле благодаря высокому содержанию хлопка и отлично подходит для многослойных образов — как самостоятельный акцент или база под жакеты и кардиганы.","Лонгслив из молочного трикотажа, приталенный, фактурный — лёгкий и комфортный, с высоким содержанием хлопка. Подходит для многослойных образов."
101548_1.webp,"Лонгслив трикотажный. Тонкий трикотаж. Молочный. . Идеальный базовый лонгслив. С чем бы вы его не сочетали: брюками, юбками или джинсами - он станет основой вашего образа.",101548,Лонгслив трикотажный,4823,Тонкий трикотаж,Молочный,,"Идеальный базовый лонгслив. С чем бы вы его не сочетали: брюками, юбками или джинсами - он станет основой вашего образа.",https://daisyknit.ru/catalog/tonkiy_trikotazh_1/longsliv_trikotazhnyy_1/?sku=101548,"Лонгслив трикотажный, Тонкий трикотаж, Молочный. Идеальный базовый лонгслив. С чем бы вы его не сочетали: брюками, юбками или джинсами - он станет основой вашего образа.","«Лонгслив трикотажный, молочный, тонкий — идеальная базовая основа для любого образа.»"
85238_1.webp,"Боди из трикотажа в рубчик. Тонкий трикотаж. Голубой. . Боди из фактурного трикотажа станет основой для весенних образов. Сочетайте его с брюками, юбками, джинсами или шортами. Нам нравится, как боди дополняет образы, создавая необычную игру фактур.",85238,Боди из трикотажа в рубчик,3350,Тонкий трикотаж,Голубой,,"Боди из фактурного трикотажа станет основой для весенних образов. Сочетайте его с брюками, юбками, джинсами или шортами. Нам нравится, как боди дополняет образы, создавая необычную игру фактур.",https://daisyknit.ru/catalog/tonkiy_trikotazh_1/bodi_iz_trikotazha_v_rubchik/?sku=85238,"Боди из трикотажа в рубчик, Тонкий трикотаж, Голубой. Боди из фактурного трикотажа станет основой для весенних образов. Сочетайте его с брюками, юбками, джинсами или шортами. Нам нравится, как боди дополняет образы, создавая необычную игру фактур.","«Боди из голубого трикотажа в рубчик — основа для весенних образов. Сочетайте с брюками, юбками, джинсами или шортами. Фактура создаёт игру текстур.»"
88435_1.webp,"Лонгслив базовый из жатой ткани. Тонкий трикотаж. Чёрный. . Лонгслив свободного кроя из фактурной ткани станет основой повседневных образов и выручит, когда вам нужно быстро собраться, но при этом выглядеть эффектно.",88435,Лонгслив базовый из жатой ткани,5110,Тонкий трикотаж,Чёрный,,"Лонгслив свободного кроя из фактурной ткани станет основой повседневных образов и выручит, когда вам нужно быстро собраться, но при этом выглядеть эффектно.",https://daisyknit.ru/catalog/tonkiy_trikotazh_1/longsliv_bazovyy_iz_zhatoy_tkani/?sku=88435,"Лонгслив базовый из жатой ткани, Тонкий трикотаж, Чёрный. Лонгслив свободного кроя из фактурной ткани станет основой повседневных образов и выручит, когда вам нужно быстро собраться, но при этом выглядеть эффектно.","«Лонгслив базовый, чёрный, из жатой ткани — основа повседневных образов.»"
89609_1.webp,Лонгслив из фактурного трикотажа. Тонкий трикотаж. Серо-голубой. . Нежный лонгслив из фактурного трикотажа дополнит комплект и украсит даже самый простой образ.,89609,Лонгслив из фактурного трикотажа,4410,Тонкий трикотаж,Серо-голубой,,Нежный лонгслив из фактурного трикотажа дополнит комплект и украсит даже самый простой образ.,https://daisyknit.ru/catalog/tonkiy_trikotazh_1/longsliv_iz_fakturnogo_trikotazha/?sku=89609,"Лонгслив из фактурного трикотажа, Тонкий трикотаж, Серо-голубой. Нежный лонгслив из фактурного трикотажа дополнит комплект и украсит даже самый простой образ.",«Лонгслив из фактурного серо-голубого трикотажа — украсит любой образ.»
112298_1.webp,"Лонгслив из хлопка. Тонкий трикотаж. Графитовый. . Лонгслив свободного кроя из мягкого трикотажа. Эта модель придется вам по душе, если вы любите универсальные образы, где комфорт стоит на первом месте. При этом лонгслив отлично сочетается с фактурным",112298,Лонгслив из хлопка,6890,Тонкий трикотаж,Графитовый,,"Лонгслив свободного кроя из мягкого трикотажа. Эта модель придется вам по душе, если вы любите универсальные образы, где комфорт стоит на первом месте. При этом лонгслив отлично сочетается с фактурными и более нарядными тканями, создавая необычный микс.",https://daisyknit.ru/catalog/tonkiy_trikotazh_1/longsliv_iz_khlopka/?sku=112298,"Лонгслив из хлопка, Тонкий трикотаж, Графитовый. Лонгслив свободного кроя из мягкого трикотажа. Эта модель придется вам по душе, если вы любите универсальные образы, где комфорт стоит на первом месте. При этом лонгслив отлично сочетается с фактурными и более нарядными тканями, создавая необычный микс.","«Лонгслив из хлопка, свободный крой, графитовый цвет. Комфортный и универсальный.»"
111074_1.webp,"Лонгслив трикотажный с шерстью. Тонкий трикотаж. Кирпичный. . Минималистичный лонгслив облегающего силуэта из тонкого трикотажа. Та самая модель, когда хочется создать трогательный, но утепленный комплект. Предлагаем использовать его в качестве первого слоя в сл",111074,Лонгслив трикотажный с шерстью,8890,Тонкий трикотаж,Кирпичный,,"Минималистичный лонгслив облегающего силуэта из тонкого трикотажа. Та самая модель, когда хочется создать трогательный, но утепленный комплект. Предлагаем использовать его в качестве первого слоя в сложных многослойных комплектах.",https://daisyknit.ru/catalog/tonkiy_trikotazh_1/longsliv_trikotazhnyy_s_sherstyu/?sku=111074,"Лонгслив трикотажный с шерстью, Тонкий трикотаж, Кирпичный. Минималистичный лонгслив облегающего силуэта из тонкого трикотажа. Та самая модель, когда хочется создать трогательный, но утепленный комплект. Предлагаем использовать его в качестве первого слоя в сложных многослойных комплектах.","«Лонгслив трикотажный с шерстью, кирпичный, облегающий — для трогательных, утеплённых комплектов.»"
109362_1.webp,Кардиган малообъемный из трикотажа. Тонкий трикотаж. Коричневый. . Укороченный кардиган из мягкой вискозы полуприлегающего силуэта. V-образная горловина и застежка на пуговицы становятся основой для многослойного трогательного комплекта.,109362,Кардиган малообъемный из трикотажа,8890,Тонкий трикотаж,Коричневый,,Укороченный кардиган из мягкой вискозы полуприлегающего силуэта. V-образная горловина и застежка на пуговицы становятся основой для многослойного трогательного комплекта.,https://daisyknit.ru/catalog/tonkiy_trikotazh_1/kardigan_maloobemnyy_iz_trikotazha/?sku=109362,"Кардиган малообъемный из трикотажа, Тонкий трикотаж, Коричневый. Укороченный кардиган из мягкой вискозы полуприлегающего силуэта. V-образная горловина и застежка на пуговицы становятся основой для многослойного трогательного комплекта.","«Малообъёмный укороченный кардиган из мягкой вискозы, полуприлегающий, с V-образной горловиной и пуговицами — основа для многослойного комплекта.»"
104925_1.webp,"Лонгслив трикотажный из нежного хлопка. Тонкий трикотаж. Розовый. . Мягкий облегающий лонгслив — основа для повседневных комплектов. Сочетайте его с футболкой, рубашкой, жакетом или бомбером, создавая неповторимое настроение каждый день.",104925,Лонгслив трикотажный из нежного хлопка,5512,Тонкий трикотаж,Розовый,,"Мягкий облегающий лонгслив — основа для повседневных комплектов. Сочетайте его с футболкой, рубашкой, жакетом или бомбером, создавая неповторимое настроение каждый день.",https://daisyknit.ru/catalog/tonkiy_trikotazh_1/longsliv_trikotazhnyy_iz_nezhnogo_khlopka/?sku=104925,"Лонгслив трикотажный из нежного хлопка, Тонкий трикотаж, Розовый. Мягкий облегающий лонгслив — основа для повседневных комплектов. Сочетайте его с футболкой, рубашкой, жакетом или бомбером, создавая неповторимое настроение каждый день.","«Трикотажный лонгслив из хлопка, розовый, мягкий и облегающий — основа для повседневных комплектов. Сочетается с футболкой, рубашкой, жакетом или бомбером.»"
95903_1.webp,"Лонгслив трикотажный с кашемиром. Тонкий трикотаж. Коричневый. . Идеальный базовый лонгслив с премиальным составом. С чем бы вы его не сочетали: брюками, юбками или джинсами - он станет основой вашего образа и добавит ему шика.",95903,Лонгслив трикотажный с кашемиром,8800,Тонкий трикотаж,Коричневый,,"Идеальный базовый лонгслив с премиальным составом. С чем бы вы его не сочетали: брюками, юбками или джинсами - он станет основой вашего образа и добавит ему шика.",https://daisyknit.ru/catalog/tonkiy_trikotazh_1/longsliv_trikotazhnyy_s_kashemirom/?sku=95903,"Лонгслив трикотажный с кашемиром, Тонкий трикотаж, Коричневый. Идеальный базовый лонгслив с премиальным составом. С чем бы вы его не сочетали: брюками, юбками или джинсами - он станет основой вашего образа и добавит ему шика.","«Лонгслив трикотажный с кашемиром, тонкий, коричневый — базовая модель, добавит шика в сочетании с брюками, юбками или джинсами.»"
92890_1.webp,"Лонгслив двойной из итальянского трикотажа. Тонкий трикотаж. Молочный. . Двойной лонгслив из итальянского трикотажа. Первый слой — лонгслив прилегающего силуэта, второй слой — топ, который создает эффект многослойности.",92890,Лонгслив двойной из итальянского трикотажа,8800,Тонкий трикотаж,Молочный,,"Двойной лонгслив из итальянского трикотажа. Первый слой — лонгслив прилегающего силуэта, второй слой — топ, который создает эффект многослойности.",https://daisyknit.ru/catalog/tonkiy_trikotazh_1/longsliv_dvoynoy_iz_italyanskogo_trikotazha/?sku=92890,"Лонгслив двойной из итальянского трикотажа, Тонкий трикотаж, Молочный. Двойной лонгслив из итальянского трикотажа. Первый слой — лонгслив прилегающего силуэта, второй слой — топ, который создает эффект многослойности.","«Двойной лонгслив из тонкого итальянского трикотажа, молочный, прилегающего силуэта с эффектом многослойности.»"
103993_1.webp,"Лонгслив вязанный полупрозрачный. Вязаный трикотаж. Молочный. . Актуальная модель лонгслива из полупрозрачной ткани. Мягкая вискоза легко становится как основой многослойного образа, так и изюминкой для актуального облегченного комплекта.",103993,Лонгслив вязанный полупрозрачный,9890,Вязаный трикотаж,Молочный,,"Актуальная модель лонгслива из полупрозрачной ткани. Мягкая вискоза легко становится как основой многослойного образа, так и изюминкой для актуального облегченного комплекта.",https://daisyknit.ru/catalog/vyazanyy_trikotazh/longsliv_vyazannyy_poluprozrachnyy/?sku=103993,"Лонгслив вязанный полупрозрачный, Вязаный трикотаж, Молочный. Актуальная модель лонгслива из полупрозрачной ткани. Мягкая вискоза легко становится как основой многослойного образа, так и изюминкой для актуального облегченного комплекта.","«Вязаный лонгслив из мягкой вискозы, полупрозрачный, молочного цвета — основа для многослойных или облегчённых образов.»"
85232_1.webp,"Боди из трикотажа в рубчик. Тонкий трикотаж. Голубой. . Боди из фактурного трикотажа станет основой для весенних образов. Сочетайте его с брюками, юбками, джинсами или шортами. Нам нравится, как боди дополняет образы, создавая необычную игру фактур.",85232,Боди из трикотажа в рубчик,6700,Тонкий трикотаж,Голубой,,"Боди из фактурного трикотажа станет основой для весенних образов. Сочетайте его с брюками, юбками, джинсами или шортами. Нам нравится, как боди дополняет образы, создавая необычную игру фактур.",https://daisyknit.ru/catalog/tonkiy_trikotazh_1/bodi_iz_trikotazha_v_rubchik/?sku=85232,"Боди из трикотажа в рубчик, Тонкий трикотаж, Голубой. Боди из фактурного трикотажа станет основой для весенних образов. Сочетайте его с брюками, юбками, джинсами или шортами. Нам нравится, как боди дополняет образы, создавая необычную игру фактур.","«Боди из голубого трикотажа в рубчик — основа для весенних образов. Сочетайте с брюками, юбками, джинсами или шортами. Фактура создаёт игру текстур.»"
118101_1.webp,"Топ на запахе изо льна. Топы. Светло-жёлтый. . Лён с выраженной фактурой, но при этом мягкий и приятный на ощупь. Вырез халтер всегда смотрится элегантно и, за счёт открытых плеч, соблазнительно. Такой топ даже в будничных комплектах выглядит женс",118101,Топ на запахе изо льна,7890,Топы,Светло-жёлтый,,"Лён с выраженной фактурой, но при этом мягкий и приятный на ощупь. Вырез халтер всегда смотрится элегантно и, за счёт открытых плеч, соблазнительно. Такой топ даже в будничных комплектах выглядит женственно и мягко, но уверенно подчёркивает свою обладательницу.",https://daisyknit.ru/catalog/topy/top_na_zapakhe_izo_lna/?sku=118101,"Топ на запахе изо льна, Топы, Светло-жёлтый. Лён с выраженной фактурой, но при этом мягкий и приятный на ощупь. Вырез халтер всегда смотрится элегантно и, за счёт открытых плеч, соблазнительно. Такой топ даже в будничных комплектах выглядит женственно и мягко, но уверенно подчёркивает свою обладательницу.","«Топ на запахе изо льна, светло-жёлтый, с фактурой. Вырез халтер — элегантно и соблазнительно. Женственный и подчёркивает фигуру.»"
118105_1.webp,"Топ на кулиске из хлопка. Топы. Жёлтый. . Топ из хлопка на кулиске — находка для летних дней, когда хочется свободы и лёгкости.Мягкая ткань нежно-жёлтого оттенка освежает и добавляет светлый акцент в образ. Круглый вырез аккуратно собирается ",118105,Топ на кулиске из хлопка,6890,Топы,Жёлтый,,"Топ из хлопка на кулиске — находка для летних дней, когда хочется свободы и лёгкости.Мягкая ткань нежно-жёлтого оттенка освежает и добавляет светлый акцент в образ. Круглый вырез аккуратно собирается на кулиску, а лёгкую завязку можно оставить бантом или позволить ей небрежно спадать.Подойдёт для прогулок по парку, встреч с друзьями и первых пикников на траве. Сочетайте с джинсами, шортами или юбками — этот топ легко подстраивается под ваше настроение и планы. Простота, комфорт и чуть-чуть солнечной беззаботности.",https://daisyknit.ru/catalog/topy/top_na_kuliske_iz_khlopka/?sku=118105,"Топ на кулиске из хлопка, Топы, Жёлтый. Топ из хлопка на кулиске — находка для летних дней, когда хочется свободы и лёгкости.Мягкая ткань нежно-жёлтого оттенка освежает и добавляет светлый акцент в образ. Круглый вырез аккуратно собирается на кулиску, а лёгкую завязку можно оставить бантом или позволить ей небрежно спадать.Подойдёт для прогулок по парку, встреч с друзьями и первых пикников на траве. Сочетайте с джинсами, шортами или юбками — этот топ легко подстраивается под ваше настроение и планы. Простота, комфорт и чуть-чуть солнечной беззаботности.","«Жёлтый топ на кулиске из хлопка — лёгкий и свободный. Круглый вырез, мягкая ткань. Подходит для прогулок и встреч, легко сочетается с джинсами, шортами, юбками.»"
118046_1.webp,"Топ укороченный изо льна. Топы. Белый. . Топ прямого кроя легко сочетать с льняной коллекцией, а также более струящимися тканями, чтобы создавать повседневные комплекты.",118046,Топ укороченный изо льна,7890,Топы,Белый,,"Топ прямого кроя легко сочетать с льняной коллекцией, а также более струящимися тканями, чтобы создавать повседневные комплекты.",https://daisyknit.ru/catalog/topy/top_ukorochennyy_izo_lna_1/?sku=118046,"Топ укороченный изо льна, Топы, Белый. Топ прямого кроя легко сочетать с льняной коллекцией, а также более струящимися тканями, чтобы создавать повседневные комплекты.","«Укороченный топ изо льна, белый, прямого кроя — легко сочетать с льняной одеждой и струящимися тканями для повседневных комплектов.»"
118098_1.webp,"Топ на тонких бретелях из хлопка Broderie Anglaise. Топы. Белый. . Топ из хлопка Broderie Anglaise — история о летней лёгкости и свободе движений. Тонкие бретели, открытая спина и воздушный крой: этот топ буквально создан для жарких дней, когда хочется ловить ветер и",118098,Топ на тонких бретелях из хлопка Broderie Anglaise,6890,Топы,Белый,,"Топ из хлопка Broderie Anglaise — история о летней лёгкости и свободе движений. Тонкие бретели, открытая спина и воздушный крой: этот топ буквально создан для жарких дней, когда хочется ловить ветер и собирать комплименты. Мягкая вышивка добавляет немного романтики, а завязки на спине — индивидуальности и идеальной посадки. Носите с джинсами, льняными брюками или любимой юбкой — сочетаний столько, сколько захочется вам.",https://daisyknit.ru/catalog/topy/top_na_tonkikh_bretelyakh_iz_khlopka_broderie_anglaise/?sku=118098,"Топ на тонких бретелях из хлопка Broderie Anglaise, Топы, Белый. Топ из хлопка Broderie Anglaise — история о летней лёгкости и свободе движений. Тонкие бретели, открытая спина и воздушный крой: этот топ буквально создан для жарких дней, когда хочется ловить ветер и собирать комплименты. Мягкая вышивка добавляет немного романтики, а завязки на спине — индивидуальности и идеальной посадки. Носите с джинсами, льняными брюками или любимой юбкой — сочетаний столько, сколько захочется вам.","«Топ на тонких бретелях из хлопка Broderie Anglaise, белый. Лёгкий, с открытой спиной и воздушной посадкой. Мягкая вышивка и завязки на спине. Идеален для лета.»"
118086_1.webp,"Топ на завязках из хлопка с вышивкой. Топы. Белый. . Этот романтичный топ  — воплощение нежности и лёгкости. Модель без рукавов украшена красивой вышивкой, тесьмой и аккуратным кружевом по краю, что придаёт ей выразительность. Прекрасно сочетается с льн",118086,Топ на завязках из хлопка с вышивкой,12890,Топы,Белый,,"Этот романтичный топ  — воплощение нежности и лёгкости. Модель без рукавов украшена красивой вышивкой, тесьмой и аккуратным кружевом по краю, что придаёт ей выразительность. Прекрасно сочетается с льняными или хлопковыми брюками, юбками и денимом, добавляя утонченность и индивидуальность в ваш гардероб.",https://daisyknit.ru/catalog/topy/top_na_zavyazkakh_iz_khlopka_s_vyshivkoy/?sku=118086,"Топ на завязках из хлопка с вышивкой, Топы, Белый. Этот романтичный топ  — воплощение нежности и лёгкости. Модель без рукавов украшена красивой вышивкой, тесьмой и аккуратным кружевом по краю, что придаёт ей выразительность. Прекрасно сочетается с льняными или хлопковыми брюками, юбками и денимом, добавляя утонченность и индивидуальность в ваш гардероб.","«Топ на завязках из хлопка, белый, с вышивкой и кружевом — романтичный и нежный. Сочетается с брюками, юбками и денимом.»"
118078_1.webp,Топ из вискозного трикотажа в бельевом стиле. Топы. Молочный. . Топ из мягкого вискозного трикотажа с кружевной отделкой по горловине тонко подчеркивает женственность. Полуприлегающий крой деликатно повторяет линии тела и делает силуэт изящным. Лаконичный дизайн в,118078,Топ из вискозного трикотажа в бельевом стиле,4290,Топы,Молочный,,"Топ из мягкого вискозного трикотажа с кружевной отделкой по горловине тонко подчеркивает женственность. Полуприлегающий крой деликатно повторяет линии тела и делает силуэт изящным. Лаконичный дизайн в актуальном бельевом стиле позволяет сочетать майку с различными элементами гардероба, создавая расслабленный и современный образ.",https://daisyknit.ru/catalog/topy/top_iz_viskoznogo_trikotazha_v_belevom_stile/?sku=118078,"Топ из вискозного трикотажа в бельевом стиле, Топы, Молочный. Топ из мягкого вискозного трикотажа с кружевной отделкой по горловине тонко подчеркивает женственность. Полуприлегающий крой деликатно повторяет линии тела и делает силуэт изящным. Лаконичный дизайн в актуальном бельевом стиле позволяет сочетать майку с различными элементами гардероба, создавая расслабленный и современный образ.","«Топ из молочного вискозного трикотажа в бельевом стиле с кружевной отделкой по горловине. Полуприлегающий крой, изящный силуэт.»"
118082_1.webp,Топ из вискозного трикотажа в бельевом стиле. Топы. Молочный. . Топ из мягкого вискозного трикотажа с кружевной отделкой по горловине тонко подчеркивает женственность. Полуприлегающий крой деликатно повторяет линии тела и делает силуэт изящным. Лаконичный дизайн в,118082,Топ из вискозного трикотажа в бельевом стиле,4290,Топы,Молочный,,"Топ из мягкого вискозного трикотажа с кружевной отделкой по горловине тонко подчеркивает женственность. Полуприлегающий крой деликатно повторяет линии тела и делает силуэт изящным. Лаконичный дизайн в актуальном бельевом стиле позволяет сочетать майку с различными элементами гардероба, создавая расслабленный и современный образ.",https://daisyknit.ru/catalog/topy/top_iz_viskoznogo_trikotazha_v_belevom_stile/?sku=118082,"Топ из вискозного трикотажа в бельевом стиле, Топы, Молочный. Топ из мягкого вискозного трикотажа с кружевной отделкой по горловине тонко подчеркивает женственность. Полуприлегающий крой деликатно повторяет линии тела и делает силуэт изящным. Лаконичный дизайн в актуальном бельевом стиле позволяет сочетать майку с различными элементами гардероба, создавая расслабленный и современный образ.","«Топ из молочного вискозного трикотажа в бельевом стиле с кружевной отделкой по горловине. Полуприлегающий крой, изящный силуэт.»"
91820_1.webp,"Топ-бандо трикотажный. Топы. Чёрный. . Бесшовный топ из мягкого трикотажа. Отлично держит форму и станет основой как для городских комплектов, так и образов для пляжа.",91820,Топ-бандо трикотажный,4800,Топы,Чёрный,,"Бесшовный топ из мягкого трикотажа. Отлично держит форму и станет основой как для городских комплектов, так и образов для пляжа.",https://daisyknit.ru/catalog/topy/top_bando_trikotazhnyy/?sku=91820,"Топ-бандо трикотажный, Топы, Чёрный. Бесшовный топ из мягкого трикотажа. Отлично держит форму и станет основой как для городских комплектов, так и образов для пляжа.","«Топ-бандо трикотажный, чёрный. Мягкий трикотаж, держит форму — идеален для города и пляжа.»"
117305_1.webp,"Топ удлинённый из хлопка. Топы. Графитовый. . Модель удлиненного топа из хлопка с деликатной ""помятой"" текстурой. В неидеальности этой ткани раскрывается её естественная красота. Эластичная тесьма, свободный крой и регулировка бретелей дают возмо",117305,Топ удлинённый из хлопка,6890,Топы,Графитовый,,"Модель удлиненного топа из хлопка с деликатной ""помятой"" текстурой. В неидеальности этой ткани раскрывается её естественная красота. Эластичная тесьма, свободный крой и регулировка бретелей дают возможность посадить топ так, как удобно именно вам. Лаконичный силуэт и необычные пропорции добавляют образу едва уловимую, восточную ноту и позволяют создавать интересные, минималистичные образы.",https://daisyknit.ru/catalog/topy/top_udlinyennyy_iz_khlopka_1/?sku=117305,"Топ удлинённый из хлопка, Топы, Графитовый. Модель удлиненного топа из хлопка с деликатной ""помятой"" текстурой. В неидеальности этой ткани раскрывается её естественная красота. Эластичная тесьма, свободный крой и регулировка бретелей дают возможность посадить топ так, как удобно именно вам. Лаконичный силуэт и необычные пропорции добавляют образу едва уловимую, восточную ноту и позволяют создавать интересные, минималистичные образы.","«Удлинённый топ из хлопка, графитовый, с «помятой» текстурой. Свободный крой и регулировка бретелей.»"
115540_1.webp,Бралет из итальянской ткани с принтом. Топы. Голубой. . Бралет с аккуратным ритмичным принтом станет идеальным дополнением к струящейся бельевой юбке. Эта небольшая деталь создаст уверенный акцент в образе и сделает его ярким и запоминающимся. Дополните вя,115540,Бралет из итальянской ткани с принтом,1445,Топы,Голубой,,"Бралет с аккуратным ритмичным принтом станет идеальным дополнением к струящейся бельевой юбке. Эта небольшая деталь создаст уверенный акцент в образе и сделает его ярким и запоминающимся. Дополните вязаным трикотажем, рубашкой или жакетом.",https://daisyknit.ru/catalog/topy/bralet_iz_italyanskoy_tkani_s_printom/?sku=115540,"Бралет из итальянской ткани с принтом, Топы, Голубой. Бралет с аккуратным ритмичным принтом станет идеальным дополнением к струящейся бельевой юбке. Эта небольшая деталь создаст уверенный акцент в образе и сделает его ярким и запоминающимся. Дополните вязаным трикотажем, рубашкой или жакетом.","«Бралет из итальянской голубой ткани с принтом — добавит уверенности и яркости образу. Сочетается с бельевой юбкой, трикотажем, рубашкой или жакетом.»"
112316_1.webp,"Топ-бандо из атласной ткани. Топы. Шоколадный. . Топ из струящейся вискозы в шоколадном оттенке. Топ отлично дополнит сет с брюками из аналогичной ткани, создав расслабленный праздничный образ.",112316,Топ-бандо из атласной ткани,7890,Топы,Шоколадный,,"Топ из струящейся вискозы в шоколадном оттенке. Топ отлично дополнит сет с брюками из аналогичной ткани, создав расслабленный праздничный образ.",https://daisyknit.ru/catalog/topy/top_bando_iz_atlasnoy_tkani/?sku=112316,"Топ-бандо из атласной ткани, Топы, Шоколадный. Топ из струящейся вискозы в шоколадном оттенке. Топ отлично дополнит сет с брюками из аналогичной ткани, создав расслабленный праздничный образ.","«Топ-бандо из атласной ткани, шоколадный. Струящийся, для расслабленного праздничного образа.»"
112728_1.webp,"Топ с открытой спиной из атласной ткани. Топы. Чёрный. . Элегантный топ с открытой спиной из атласной ткани идеально дополнит как торжественный образ, так и комплект для неформальной встречи. Атласная вискозы дарит новинке деликатный блеск.",112728,Топ с открытой спиной из атласной ткани,10890,Топы,Чёрный,,"Элегантный топ с открытой спиной из атласной ткани идеально дополнит как торжественный образ, так и комплект для неформальной встречи. Атласная вискозы дарит новинке деликатный блеск.",https://daisyknit.ru/catalog/topy/top_s_otkrytoy_spinoy_iz_atlasnoy_tkani/?sku=112728,"Топ с открытой спиной из атласной ткани, Топы, Чёрный. Элегантный топ с открытой спиной из атласной ткани идеально дополнит как торжественный образ, так и комплект для неформальной встречи. Атласная вискозы дарит новинке деликатный блеск.","«Топ с открытой спиной, атласный, чёрный — элегантен, подходит для торжеств и неформальных встреч, с блеском.»"
109410_1.webp,Топ с пуговицами из фактурной ткани. Топы. Бежевый. . Топ прямого силуэта с застежкой на пуговицы и длиной ниже линии талии. Такой силуэт легко комбинировать с изделиями с высокой посадкой.,109410,Топ с пуговицами из фактурной ткани,6890,Топы,Бежевый,,Топ прямого силуэта с застежкой на пуговицы и длиной ниже линии талии. Такой силуэт легко комбинировать с изделиями с высокой посадкой.,https://daisyknit.ru/catalog/topy/top_s_pugovitsami_iz_fakturnoy_tkani/?sku=109410,"Топ с пуговицами из фактурной ткани, Топы, Бежевый. Топ прямого силуэта с застежкой на пуговицы и длиной ниже линии талии. Такой силуэт легко комбинировать с изделиями с высокой посадкой.","«Топ с пуговицами из фактурной ткани, бежевый, прямого силуэта, длина ниже талии — легко комбинируется с одеждой с высокой посадкой.»"
108480_1.webp,Топ с открытой спиной из фактурной ткани со льном. Топы. Коричневый. . Фактурный топ из вискозы с добавлением льна создан для жарких дней. Актуальный вырез халтер подчеркивает ключицы и создает женственный силуэт. Топ можно носить на голое тело благодаря невесомому подкл,108480,Топ с открытой спиной из фактурной ткани со льном,7890,Топы,Коричневый,,Фактурный топ из вискозы с добавлением льна создан для жарких дней. Актуальный вырез халтер подчеркивает ключицы и создает женственный силуэт. Топ можно носить на голое тело благодаря невесомому подкладку из тенсела.,https://daisyknit.ru/catalog/topy/top_s_otkrytoy_spinoy_iz_fakturnoy_tkani_so_lnom/?sku=108480,"Топ с открытой спиной из фактурной ткани со льном, Топы, Коричневый. Фактурный топ из вискозы с добавлением льна создан для жарких дней. Актуальный вырез халтер подчеркивает ключицы и создает женственный силуэт. Топ можно носить на голое тело благодаря невесомому подкладку из тенсела.","«Фактурный топ с открытой спиной из вискозы с льном, коричневый. Халтер-вырез, можно носить на голое тело.»"
105685_1.webp,"Топ с открытыми плечами. Топы. Кофейный. . Пожалуй, не только самая актуальная, но и еще и самая комфортная модель топа. Идеально корректирует зону декольте и создает женственный силуэт.",105685,Топ с открытыми плечами,6300,Топы,Кофейный,,"Пожалуй, не только самая актуальная, но и еще и самая комфортная модель топа. Идеально корректирует зону декольте и создает женственный силуэт.",https://daisyknit.ru/catalog/topy/top_s_otkrytymi_plechami/?sku=105685,"Топ с открытыми плечами, Топы, Кофейный. Пожалуй, не только самая актуальная, но и еще и самая комфортная модель топа. Идеально корректирует зону декольте и создает женственный силуэт.","«Топ с открытыми плечами, кофейный — корректирует зону декольте, создаёт женственный силуэт.»"
105596_1.webp,"Топ-халтер из жатой ткани со льном. Топы. Чёрный. . Топ-халтер актуального трапециевидного кроя. Эту модель вы легко адаптируете для вечерних выходов, а после он встроится в деловые комплекты, задавая настроение всему образу.",105596,Топ-халтер из жатой ткани со льном,5700,Топы,Чёрный,,"Топ-халтер актуального трапециевидного кроя. Эту модель вы легко адаптируете для вечерних выходов, а после он встроится в деловые комплекты, задавая настроение всему образу.",https://daisyknit.ru/catalog/topy/top_khalter_iz_zhatoy_tkani_so_lnom/?sku=105596,"Топ-халтер из жатой ткани со льном, Топы, Чёрный. Топ-халтер актуального трапециевидного кроя. Эту модель вы легко адаптируете для вечерних выходов, а после он встроится в деловые комплекты, задавая настроение всему образу.","«Топ-халтер из жатой ткани со льном, чёрный, трапециевидный крой. Легко адаптируется для вечерних выходов и деловых комплектов.»"
105581_1.webp,Топ удлинённый из фактурной ткани со льном. Топы. Коричневый. . Удлиненный топ в актуальным оттенке из фактурной ткани из вискозы и льна. Он станет дополнением к деловым летним образам с жакетами и рубашками.,105581,Топ удлинённый из фактурной ткани со льном,8500,Топы,Коричневый,,Удлиненный топ в актуальным оттенке из фактурной ткани из вискозы и льна. Он станет дополнением к деловым летним образам с жакетами и рубашками.,https://daisyknit.ru/catalog/topy/top_udlinyennyy_iz_fakturnoy_tkani_so_lnom/?sku=105581,"Топ удлинённый из фактурной ткани со льном, Топы, Коричневый. Удлиненный топ в актуальным оттенке из фактурной ткани из вискозы и льна. Он станет дополнением к деловым летним образам с жакетами и рубашками.","«Удлинённый топ из фактурной ткани с вискозой и льном, коричневый — дополнит деловые летние образы с жакетами и рубашками.»"
106001_1.webp,"Топ вязаный полупрозрачный. Топы. Голубой. . Топ из нежной вискозы отлично дополнит образ с кардиганом и юбкой в такой же пряже. А в сочетании со льняными изделиями, он сделает комплект более трогательным.",106001,Топ вязаный полупрозрачный,8800,Топы,Голубой,,"Топ из нежной вискозы отлично дополнит образ с кардиганом и юбкой в такой же пряже. А в сочетании со льняными изделиями, он сделает комплект более трогательным.",https://daisyknit.ru/catalog/topy/top_vyazanyy_poluprozrachnyy/?sku=106001,"Топ вязаный полупрозрачный, Топы, Голубой. Топ из нежной вискозы отлично дополнит образ с кардиганом и юбкой в такой же пряже. А в сочетании со льняными изделиями, он сделает комплект более трогательным.","«Вязаный полупрозрачный голубой топ из вискозы — дополнит образ с кардиганом и юбкой из такой же пряжи, а со льном создаст трогательный комплект.»"
105997_1.webp,"Топ вязаный полупрозрачный. Топы. Голубой. . Топ из нежной вискозы отлично дополнит образ с кардиганом и юбкой в такой же пряже. А в сочетании со льняными изделиями, он сделает комплект более трогательным.",105997,Топ вязаный полупрозрачный,8800,Топы,Голубой,,"Топ из нежной вискозы отлично дополнит образ с кардиганом и юбкой в такой же пряже. А в сочетании со льняными изделиями, он сделает комплект более трогательным.",https://daisyknit.ru/catalog/topy/top_vyazanyy_poluprozrachnyy/?sku=105997,"Топ вязаный полупрозрачный, Топы, Голубой. Топ из нежной вискозы отлично дополнит образ с кардиганом и юбкой в такой же пряже. А в сочетании со льняными изделиями, он сделает комплект более трогательным.","«Вязаный полупрозрачный голубой топ из вискозы — дополнит образ с кардиганом и юбкой из такой же пряжи, а со льном создаст трогательный комплект.»"
105726_1.webp,Топ с драпировкой. Топы. Чёрный. . Топ из мягкой вискозы. Благодаря глубокому вырезу и драпировке станет отличным выбором для вечерних выходов. В деловых образах топ будет сочетаться с рубашками и жакетами.,105726,Топ с драпировкой,5890,Топы,Чёрный,,Топ из мягкой вискозы. Благодаря глубокому вырезу и драпировке станет отличным выбором для вечерних выходов. В деловых образах топ будет сочетаться с рубашками и жакетами.,https://daisyknit.ru/catalog/topy/top_s_drapirovkoy/?sku=105726,"Топ с драпировкой, Топы, Чёрный. Топ из мягкой вискозы. Благодаря глубокому вырезу и драпировке станет отличным выбором для вечерних выходов. В деловых образах топ будет сочетаться с рубашками и жакетами.","«Топ с драпировкой и глубоким вырезом, чёрный, из мягкой вискозы — для вечерних выходов и деловых образов с рубашками и жакетами.»"
105707_1.webp,"Тэнк-топ из хлопка. Топы. Серый. . Тэнк-топ из кашкорсе идеально дополнит летнюю капсулу. В жаркий день он будет самостоятельным элементом образа, а прохладным вечером - первым слоем для стильного комплекта.",105707,Тэнк-топ из хлопка,3900,Топы,Серый,,"Тэнк-топ из кашкорсе идеально дополнит летнюю капсулу. В жаркий день он будет самостоятельным элементом образа, а прохладным вечером - первым слоем для стильного комплекта.",https://daisyknit.ru/catalog/topy/tenk_top_iz_khlopka/?sku=105707,"Тэнк-топ из хлопка, Топы, Серый. Тэнк-топ из кашкорсе идеально дополнит летнюю капсулу. В жаркий день он будет самостоятельным элементом образа, а прохладным вечером - первым слоем для стильного комплекта.","«Тэнк-топ из хлопка, кашкорсе, серый — для летних образов.»"
105713_1.webp,"Топ на бретелях из эластичного хлопка. Топы. Кофейный. . Мы не можем представить гардероб без базового топа из кашкорсе. Он станет фоном для любого образа, создавая нейтральный первый слой.",105713,Топ на бретелях из эластичного хлопка,3900,Топы,Кофейный,,"Мы не можем представить гардероб без базового топа из кашкорсе. Он станет фоном для любого образа, создавая нейтральный первый слой.",https://daisyknit.ru/catalog/topy/top_na_bretelyakh_iz_elastichnogo_khlopka/?sku=105713,"Топ на бретелях из эластичного хлопка, Топы, Кофейный. Мы не можем представить гардероб без базового топа из кашкорсе. Он станет фоном для любого образа, создавая нейтральный первый слой.","«Топ на бретелях из эластичного хлопка, кофейный — базовый, для создания нейтрального первого слоя.»"
105720_1.webp,"Топ на бретелях из эластичного хлопка. Топы. Кофейный. . Мы не можем представить гардероб без базового топа из кашкорсе. Он станет фоном для любого образа, создавая нейтральный первый слой.",105720,Топ на бретелях из эластичного хлопка,3900,Топы,Кофейный,,"Мы не можем представить гардероб без базового топа из кашкорсе. Он станет фоном для любого образа, создавая нейтральный первый слой.",https://daisyknit.ru/catalog/topy/top_na_bretelyakh_iz_elastichnogo_khlopka/?sku=105720,"Топ на бретелях из эластичного хлопка, Топы, Кофейный. Мы не можем представить гардероб без базового топа из кашкорсе. Он станет фоном для любого образа, создавая нейтральный первый слой.","«Топ на бретелях из эластичного хлопка, кофейный — базовый, для создания нейтрального первого слоя.»"
92019_1.webp,Топ-халтер из хлопка. Тонкий трикотаж. Голубой. . Топ прямого кроя с фантазийной спинкой. Актуальная модель легко впишется в легкий образ.,92019,Топ-халтер из хлопка,3900,Тонкий трикотаж,Голубой,,Топ прямого кроя с фантазийной спинкой. Актуальная модель легко впишется в легкий образ.,https://daisyknit.ru/catalog/tonkiy_trikotazh_1/top_khalter_iz_khlopka/?sku=92019,"Топ-халтер из хлопка, Тонкий трикотаж, Голубой. Топ прямого кроя с фантазийной спинкой. Актуальная модель легко впишется в легкий образ.","«Топ-халтер из хлопка, тонкий, голубого цвета, прямого кроя с фантазийной спинкой — легко впишется в лёгкий образ.»"
92025_1.webp,Топ-халтер из хлопка. Тонкий трикотаж. Голубой. . Топ прямого кроя с фантазийной спинкой. Актуальная модель легко впишется в легкий образ.,92025,Топ-халтер из хлопка,3900,Тонкий трикотаж,Голубой,,Топ прямого кроя с фантазийной спинкой. Актуальная модель легко впишется в легкий образ.,https://daisyknit.ru/catalog/tonkiy_trikotazh_1/top_khalter_iz_khlopka/?sku=92025,"Топ-халтер из хлопка, Тонкий трикотаж, Голубой. Топ прямого кроя с фантазийной спинкой. Актуальная модель легко впишется в легкий образ.","«Топ-халтер из хлопка, тонкий, голубого цвета, прямого кроя с фантазийной спинкой — легко впишется в лёгкий образ.»"
117355_1.webp,Топ на тонких бретелях из хлопка. Топы. Белый. . ,117355,Топ на тонких бретелях из хлопка,9890,Топы,Белый,,,https://daisyknit.ru/catalog/topy/top_na_tonkikh_bretelyakh_iz_khlopka_1/?sku=117355,"Топ на тонких бретелях из хлопка, Топы, Белый. nan",«Белый топ на тонких бретелях из хлопка.»
91829_1.webp,Топ бандо. Тонкий трикотаж. Тёмно-серый. . Двухслойный топ бандо из тонкого вискозного трикотажа с плотной посадкой по фигуре. Открытая линия плеч и прилегающая ткань создают женственный образ.,91829,Топ бандо,3800,Тонкий трикотаж,Тёмно-серый,,Двухслойный топ бандо из тонкого вискозного трикотажа с плотной посадкой по фигуре. Открытая линия плеч и прилегающая ткань создают женственный образ.,https://daisyknit.ru/catalog/tonkiy_trikotazh_1/top_bando/?sku=91829,"Топ бандо, Тонкий трикотаж, Тёмно-серый. Двухслойный топ бандо из тонкого вискозного трикотажа с плотной посадкой по фигуре. Открытая линия плеч и прилегающая ткань создают женственный образ.","«Топ бандо из тонкого трикотажа, тёмно-серый, с открытой линией плеч — создаёт женственный образ.»"
98038_1.webp,"Топ из атласной вискозы. Топы. Красный. . Топ из атласной вискозы с круглой горловиной. Универсальная модель сочетается с жакетами и кардиганами, а благодаря атласному блеску, ваши деловые образы становятся роскошными.",98038,Топ из атласной вискозы,5800,Топы,Красный,,"Топ из атласной вискозы с круглой горловиной. Универсальная модель сочетается с жакетами и кардиганами, а благодаря атласному блеску, ваши деловые образы становятся роскошными.",https://daisyknit.ru/catalog/topy/top_iz_atlasnoy_viskozy_1/?sku=98038,"Топ из атласной вискозы, Топы, Красный. Топ из атласной вискозы с круглой горловиной. Универсальная модель сочетается с жакетами и кардиганами, а благодаря атласному блеску, ваши деловые образы становятся роскошными.","«Атласный топ из вискозы, красный, с круглой горловиной — сочетается с жакетами и кардиганами, придаёт образу роскошь.»"
101577_1.webp,Топ на тонких бретелях из хлопка. Топы. Тёмно-бежевый. . Прилегающий топ на тонких бретелях из мягкого хлопка станет минималистичным первым слоем для многослойного комплекта.,101577,Топ на тонких бретелях из хлопка,3890,Топы,Тёмно-бежевый,,Прилегающий топ на тонких бретелях из мягкого хлопка станет минималистичным первым слоем для многослойного комплекта.,https://daisyknit.ru/catalog/topy/top_na_tonkikh_bretelyakh_iz_khlopka/?sku=101577,"Топ на тонких бретелях из хлопка, Топы, Тёмно-бежевый. Прилегающий топ на тонких бретелях из мягкого хлопка станет минималистичным первым слоем для многослойного комплекта.",«Тёмно-бежевый топ на тонких бретелях из хлопка — минималистичный первый слой для многослойного комплекта.»
101583_1.webp,"Топ-бандо из итальянского трикотажа с кашемиром. Топы. Пудровый. . Незаменимая позиция для универсального гардероба - минималистичный топ-бандо. Мягкий трикотаж приятно прилегает к телу, что важно для повседневных комплектов.",101583,Топ-бандо из итальянского трикотажа с кашемиром,2890,Топы,Пудровый,,"Незаменимая позиция для универсального гардероба - минималистичный топ-бандо. Мягкий трикотаж приятно прилегает к телу, что важно для повседневных комплектов.",https://daisyknit.ru/catalog/topy/top_bando_iz_italyanskogo_trikotazha_s_kashemirom/?sku=101583,"Топ-бандо из итальянского трикотажа с кашемиром, Топы, Пудровый. Незаменимая позиция для универсального гардероба - минималистичный топ-бандо. Мягкий трикотаж приятно прилегает к телу, что важно для повседневных комплектов.","«Топ-бандо из трикотажа с кашемиром, пудровый цвет. Мягкий, для повседневных комплектов.»"
101684_1.webp,"Топ вязаный с кашемиром. Вязаный трикотаж. Молочный. . Лаконичный топ прилегающего силуэта из шерсти и кашемира заменит джемпера в тех комплектах, где их нужно дополнить жакетом или кардиганом.",101684,Топ вязаный с кашемиром,7890,Вязаный трикотаж,Молочный,,"Лаконичный топ прилегающего силуэта из шерсти и кашемира заменит джемпера в тех комплектах, где их нужно дополнить жакетом или кардиганом.",https://daisyknit.ru/catalog/vyazanyy_trikotazh/top_vyazanyy_s_kashemirom/?sku=101684,"Топ вязаный с кашемиром, Вязаный трикотаж, Молочный. Лаконичный топ прилегающего силуэта из шерсти и кашемира заменит джемпера в тех комплектах, где их нужно дополнить жакетом или кардиганом.","«Вязаный топ с кашемиром, молочный, прилегающего силуэта — заменит джемпер в комплектах с жакетом или кардиганом.»"
91978_1.webp,"Тэнк-топ вязаный. Вязаный трикотаж. Чёрный. . Топ вязаный с глубокой проймой по плечам. Так при помощи простого топа вы сделаете акцент на спинке и плечах, а также подчеркнете фигуру благодаря фактуре ткани.",91978,Тэнк-топ вязаный,7890,Вязаный трикотаж,Чёрный,,"Топ вязаный с глубокой проймой по плечам. Так при помощи простого топа вы сделаете акцент на спинке и плечах, а также подчеркнете фигуру благодаря фактуре ткани.",https://daisyknit.ru/catalog/vyazanyy_trikotazh/tenk_top_vyazanyy/?sku=91978,"Тэнк-топ вязаный, Вязаный трикотаж, Чёрный. Топ вязаный с глубокой проймой по плечам. Так при помощи простого топа вы сделаете акцент на спинке и плечах, а также подчеркнете фигуру благодаря фактуре ткани.","«Вязаный тэнк-топ, чёрный, с глубокой проймой — акцент на спине и плечах, подчёркивает фигуру.»"
118643_1.webp,"Футболка унисекс с принтом. Футболки. Белый. . Принт отсылает к главному образу коллекции «Дочь рыбака»: яркие красные рыбки на спокойной серо-голубой воде. Этот оттенок — словно выцветший на солнце, чуть ретро, напоминающий о неторопливых летних ",118643,Футболка унисекс с принтом,4300,Футболки,Белый,,"Принт отсылает к главному образу коллекции «Дочь рыбака»: яркие красные рыбки на спокойной серо-голубой воде. Этот оттенок — словно выцветший на солнце, чуть ретро, напоминающий о неторопливых летних днях у реки.Рисунок наполняет образ лёгкой ностальгией и сам становится тем центром, к которому возвращается взгляд.",https://daisyknit.ru/catalog/futbolki_i_tonkiy_trikotazh/futbolka_uniseks_s_printom/?sku=118643,"Футболка унисекс с принтом, Футболки, Белый. Принт отсылает к главному образу коллекции «Дочь рыбака»: яркие красные рыбки на спокойной серо-голубой воде. Этот оттенок — словно выцветший на солнце, чуть ретро, напоминающий о неторопливых летних днях у реки.Рисунок наполняет образ лёгкой ностальгией и сам становится тем центром, к которому возвращается взгляд.","«Унисекс футболка с принтом — яркие рыбки на серо-голубом фоне. Белый цвет, лёгкая ностальгия в образе.»"
117956_1.webp,"Футболка с открытой спиной из трикотажа. Футболки. Молочный. . Может ли трикотаж выглядеть изысканно? Эта модель футболки утверждает: да. Свободный крой, мягкие рукава и драпированный вырез качели на спинке — сочетание комфорта и элегантности. Завершает образ пре",117956,Футболка с открытой спиной из трикотажа,7890,Футболки,Молочный,,"Может ли трикотаж выглядеть изысканно? Эта модель футболки утверждает: да. Свободный крой, мягкие рукава и драпированный вырез качели на спинке — сочетание комфорта и элегантности. Завершает образ премиальный материал. Мягкий трикотаж с шёлком красиво драпируется и имеет характерный благородный блеск. Такой топ отлично дополнит повседневные, минималистичные образы, а в комплекте с юбкой и подходящими аксессуарами может стать спутником и на торжественных мероприятиях.",https://daisyknit.ru/catalog/futbolki_i_tonkiy_trikotazh/futbolka_s_otkrytoy_spinoy_iz_trikotazha/?sku=117956,"Футболка с открытой спиной из трикотажа, Футболки, Молочный. Может ли трикотаж выглядеть изысканно? Эта модель футболки утверждает: да. Свободный крой, мягкие рукава и драпированный вырез качели на спинке — сочетание комфорта и элегантности. Завершает образ премиальный материал. Мягкий трикотаж с шёлком красиво драпируется и имеет характерный благородный блеск. Такой топ отлично дополнит повседневные, минималистичные образы, а в комплекте с юбкой и подходящими аксессуарами может стать спутником и на торжественных мероприятиях.","«Футболка с открытой спиной, свободный крой, мягкие рукава, драпированный вырез на спинке. Трикотаж с шёлком, благородный блеск. Подходит для повседневных и торжественных образов.»"
117950_1.webp,"Футболка с открытой спиной из трикотажа. Футболки. Молочный. . Может ли трикотаж выглядеть изысканно? Эта модель футболки утверждает: да. Свободный крой, мягкие рукава и драпированный вырез качели на спинке — сочетание комфорта и элегантности. Завершает образ пре",117950,Футболка с открытой спиной из трикотажа,7890,Футболки,Молочный,,"Может ли трикотаж выглядеть изысканно? Эта модель футболки утверждает: да. Свободный крой, мягкие рукава и драпированный вырез качели на спинке — сочетание комфорта и элегантности. Завершает образ премиальный материал. Мягкий трикотаж с шёлком красиво драпируется и имеет характерный благородный блеск. Такой топ отлично дополнит повседневные, минималистичные образы, а в комплекте с юбкой и подходящими аксессуарами может стать спутником и на торжественных мероприятиях.",https://daisyknit.ru/catalog/futbolki_i_tonkiy_trikotazh/futbolka_s_otkrytoy_spinoy_iz_trikotazha/?sku=117950,"Футболка с открытой спиной из трикотажа, Футболки, Молочный. Может ли трикотаж выглядеть изысканно? Эта модель футболки утверждает: да. Свободный крой, мягкие рукава и драпированный вырез качели на спинке — сочетание комфорта и элегантности. Завершает образ премиальный материал. Мягкий трикотаж с шёлком красиво драпируется и имеет характерный благородный блеск. Такой топ отлично дополнит повседневные, минималистичные образы, а в комплекте с юбкой и подходящими аксессуарами может стать спутником и на торжественных мероприятиях.","«Футболка с открытой спиной, свободный крой, мягкие рукава, драпированный вырез на спинке. Трикотаж с шёлком, благородный блеск. Подходит для повседневных и торжественных образов.»"
116180_1.webp,Футболка облегающая из вискозного трикотажа. Футболки. Белый. . Малообъёмная футболка - самая актуальная модель футболки в этом сезоне. Она выполнена из мягкой вискозы с добавлением эластана — материал приятно прилегает к телу и хорошо тянется. Ткань отличается гл,116180,Футболка облегающая из вискозного трикотажа,4290,Футболки,Белый,,Малообъёмная футболка - самая актуальная модель футболки в этом сезоне. Она выполнена из мягкой вискозы с добавлением эластана — материал приятно прилегает к телу и хорошо тянется. Ткань отличается гладкой поверхностью и лёгким естественным блеском и деликатной меланжевой текстурой.,https://daisyknit.ru/catalog/futbolki_i_tonkiy_trikotazh/futbolka_oblegayushchaya_iz_viskoznogo_trikotazha/?sku=116180,"Футболка облегающая из вискозного трикотажа, Футболки, Белый. Малообъёмная футболка - самая актуальная модель футболки в этом сезоне. Она выполнена из мягкой вискозы с добавлением эластана — материал приятно прилегает к телу и хорошо тянется. Ткань отличается гладкой поверхностью и лёгким естественным блеском и деликатной меланжевой текстурой.","«Облегающая футболка из вискозного трикотажа с добавлением эластана, белая, с деликатной меланжевой текстурой.»"
105312_1.webp,"Футболка оверсайз с шёлком. Футболки. Розовый. . Футболка свободного кроя со спущенным плечом. Благодаря своему составу идеально дополнит офисные комплекты, сохранив свободу движений.",105312,Футболка оверсайз с шёлком,5300,Футболки,Розовый,,"Футболка свободного кроя со спущенным плечом. Благодаря своему составу идеально дополнит офисные комплекты, сохранив свободу движений.",https://daisyknit.ru/catalog/futbolki_i_tonkiy_trikotazh/futbolka_oversayz_s_shyelkom/?sku=105312,"Футболка оверсайз с шёлком, Футболки, Розовый. Футболка свободного кроя со спущенным плечом. Благодаря своему составу идеально дополнит офисные комплекты, сохранив свободу движений.","«Оверсайз футболка с шёлком, розовая, свободный крой, спущенное плечо — идеальна для офиса, сохраняет свободу движений.»"
105319_1.webp,"Футболка оверсайз с шёлком. Футболки. Розовый. . Футболка свободного кроя со спущенным плечом. Благодаря своему составу идеально дополнит офисные комплекты, сохранив свободу движений.",105319,Футболка оверсайз с шёлком,5300,Футболки,Розовый,,"Футболка свободного кроя со спущенным плечом. Благодаря своему составу идеально дополнит офисные комплекты, сохранив свободу движений.",https://daisyknit.ru/catalog/futbolki_i_tonkiy_trikotazh/futbolka_oversayz_s_shyelkom/?sku=105319,"Футболка оверсайз с шёлком, Футболки, Розовый. Футболка свободного кроя со спущенным плечом. Благодаря своему составу идеально дополнит офисные комплекты, сохранив свободу движений.","«Оверсайз футболка с шёлком, розовая, свободный крой, спущенное плечо — идеальна для офиса, сохраняет свободу движений.»"
117336_1.webp,"Футболка полупрозрачная с поясом-баской. Футболки. Молочный. . Лаконичный комплект в молочном оттенке, состоящий из мягкой футболки и съёмной баски. Футболка выполнена из мягкого струящегося материала на основе лиоцелла. Ткань приятна телу, хорошо пропускает возд",117336,Футболка полупрозрачная с поясом-баской,6890,Футболки,Молочный,,"Лаконичный комплект в молочном оттенке, состоящий из мягкой футболки и съёмной баски. Футболка выполнена из мягкого струящегося материала на основе лиоцелла. Ткань приятна телу, хорошо пропускает воздух и мягко ложится по фигуре. Съёмная баска на завязках позволяет менять силуэт: её можно носить вместе с футболкой или сочетать с другими изделиями гардероба, создавая новые многослойные комбинации. Комплект легко адаптируется под разные стили — от расслабленных повседневных образов до более собранных сочетаний.Выход данной модели ожидаем со 2 по 9 апреля.",https://daisyknit.ru/catalog/futbolki_i_tonkiy_trikotazh/futbolka_poluprozrachnaya_s_poyasom_baskoy/?sku=117336,"Футболка полупрозрачная с поясом-баской, Футболки, Молочный. Лаконичный комплект в молочном оттенке, состоящий из мягкой футболки и съёмной баски. Футболка выполнена из мягкого струящегося материала на основе лиоцелла. Ткань приятна телу, хорошо пропускает воздух и мягко ложится по фигуре. Съёмная баска на завязках позволяет менять силуэт: её можно носить вместе с футболкой или сочетать с другими изделиями гардероба, создавая новые многослойные комбинации. Комплект легко адаптируется под разные стили — от расслабленных повседневных образов до более собранных сочетаний.Выход данной модели ожидаем со 2 по 9 апреля.","«Полупрозрачная футболка с поясом-баской на завязках, молочный цвет. Мягкая, струящаяся, адаптируется под разные стили.»"
86894_1.webp,"Футболка унисекс. Футболки. Молочный. . Прямая футболка, которая подойдет и вам, и вашей второй половинке. Создавайте комфортные образы, основой для которых станет наша модель.",86894,Футболка унисекс,4290,Футболки,Молочный,,"Прямая футболка, которая подойдет и вам, и вашей второй половинке. Создавайте комфортные образы, основой для которых станет наша модель.",https://daisyknit.ru/catalog/futbolki_i_tonkiy_trikotazh/futbolka_uniseks/?sku=86894,"Футболка унисекс, Футболки, Молочный. Прямая футболка, которая подойдет и вам, и вашей второй половинке. Создавайте комфортные образы, основой для которых станет наша модель.","«Унисекс футболка молочного цвета, прямая модель — основа для комфортных образов.»"
89000_1.webp,"Футболка унисекс. Футболки. Молочный. . Прямая футболка, которая подойдет и вам, и вашей второй половинке. Создавайте комфортные образы, основой для которых станет наша модель.",89000,Футболка унисекс,4300,Футболки,Молочный,,"Прямая футболка, которая подойдет и вам, и вашей второй половинке. Создавайте комфортные образы, основой для которых станет наша модель.",https://daisyknit.ru/catalog/futbolki_i_tonkiy_trikotazh/futbolka_uniseks/?sku=89000,"Футболка унисекс, Футболки, Молочный. Прямая футболка, которая подойдет и вам, и вашей второй половинке. Создавайте комфортные образы, основой для которых станет наша модель.","«Унисекс футболка молочного цвета, прямая модель — основа для комфортных образов.»"
87489_1.webp,Футболка базовая с удлиненным рукавом. Футболки. Бежевый. . Базовая футболка прямого силуэта с удлиненным рукавом. Создавайте повседневные образы или носите ее под жакеты и кардиганы.,87489,Футболка базовая с удлиненным рукавом,3870,Футболки,Бежевый,,Базовая футболка прямого силуэта с удлиненным рукавом. Создавайте повседневные образы или носите ее под жакеты и кардиганы.,https://daisyknit.ru/catalog/futbolki_i_tonkiy_trikotazh/futbolka_bazovaya_s_udlinennym_rukavom/?sku=87489,"Футболка базовая с удлиненным рукавом, Футболки, Бежевый. Базовая футболка прямого силуэта с удлиненным рукавом. Создавайте повседневные образы или носите ее под жакеты и кардиганы.","«Базовая футболка прямого силуэта с удлинённым рукавом, бежевая — для повседневных образов или под жакеты и кардиганы.»"
97580_1.webp,Футболка базовая с удлиненным рукавом. Футболки. Бежевый. . Базовая футболка прямого силуэта с удлиненным рукавом. Создавайте повседневные образы или носите ее под жакеты и кардиганы.,97580,Футболка базовая с удлиненным рукавом,3870,Футболки,Бежевый,,Базовая футболка прямого силуэта с удлиненным рукавом. Создавайте повседневные образы или носите ее под жакеты и кардиганы.,https://daisyknit.ru/catalog/futbolki_i_tonkiy_trikotazh/futbolka_bazovaya_s_udlinennym_rukavom/?sku=97580,"Футболка базовая с удлиненным рукавом, Футболки, Бежевый. Базовая футболка прямого силуэта с удлиненным рукавом. Создавайте повседневные образы или носите ее под жакеты и кардиганы.","«Базовая футболка прямого силуэта с удлинённым рукавом, бежевая — для повседневных образов или под жакеты и кардиганы.»"
109428_1.webp,"Футболка из фактурной ткани. Футболки. Светло-жёлтый. . Футболка прилегающего силуэта из фактурного трикотажа. Круглую горловину легко сочетать с аксессуарной группой, чтобы создавать многослойный комплект.",109428,Футболка из фактурной ткани,4290,Футболки,Светло-жёлтый,,"Футболка прилегающего силуэта из фактурного трикотажа. Круглую горловину легко сочетать с аксессуарной группой, чтобы создавать многослойный комплект.",https://daisyknit.ru/catalog/futbolki_i_tonkiy_trikotazh/futbolka_iz_fakturnoy_tkani/?sku=109428,"Футболка из фактурной ткани, Футболки, Светло-жёлтый. Футболка прилегающего силуэта из фактурного трикотажа. Круглую горловину легко сочетать с аксессуарной группой, чтобы создавать многослойный комплект.","«Светло-жёлтая футболка из фактурного трикотажа, прилегающего силуэта, с круглой горловиной — легко сочетать с аксессуарами для многослойных комплектов.»"
97574_1.webp,Футболка базовая с удлиненным рукавом. Футболки. Бежевый. . Базовая футболка прямого силуэта с удлиненным рукавом. Создавайте повседневные образы или носите ее под жакеты и кардиганы.,97574,Футболка базовая с удлиненным рукавом,3870,Футболки,Бежевый,,Базовая футболка прямого силуэта с удлиненным рукавом. Создавайте повседневные образы или носите ее под жакеты и кардиганы.,https://daisyknit.ru/catalog/futbolki_i_tonkiy_trikotazh/futbolka_bazovaya_s_udlinennym_rukavom/?sku=97574,"Футболка базовая с удлиненным рукавом, Футболки, Бежевый. Базовая футболка прямого силуэта с удлиненным рукавом. Создавайте повседневные образы или носите ее под жакеты и кардиганы.","«Базовая футболка прямого силуэта с удлинённым рукавом, бежевая — для повседневных образов или под жакеты и кардиганы.»"
97638_1.webp,Футболка со смещённым плечевым швом. Футболки. Графитовый. . Любимая модель футболки с необычной линией на плече. Свободный крой позволяет создавать актуальные по силуэту комплекты.,97638,Футболка со смещённым плечевым швом,3870,Футболки,Графитовый,,Любимая модель футболки с необычной линией на плече. Свободный крой позволяет создавать актуальные по силуэту комплекты.,https://daisyknit.ru/catalog/futbolki_i_tonkiy_trikotazh/futbolka_so_smeshchyennym_plechevym_shvom_1/?sku=97638,"Футболка со смещённым плечевым швом, Футболки, Графитовый. Любимая модель футболки с необычной линией на плече. Свободный крой позволяет создавать актуальные по силуэту комплекты.","«Футболка со смещённым плечевым швом, свободный крой, графитовый цвет — создаёт актуальные комплекты.»"
97584_1.webp,"Футболка унисекс. Футболки. Молочный. . Прямая футболка, которая подойдет и вам, и вашей второй половинке. Создавайте комфортные образы, основой для которых станет наша модель.",97584,Футболка унисекс,4290,Футболки,Молочный,,"Прямая футболка, которая подойдет и вам, и вашей второй половинке. Создавайте комфортные образы, основой для которых станет наша модель.",https://daisyknit.ru/catalog/futbolki_i_tonkiy_trikotazh/futbolka_uniseks/?sku=97584,"Футболка унисекс, Футболки, Молочный. Прямая футболка, которая подойдет и вам, и вашей второй половинке. Создавайте комфортные образы, основой для которых станет наша модель.","«Унисекс футболка молочного цвета, прямая модель — основа для комфортных образов.»"
101563_1.webp,"Футболка полупрозрачная из итальянского трикотажа. Футболки. Пудровый. . Футболка из тонкого трикотажа, прилегающего по фигуре. Вискоза и кашемир в составе создают основу для повседневного образа, который легко дополнить костюмом или денимом.",101563,Футболка полупрозрачная из итальянского трикотажа,5490,Футболки,Пудровый,,"Футболка из тонкого трикотажа, прилегающего по фигуре. Вискоза и кашемир в составе создают основу для повседневного образа, который легко дополнить костюмом или денимом.",https://daisyknit.ru/catalog/futbolki_i_tonkiy_trikotazh/futbolka_poluprozrachnaya_iz_italyanskogo_trikotazha/?sku=101563,"Футболка полупрозрачная из итальянского трикотажа, Футболки, Пудровый. Футболка из тонкого трикотажа, прилегающего по фигуре. Вискоза и кашемир в составе создают основу для повседневного образа, который легко дополнить костюмом или денимом.",«Полупрозрачная футболка из итальянского трикотажа пудрового цвета. Вискоза и кашемир в составе — основа для повседневного образа.»
101616_1.webp,Футболка базовая с удлиненным рукавом. Футболки. Голубой. . Базовая футболка прямого силуэта с удлиненным рукавом. Создавайте повседневные образы или носите ее под жакеты и кардиганы.,101616,Футболка базовая с удлиненным рукавом,3870,Футболки,Голубой,,Базовая футболка прямого силуэта с удлиненным рукавом. Создавайте повседневные образы или носите ее под жакеты и кардиганы.,https://daisyknit.ru/catalog/futbolki_i_tonkiy_trikotazh/futbolka_bazovaya_s_udlinennym_rukavom_1/?sku=101616,"Футболка базовая с удлиненным рукавом, Футболки, Голубой. Базовая футболка прямого силуэта с удлиненным рукавом. Создавайте повседневные образы или носите ее под жакеты и кардиганы.","«Базовая футболка прямого силуэта с удлинённым рукавом, голубая — для повседневных образов или под жакет.»"
93620_1.webp,Футболка со смещённым плечевым швом. Футболки. Графитовый. . Любимая модель футболки с необычной линией на плече. Свободный крой позволяет создавать актуальные по силуэту комплекты.,93620,Футболка со смещённым плечевым швом,3870,Футболки,Графитовый,,Любимая модель футболки с необычной линией на плече. Свободный крой позволяет создавать актуальные по силуэту комплекты.,https://daisyknit.ru/catalog/futbolki_i_tonkiy_trikotazh/futbolka_so_smeshchyennym_plechevym_shvom_1/?sku=93620,"Футболка со смещённым плечевым швом, Футболки, Графитовый. Любимая модель футболки с необычной линией на плече. Свободный крой позволяет создавать актуальные по силуэту комплекты.","«Футболка со смещённым плечевым швом, свободный крой, графитовый цвет — создаёт актуальные комплекты.»"
101622_1.webp,Футболка базовая с удлиненным рукавом. Футболки. Голубой. . Базовая футболка прямого силуэта с удлиненным рукавом. Создавайте повседневные образы или носите ее под жакеты и кардиганы.,101622,Футболка базовая с удлиненным рукавом,3870,Футболки,Голубой,,Базовая футболка прямого силуэта с удлиненным рукавом. Создавайте повседневные образы или носите ее под жакеты и кардиганы.,https://daisyknit.ru/catalog/futbolki_i_tonkiy_trikotazh/futbolka_bazovaya_s_udlinennym_rukavom_1/?sku=101622,"Футболка базовая с удлиненным рукавом, Футболки, Голубой. Базовая футболка прямого силуэта с удлиненным рукавом. Создавайте повседневные образы или носите ее под жакеты и кардиганы.","«Базовая футболка прямого силуэта с удлинённым рукавом, голубая — для повседневных образов или под жакет.»"
91189_1.webp,Футболка базовая с удлиненным рукавом. Футболки. Бежевый. . Базовая футболка прямого силуэта с удлиненным рукавом. Создавайте повседневные образы или носите ее под жакеты и кардиганы.,91189,Футболка базовая с удлиненным рукавом,3870,Футболки,Бежевый,,Базовая футболка прямого силуэта с удлиненным рукавом. Создавайте повседневные образы или носите ее под жакеты и кардиганы.,https://daisyknit.ru/catalog/futbolki_i_tonkiy_trikotazh/futbolka_bazovaya_s_udlinennym_rukavom/?sku=91189,"Футболка базовая с удлиненным рукавом, Футболки, Бежевый. Базовая футболка прямого силуэта с удлиненным рукавом. Создавайте повседневные образы или носите ее под жакеты и кардиганы.","«Базовая футболка прямого силуэта с удлинённым рукавом, бежевая — для повседневных образов или под жакеты и кардиганы.»"
101631_1.webp,Футболка оверсайз. Футболки. Терракотовый. . Расслабленная футболка свободного кроя из мягкого трикотажа. Спущенный рукав и универсальная длина позволяют сочетать ее с изделиями на высокой и средней посадке.,101631,Футболка оверсайз,4290,Футболки,Терракотовый,,Расслабленная футболка свободного кроя из мягкого трикотажа. Спущенный рукав и универсальная длина позволяют сочетать ее с изделиями на высокой и средней посадке.,https://daisyknit.ru/catalog/futbolki_i_tonkiy_trikotazh/futbolka_oversayz_1/?sku=101631,"Футболка оверсайз, Футболки, Терракотовый. Расслабленная футболка свободного кроя из мягкого трикотажа. Спущенный рукав и универсальная длина позволяют сочетать ее с изделиями на высокой и средней посадке.","«Оверсайз футболка из трикотажа, терракотового цвета, свободный крой, спущенный рукав — сочетается с одеждой на высокой и средней посадке.»"
89813_1.webp,Футболка со смещённым плечевым швом. Футболки. Графитовый. . Любимая модель футболки с необычной линией на плече. Свободный крой позволяет создавать актуальные по силуэту комплекты.,89813,Футболка со смещённым плечевым швом,3870,Футболки,Графитовый,,Любимая модель футболки с необычной линией на плече. Свободный крой позволяет создавать актуальные по силуэту комплекты.,https://daisyknit.ru/catalog/futbolki_i_tonkiy_trikotazh/futbolka_so_smeshchyennym_plechevym_shvom_1/?sku=89813,"Футболка со смещённым плечевым швом, Футболки, Графитовый. Любимая модель футболки с необычной линией на плече. Свободный крой позволяет создавать актуальные по силуэту комплекты.","«Футболка со смещённым плечевым швом, свободный крой, графитовый цвет — создаёт актуальные комплекты.»"
88996_1.webp,Футболка со смещённым плечевым швом. Футболки. Графитовый. . Любимая модель футболки с необычной линией на плече. Свободный крой позволяет создавать актуальные по силуэту комплекты.,88996,Футболка со смещённым плечевым швом,3870,Футболки,Графитовый,,Любимая модель футболки с необычной линией на плече. Свободный крой позволяет создавать актуальные по силуэту комплекты.,https://daisyknit.ru/catalog/futbolki_i_tonkiy_trikotazh/futbolka_so_smeshchyennym_plechevym_shvom_1/?sku=88996,"Футболка со смещённым плечевым швом, Футболки, Графитовый. Любимая модель футболки с необычной линией на плече. Свободный крой позволяет создавать актуальные по силуэту комплекты.","«Футболка со смещённым плечевым швом, свободный крой, графитовый цвет — создаёт актуальные комплекты.»"
85308_1.webp,Футболка базовая с удлиненным рукавом. Футболки. Бежевый. . Базовая футболка прямого силуэта с удлиненным рукавом. Создавайте повседневные образы или носите ее под жакеты и кардиганы.,85308,Футболка базовая с удлиненным рукавом,3870,Футболки,Бежевый,,Базовая футболка прямого силуэта с удлиненным рукавом. Создавайте повседневные образы или носите ее под жакеты и кардиганы.,https://daisyknit.ru/catalog/futbolki_i_tonkiy_trikotazh/futbolka_bazovaya_s_udlinennym_rukavom/?sku=85308,"Футболка базовая с удлиненным рукавом, Футболки, Бежевый. Базовая футболка прямого силуэта с удлиненным рукавом. Создавайте повседневные образы или носите ее под жакеты и кардиганы.","«Базовая футболка прямого силуэта с удлинённым рукавом, бежевая — для повседневных образов или под жакеты и кардиганы.»"
86746_1.webp,Футболка со смещённым плечевым швом. Футболки. Графитовый. . Любимая модель футболки с необычной линией на плече. Свободный крой позволяет создавать актуальные по силуэту комплекты.,86746,Футболка со смещённым плечевым швом,3870,Футболки,Графитовый,,Любимая модель футболки с необычной линией на плече. Свободный крой позволяет создавать актуальные по силуэту комплекты.,https://daisyknit.ru/catalog/futbolki_i_tonkiy_trikotazh/futbolka_so_smeshchyennym_plechevym_shvom_1/?sku=86746,"Футболка со смещённым плечевым швом, Футболки, Графитовый. Любимая модель футболки с необычной линией на плече. Свободный крой позволяет создавать актуальные по силуэту комплекты.","«Футболка со смещённым плечевым швом, свободный крой, графитовый цвет — создаёт актуальные комплекты.»"
84157_1.webp,Футболка со смещённым плечевым швом. Футболки. Графитовый. . Любимая модель футболки с необычной линией на плече. Свободный крой позволяет создавать актуальные по силуэту комплекты.,84157,Футболка со смещённым плечевым швом,3870,Футболки,Графитовый,,Любимая модель футболки с необычной линией на плече. Свободный крой позволяет создавать актуальные по силуэту комплекты.,https://daisyknit.ru/catalog/futbolki_i_tonkiy_trikotazh/futbolka_so_smeshchyennym_plechevym_shvom_1/?sku=84157,"Футболка со смещённым плечевым швом, Футболки, Графитовый. Любимая модель футболки с необычной линией на плече. Свободный крой позволяет создавать актуальные по силуэту комплекты.","«Футболка со смещённым плечевым швом, свободный крой, графитовый цвет — создаёт актуальные комплекты.»"
79635_1.webp,Футболка базовая с удлиненным рукавом. Футболки. Бежевый. . Базовая футболка прямого силуэта с удлиненным рукавом. Создавайте повседневные образы или носите ее под жакеты и кардиганы.,79635,Футболка базовая с удлиненным рукавом,3870,Футболки,Бежевый,,Базовая футболка прямого силуэта с удлиненным рукавом. Создавайте повседневные образы или носите ее под жакеты и кардиганы.,https://daisyknit.ru/catalog/futbolki_i_tonkiy_trikotazh/futbolka_bazovaya_s_udlinennym_rukavom/?sku=79635,"Футболка базовая с удлиненным рукавом, Футболки, Бежевый. Базовая футболка прямого силуэта с удлиненным рукавом. Создавайте повседневные образы или носите ее под жакеты и кардиганы.","«Базовая футболка прямого силуэта с удлинённым рукавом, бежевая — для повседневных образов или под жакеты и кардиганы.»"
79628_1.webp,Футболка базовая с удлиненным рукавом. Футболки. Бежевый. . Базовая футболка прямого силуэта с удлиненным рукавом. Создавайте повседневные образы или носите ее под жакеты и кардиганы.,79628,Футболка базовая с удлиненным рукавом,3870,Футболки,Бежевый,,Базовая футболка прямого силуэта с удлиненным рукавом. Создавайте повседневные образы или носите ее под жакеты и кардиганы.,https://daisyknit.ru/catalog/futbolki_i_tonkiy_trikotazh/futbolka_bazovaya_s_udlinennym_rukavom/?sku=79628,"Футболка базовая с удлиненным рукавом, Футболки, Бежевый. Базовая футболка прямого силуэта с удлиненным рукавом. Создавайте повседневные образы или носите ее под жакеты и кардиганы.","«Базовая футболка прямого силуэта с удлинённым рукавом, бежевая — для повседневных образов или под жакеты и кардиганы.»"
68971_1.webp,Футболка со смещённым плечевым швом. Футболки. Белый. . Футболка свободного кроя из мягкого хлопка. Любимая модель со спущенным плечевым швом вернулась в новых летних оттенках.,68971,Футболка со смещённым плечевым швом,3870,Футболки,Белый,,Футболка свободного кроя из мягкого хлопка. Любимая модель со спущенным плечевым швом вернулась в новых летних оттенках.,https://daisyknit.ru/catalog/futbolki_i_tonkiy_trikotazh/futbolka_so_smeshchyennym_plechevym_shvom/?sku=68971,"Футболка со смещённым плечевым швом, Футболки, Белый. Футболка свободного кроя из мягкого хлопка. Любимая модель со спущенным плечевым швом вернулась в новых летних оттенках.","«Футболка свободного кроя из хлопка, со спущенным плечевым швом, в летнем белом оттенке.»"
84151_1.webp,Футболка со смещённым плечевым швом. Футболки. Графитовый. . Любимая модель футболки с необычной линией на плече. Свободный крой позволяет создавать актуальные по силуэту комплекты.,84151,Футболка со смещённым плечевым швом,3870,Футболки,Графитовый,,Любимая модель футболки с необычной линией на плече. Свободный крой позволяет создавать актуальные по силуэту комплекты.,https://daisyknit.ru/catalog/futbolki_i_tonkiy_trikotazh/futbolka_so_smeshchyennym_plechevym_shvom_1/?sku=84151,"Футболка со смещённым плечевым швом, Футболки, Графитовый. Любимая модель футболки с необычной линией на плече. Свободный крой позволяет создавать актуальные по силуэту комплекты.","«Футболка со смещённым плечевым швом, свободный крой, графитовый цвет — создаёт актуальные комплекты.»"
117944_1.webp,"Юбка миди из трикотажа. Юбки. Молочный. . Юбка миди из трикотажа с добавлением шёлка — универсальная вещь для любого сезона. Мягкая ткань приятно ощущается на теле и красиво драпируется. Удобная посадка на резинке не сковывает движений, а пол",117944,Юбка миди из трикотажа,9890,Юбки,Молочный,,"Юбка миди из трикотажа с добавлением шёлка — универсальная вещь для любого сезона. Мягкая ткань приятно ощущается на теле и красиво драпируется. Удобная посадка на резинке не сковывает движений, а полная длина делает юбку подходящей для самых разных образов — от повседневных до более строгих. Легко сочетается с базовыми топами, рубашками и жакетами, добавляя в гардероб нотку элегантной расслабленности.",https://daisyknit.ru/catalog/yubki_1/yubka_midi_iz_trikotazha_2/?sku=117944,"Юбка миди из трикотажа, Юбки, Молочный. Юбка миди из трикотажа с добавлением шёлка — универсальная вещь для любого сезона. Мягкая ткань приятно ощущается на теле и красиво драпируется. Удобная посадка на резинке не сковывает движений, а полная длина делает юбку подходящей для самых разных образов — от повседневных до более строгих. Легко сочетается с базовыми топами, рубашками и жакетами, добавляя в гардероб нотку элегантной расслабленности.","«Юбка миди из трикотажа с шёлком, мягкая, на резинке. Подходит для разных образов, легко сочетается с топами, рубашками, жакетами.»"
117883_1.webp,"Юбка миди из хлопка с кружевной тесьмой. Юбки. Белый. . Белая, воздушная юбка из хлопка с деликатным декором. Тесьма, напоминающая мережку - элегантная, но заметная деталь, которая превращает простую юбку в ту, на которой задерживается взгляд. Эту модель л",117883,Юбка миди из хлопка с кружевной тесьмой,13890,Юбки,Белый,,"Белая, воздушная юбка из хлопка с деликатным декором. Тесьма, напоминающая мережку - элегантная, но заметная деталь, которая превращает простую юбку в ту, на которой задерживается взгляд. Эту модель легко сочетать и с простыми топами, и с рубашками, и даже с тёплыми свитерами. Город, прогулка, поездка, кофе с подругой — везде уместна и везде остаётся собой: спокойной, легкой, утончённой.",https://daisyknit.ru/catalog/yubki_1/yubka_midi_iz_khlopka_s_kruzhevnoy_tesmoy/?sku=117883,"Юбка миди из хлопка с кружевной тесьмой, Юбки, Белый. Белая, воздушная юбка из хлопка с деликатным декором. Тесьма, напоминающая мережку - элегантная, но заметная деталь, которая превращает простую юбку в ту, на которой задерживается взгляд. Эту модель легко сочетать и с простыми топами, и с рубашками, и даже с тёплыми свитерами. Город, прогулка, поездка, кофе с подругой — везде уместна и везде остаётся собой: спокойной, легкой, утончённой.","«Белая хлопковая юбка миди с кружевной мережкой — воздушная и утончённая. Легко сочетается с топами, рубашками и свитерами.»"
117913_1.webp,"Юбка мини из хлопка в клетку. Юбки. Серый. . Юбка из фактурного хлопка с клетчатым принтом. За счёт клиньев она красиво раскрывается при ходьбе и выглядит динамично даже в самых спокойных образах. Кулиска — завершающий штрих, подчёркивающий акту",117913,Юбка мини из хлопка в клетку,11890,Юбки,Серый,,"Юбка из фактурного хлопка с клетчатым принтом. За счёт клиньев она красиво раскрывается при ходьбе и выглядит динамично даже в самых спокойных образах. Кулиска — завершающий штрих, подчёркивающий актуальность модели.Юбка одинаково хороша с простыми топами, рубашками и объёмными свитерами. Но особенно эффектна — в паре с малообъёмной рубашкой из той же ткани. Вместе они звучат как готовый, продуманный образ.",https://daisyknit.ru/catalog/yubki_1/yubka_mini_iz_khlopka_v_kletku/?sku=117913,"Юбка мини из хлопка в клетку, Юбки, Серый. Юбка из фактурного хлопка с клетчатым принтом. За счёт клиньев она красиво раскрывается при ходьбе и выглядит динамично даже в самых спокойных образах. Кулиска — завершающий штрих, подчёркивающий актуальность модели.Юбка одинаково хороша с простыми топами, рубашками и объёмными свитерами. Но особенно эффектна — в паре с малообъёмной рубашкой из той же ткани. Вместе они звучат как готовый, продуманный образ.","«Мини-юбка из серого фактурного хлопка в клетку, с клиньями. Подчёркивает фигуру, выглядит динамично. Кулиска добавляет актуальности. Сочетается с топами, рубашками, свитерами.»"
118135_1.webp,Юбка миди А-силуэта из хлопка. Юбки. Шоколадный. . Юбка из хлопка насыщенного коричневого цвета. Модель с актуальным А-силуэтом и длиной миди подходит для повседневных образов. Яркий шнур на талии добавляет акцент и делает юбку визуально интереснее. Г,118135,Юбка миди А-силуэта из хлопка,12890,Юбки,Шоколадный,,"Юбка из хлопка насыщенного коричневого цвета. Модель с актуальным А-силуэтом и длиной миди подходит для повседневных образов. Яркий шнур на талии добавляет акцент и делает юбку визуально интереснее. Глубокие карманы — для телефона, ключей и всего, что нужно держать под рукой. Легко сочетается с базовыми топами, футболками и рубашками.",https://daisyknit.ru/catalog/yubki_1/yubka_midi_a_silueta_iz_khlopka/?sku=118135,"Юбка миди А-силуэта из хлопка, Юбки, Шоколадный. Юбка из хлопка насыщенного коричневого цвета. Модель с актуальным А-силуэтом и длиной миди подходит для повседневных образов. Яркий шнур на талии добавляет акцент и делает юбку визуально интереснее. Глубокие карманы — для телефона, ключей и всего, что нужно держать под рукой. Легко сочетается с базовыми топами, футболками и рубашками.","«Юбка миди А-силуэта из хлопка, шоколадного цвета. Шнур на талии и карманы — акценты, легко сочетать с топами и рубашками.»"
118209_1.webp,"Юбка миди на запахе с цветочным принтом. Юбки. Молочный. . Юбка на запахе с заниженной посадкой, выполненная из струящейся вискозы с деликатным цветочным принтом. Лёгкая ткань мягко драпируется по фигуре, создавая расслабленный, актуальный силуэт. Завязка сбо",118209,Юбка миди на запахе с цветочным принтом,9890,Юбки,Молочный,,"Юбка на запахе с заниженной посадкой, выполненная из струящейся вискозы с деликатным цветочным принтом. Лёгкая ткань мягко драпируется по фигуре, создавая расслабленный, актуальный силуэт. Завязка сбоку позволяет регулировать свободу по талии. Подходит для летних образов и сочетаний с простыми топами и рубашками.",https://daisyknit.ru/catalog/yubki_1/yubka_midi_na_zapakhe_s_tsvetochnym_printom/?sku=118209,"Юбка миди на запахе с цветочным принтом, Юбки, Молочный. Юбка на запахе с заниженной посадкой, выполненная из струящейся вискозы с деликатным цветочным принтом. Лёгкая ткань мягко драпируется по фигуре, создавая расслабленный, актуальный силуэт. Завязка сбоку позволяет регулировать свободу по талии. Подходит для летних образов и сочетаний с простыми топами и рубашками.","«Юбка миди на запахе с заниженной посадкой и цветочным принтом, из струящейся вискозы. Регулируемая завязка сбоку, подходит для лета, сочетается с топами и рубашками.»"
118052_1.webp,"Юбка из хлопка с цветочным принтом. Юбки. Молочный. . Юбка из натурального хлопка с романтичным рисунком. Модель свежая и актуальная, благодаря длине и контрасту стилей, который в ней заложен. Нежный цветочный принт сочетается с резинкой и кулисой, котор",118052,Юбка из хлопка с цветочным принтом,9890,Юбки,Молочный,,"Юбка из натурального хлопка с романтичным рисунком. Модель свежая и актуальная, благодаря длине и контрасту стилей, который в ней заложен. Нежный цветочный принт сочетается с резинкой и кулисой, которые вносят спортивную нотку. Юбка освежает образ без лишних усилий и комбинируется с чем угодно: от простой футболки до лёгкой рубашки.",https://daisyknit.ru/catalog/yubki_1/yubka_iz_khlopka_s_tsvetochnym_printom/?sku=118052,"Юбка из хлопка с цветочным принтом, Юбки, Молочный. Юбка из натурального хлопка с романтичным рисунком. Модель свежая и актуальная, благодаря длине и контрасту стилей, который в ней заложен. Нежный цветочный принт сочетается с резинкой и кулисой, которые вносят спортивную нотку. Юбка освежает образ без лишних усилий и комбинируется с чем угодно: от простой футболки до лёгкой рубашки.","«Юбка из натурального хлопка с цветочным принтом, молочная. Модель с резинкой и кулисой вносит спортивную нотку. Легко сочетается с футболками и рубашками.»"
117938_1.webp,"Юбка миди из трикотажа. Юбки. Молочный. . Юбка миди из трикотажа с добавлением шёлка — универсальная вещь для любого сезона. Мягкая ткань приятно ощущается на теле и красиво драпируется. Удобная посадка на резинке не сковывает движений, а пол",117938,Юбка миди из трикотажа,9890,Юбки,Молочный,,"Юбка миди из трикотажа с добавлением шёлка — универсальная вещь для любого сезона. Мягкая ткань приятно ощущается на теле и красиво драпируется. Удобная посадка на резинке не сковывает движений, а полная длина делает юбку подходящей для самых разных образов — от повседневных до более строгих. Легко сочетается с базовыми топами, рубашками и жакетами, добавляя в гардероб нотку элегантной расслабленности.",https://daisyknit.ru/catalog/yubki_1/yubka_midi_iz_trikotazha_2/?sku=117938,"Юбка миди из трикотажа, Юбки, Молочный. Юбка миди из трикотажа с добавлением шёлка — универсальная вещь для любого сезона. Мягкая ткань приятно ощущается на теле и красиво драпируется. Удобная посадка на резинке не сковывает движений, а полная длина делает юбку подходящей для самых разных образов — от повседневных до более строгих. Легко сочетается с базовыми топами, рубашками и жакетами, добавляя в гардероб нотку элегантной расслабленности.","«Юбка миди из трикотажа с шёлком, мягкая, на резинке. Подходит для разных образов, легко сочетается с топами, рубашками, жакетами.»"
117907_1.webp,"Юбка макси двойная из вискозы крэш. Юбки. Кофейный. . Юбка подойдет как для повседневных образов, так и для более торжественных случаев. Верхняя часть из костюмного материала формирует четкий силуэт, добавляя немного сдержанности, а полупрозрачный слой  ",117907,Юбка макси двойная из вискозы крэш,12890,Юбки,Кофейный,,"Юбка подойдет как для повседневных образов, так и для более торжественных случаев. Верхняя часть из костюмного материала формирует четкий силуэт, добавляя немного сдержанности, а полупрозрачный слой  придает модели загадочность — здесь всегда больше нюансов, чем кажется на первый взгляд. Юбка одинаково хорошо дополняет лаконичные жилеты, простые топы и классические рубашки. Она подчеркивает индивидуальный стиль, не требует сложных сочетаний и каждый раз привлекает внимание динамикой материала.",https://daisyknit.ru/catalog/yubki_1/yubka_maksi_dvoynaya_iz_viskozy_kresh/?sku=117907,"Юбка макси двойная из вискозы крэш, Юбки, Кофейный. Юбка подойдет как для повседневных образов, так и для более торжественных случаев. Верхняя часть из костюмного материала формирует четкий силуэт, добавляя немного сдержанности, а полупрозрачный слой  придает модели загадочность — здесь всегда больше нюансов, чем кажется на первый взгляд. Юбка одинаково хорошо дополняет лаконичные жилеты, простые топы и классические рубашки. Она подчеркивает индивидуальный стиль, не требует сложных сочетаний и каждый раз привлекает внимание динамикой материала.","«Юбка макси двойная из вискозы крэш, кофейная. Чёткий силуэт, загадочность и динамика материала. Подходит для повседневных и торжественных образов.»"
105454_1.webp,"Юбка мини из атласной ткани со льном. Юбки. Шоколадный. . Минималистичная юбка в длине мини из атласной ткани с добавлением льна. Актуальный шоколадный оттенок сделает образ выразительным, а благородный блеск будет красиво переливаться на солнце.",105454,Юбка мини из атласной ткани со льном,10300,Юбки,Шоколадный,,"Минималистичная юбка в длине мини из атласной ткани с добавлением льна. Актуальный шоколадный оттенок сделает образ выразительным, а благородный блеск будет красиво переливаться на солнце.",https://daisyknit.ru/catalog/yubki_1/yubka_mini_iz_atlasnoy_tkani_so_lnom/?sku=105454,"Юбка мини из атласной ткани со льном, Юбки, Шоколадный. Минималистичная юбка в длине мини из атласной ткани с добавлением льна. Актуальный шоколадный оттенок сделает образ выразительным, а благородный блеск будет красиво переливаться на солнце.","«Мини-юбка из атласа с добавлением льна, шоколадного цвета. Благородный блеск, выразительный образ.»"
106048_1.webp,Юбка макси прямого силуэта изо льна. Юбки. Молочный. . Юбка макси изо льна станет отличной альтернативой костюмной ткани в жаркие дни.,106048,Юбка макси прямого силуэта изо льна,12870,Юбки,Молочный,,Юбка макси изо льна станет отличной альтернативой костюмной ткани в жаркие дни.,https://daisyknit.ru/catalog/yubki_1/yubka_maksi_pryamogo_silueta_izo_lna/?sku=106048,"Юбка макси прямого силуэта изо льна, Юбки, Молочный. Юбка макси изо льна станет отличной альтернативой костюмной ткани в жаркие дни.","«Юбка макси прямого силуэта изо льна, молочного цвета — идеальна для жарких дней.»"
117328_1.webp,"Юбка миди из хрустящего хлопка. Юбки. Белый. . Юбка свободного силуэта из хрустящего хлопка. Ткань держит форму и создаёт характерный объём, при этом оставаясь лёгкой и комфортной в движении. Эластичный пояс обеспечивает комфортную посадку на тали",117328,Юбка миди из хрустящего хлопка,12890,Юбки,Белый,,"Юбка свободного силуэта из хрустящего хлопка. Ткань держит форму и создаёт характерный объём, при этом оставаясь лёгкой и комфортной в движении. Эластичный пояс обеспечивает комфортную посадку на талии и формирует расслабленный силуэт. По низу юбка дополнена фиксаторами, которые позволяют регулировать объём и менять характер формы — от более свободной до слегка собранной.",https://daisyknit.ru/catalog/yubki_1/yubka_midi_iz_khrustyashchego_khlopka/?sku=117328,"Юбка миди из хрустящего хлопка, Юбки, Белый. Юбка свободного силуэта из хрустящего хлопка. Ткань держит форму и создаёт характерный объём, при этом оставаясь лёгкой и комфортной в движении. Эластичный пояс обеспечивает комфортную посадку на талии и формирует расслабленный силуэт. По низу юбка дополнена фиксаторами, которые позволяют регулировать объём и менять характер формы — от более свободной до слегка собранной.","«Юбка миди из хрустящего хлопка, свободного силуэта, белая. Ткань держит форму, эластичны пояс, фиксаторы по низу — для регулировки объёма.»"
117342_1.webp,"Юбка миди двойная. Юбки. Светло-серый. . Юбка прямого силуэта из прозрачной плащевой ткани. Модель выполнена в двойной конструкции: верхний слой из плащевой ткани, внутренний — из мягкой вискозы, которая добавляет комфорта и делает юбку прия",117342,Юбка миди двойная,11890,Юбки,Светло-серый,,"Юбка прямого силуэта из прозрачной плащевой ткани. Модель выполнена в двойной конструкции: верхний слой из плащевой ткани, внутренний — из мягкой вискозы, которая добавляет комфорта и делает юбку приятной в носке. Благодаря лаконичной форме юбка отлично сочетается с рубашками, топами и лёгким трикотажем, становясь универсальной основой повседневного гардероба.",https://daisyknit.ru/catalog/yubki_1/yubka_midi_dvoynaya/?sku=117342,"Юбка миди двойная, Юбки, Светло-серый. Юбка прямого силуэта из прозрачной плащевой ткани. Модель выполнена в двойной конструкции: верхний слой из плащевой ткани, внутренний — из мягкой вискозы, которая добавляет комфорта и делает юбку приятной в носке. Благодаря лаконичной форме юбка отлично сочетается с рубашками, топами и лёгким трикотажем, становясь универсальной основой повседневного гардероба.","«Юбка миди прямого силуэта, двойная: верхний слой из плащевой ткани, внутренний — из мягкой вискозы. Светло-серая, универсальная — отлично сочетается с рубашками, топами и трикотажем.»"
117324_1.webp,"Юбка миди на кулиске. Юбки. Голубой. . Юбка прямого силуэта из лиоцелла — лёгкого, мягкого материала с деликатной, жатой фактурой. Эластичный пояс обеспечивает комфортную посадку на талии и формирует расслабленный силуэт. Длина до линии ко",117324,Юбка миди на кулиске,9890,Юбки,Голубой,,"Юбка прямого силуэта из лиоцелла — лёгкого, мягкого материала с деликатной, жатой фактурой. Эластичный пояс обеспечивает комфортную посадку на талии и формирует расслабленный силуэт. Длина до линии колена делает модель актуальной. Спокойный голубой оттенок добавляет образу свежести и лёгкости. Юбка легко комбинируется с разными верхами, становясь основой для простых и продуманных образов. А если дополнить её топом из той же ткани, получится современный комплект с легкой спортивной ноткой. Особенно интересно носить такой сет с обувью на каблуке - тогда рождается тот самый контраст, который делает образ запоминающимся.",https://daisyknit.ru/catalog/yubki_1/yubka_midi_na_kuliske/?sku=117324,"Юбка миди на кулиске, Юбки, Голубой. Юбка прямого силуэта из лиоцелла — лёгкого, мягкого материала с деликатной, жатой фактурой. Эластичный пояс обеспечивает комфортную посадку на талии и формирует расслабленный силуэт. Длина до линии колена делает модель актуальной. Спокойный голубой оттенок добавляет образу свежести и лёгкости. Юбка легко комбинируется с разными верхами, становясь основой для простых и продуманных образов. А если дополнить её топом из той же ткани, получится современный комплект с легкой спортивной ноткой. Особенно интересно носить такой сет с обувью на каблуке - тогда рождается тот самый контраст, который делает образ запоминающимся.","Юбка миди на кулиске, прямого силуэта, голубая, из лиоцелла. Эластичный пояс, комфортная посадка, расслабленный силуэт. Длина до колена. Легко комбинируется с разными верхами."
109390_1.webp,"Юбка миди расклешенная. Юбки. Хаки. . Юбка силуэта «трапеция» с резинкой на талии. Данная модель идеально подойдет как для работы в офисе, так и для отпуска.",109390,Юбка миди расклешенная,12890,Юбки,Хаки,,"Юбка силуэта «трапеция» с резинкой на талии. Данная модель идеально подойдет как для работы в офисе, так и для отпуска.",https://daisyknit.ru/catalog/yubki_1/yubka_midi_raskleshennaya/?sku=109390,"Юбка миди расклешенная, Юбки, Хаки. Юбка силуэта «трапеция» с резинкой на талии. Данная модель идеально подойдет как для работы в офисе, так и для отпуска.","«Расклешённая юбка миди силуэта „трапеция“, с резинкой на талии, цвета хаки — идеальна для офиса и отпуска.»"
93237_1.webp,Юбка мини с молнией. Юбки. Серый. . Юбка в длине мини с акцентной молнией по передней части. Создавайте актуальные силуэты для офисных образов и повседневных комплектов.,93237,Юбка мини с молнией,5100,Юбки,Серый,,Юбка в длине мини с акцентной молнией по передней части. Создавайте актуальные силуэты для офисных образов и повседневных комплектов.,https://daisyknit.ru/catalog/yubki_1/yubka_mini_s_molniey/?sku=93237,"Юбка мини с молнией, Юбки, Серый. Юбка в длине мини с акцентной молнией по передней части. Создавайте актуальные силуэты для офисных образов и повседневных комплектов.",«Мини-юбка с акцентной молнией спереди — для офиса и повседневных образов.»
118216_1.webp,"Юбка из экокожи. Юбки. Светло-жёлтый. . Юбка трапеция из экокожи в весеннем светло-жёлтом оттенке наполняет образ теплом и ощущением обновления. Мягкая и пластичная экокожа красиво держит форму и при этом остаётся комфортной в носке, благод",118216,Юбка из экокожи,13890,Юбки,Светло-жёлтый,,"Юбка трапеция из экокожи в весеннем светло-жёлтом оттенке наполняет образ теплом и ощущением обновления. Мягкая и пластичная экокожа красиво держит форму и при этом остаётся комфортной в носке, благодаря подкладу из нежной вискозы. Он заботливо предусмотрен, чтобы обеспечить ощущение свободы и легкости в течение всего дня. Скрытая молния в боковом шве аккуратно вписана в конструкцию изделия, не нарушая чистоту линий и лаконичность силуэта. Юбка легко адаптируется под разные образы — от спокойных повседневных до более выразительных и вечерних. Она станет той самой деталью гардероба, которая ненавязчиво подчёркивает индивидуальность.Наша экокожа производится преимущественно из высококачественных искусственных полимеров на хлопковой основе, что позволяет материалу дышать. Наш материал - безопасен, долговечен и без токсичного запаха.",https://daisyknit.ru/catalog/yubki_1/yubka_iz_ekokozhi/?sku=118216,"Юбка из экокожи, Юбки, Светло-жёлтый. Юбка трапеция из экокожи в весеннем светло-жёлтом оттенке наполняет образ теплом и ощущением обновления. Мягкая и пластичная экокожа красиво держит форму и при этом остаётся комфортной в носке, благодаря подкладу из нежной вискозы. Он заботливо предусмотрен, чтобы обеспечить ощущение свободы и легкости в течение всего дня. Скрытая молния в боковом шве аккуратно вписана в конструкцию изделия, не нарушая чистоту линий и лаконичность силуэта. Юбка легко адаптируется под разные образы — от спокойных повседневных до более выразительных и вечерних. Она станет той самой деталью гардероба, которая ненавязчиво подчёркивает индивидуальность.Наша экокожа производится преимущественно из высококачественных искусственных полимеров на хлопковой основе, что позволяет материалу дышать. Наш материал - безопасен, долговечен и без токсичного запаха.","«Юбка трапеция из экокожи, светло-жёлтая. Комфортная, держит форму. Скрытая молния. Подходит для повседневных и вечерних образов.»"
109589_1.webp,"Юбка миди в бельевом стиле с цветочным принтом. Юбки. Бежевый. . Прямая юбка из нежной струящейся вискозы в длине миди. Мягкий пояс на резинке и нежный цветочный принт создают воздушный образ как для трендовых комплектов, так и для летящих романтических образов.",109589,Юбка миди в бельевом стиле с цветочным принтом,8890,Юбки,Бежевый,,"Прямая юбка из нежной струящейся вискозы в длине миди. Мягкий пояс на резинке и нежный цветочный принт создают воздушный образ как для трендовых комплектов, так и для летящих романтических образов.",https://daisyknit.ru/catalog/yubki_1/yubka_midi_v_belevom_stile_s_tsvetochnym_printom/?sku=109589,"Юбка миди в бельевом стиле с цветочным принтом, Юбки, Бежевый. Прямая юбка из нежной струящейся вискозы в длине миди. Мягкий пояс на резинке и нежный цветочный принт создают воздушный образ как для трендовых комплектов, так и для летящих романтических образов.","«Юбка миди в бельевом стиле, бежевая, с цветочным принтом. Из струящейся вискозы, с мягким поясом на резинке — создаёт воздушный образ.»"
115098_1.webp,"Юбка миди в бельевом стиле из хлопка. Юбки. Белый. . Яркая новинка - хлопковая бельевая юбка в актуальной средней длине. Тонкая кружевная отделка по низу добавляет образу нотку романтики. Модель отлично сочетается с трикотажными топами, рубашками и жаке",115098,Юбка миди в бельевом стиле из хлопка,9890,Юбки,Белый,,"Яркая новинка - хлопковая бельевая юбка в актуальной средней длине. Тонкая кружевная отделка по низу добавляет образу нотку романтики. Модель отлично сочетается с трикотажными топами, рубашками и жакетами.",https://daisyknit.ru/catalog/yubki_1/yubka_midi_v_belevom_stile_iz_khlopka/?sku=115098,"Юбка миди в бельевом стиле из хлопка, Юбки, Белый. Яркая новинка - хлопковая бельевая юбка в актуальной средней длине. Тонкая кружевная отделка по низу добавляет образу нотку романтики. Модель отлично сочетается с трикотажными топами, рубашками и жакетами.","«Юбка миди в бельевом стиле из хлопка, белая. Кружевная отделка по низу, сочетается с топами, рубашками и жакетами.»"
115331_1.webp,"Юбка на кулиске. Юбки. Коричневый. . Невесомая юбка из летящей ткани для воздушных и романтичных образов. Создает настроение, мягко драпируется и красиво раскрывается в движении. Эластичный пояс обеспечивает комфортную посадку и аккуратн",115331,Юбка на кулиске,5945,Юбки,Коричневый,,"Невесомая юбка из летящей ткани для воздушных и романтичных образов. Создает настроение, мягко драпируется и красиво раскрывается в движении. Эластичный пояс обеспечивает комфортную посадку и аккуратно фиксируется на талии, сохраняя ощущение лёгкости в течение дня.",https://daisyknit.ru/catalog/yubki_1/yubka_na_kuliske_1/?sku=115331,"Юбка на кулиске, Юбки, Коричневый. Невесомая юбка из летящей ткани для воздушных и романтичных образов. Создает настроение, мягко драпируется и красиво раскрывается в движении. Эластичный пояс обеспечивает комфортную посадку и аккуратно фиксируется на талии, сохраняя ощущение лёгкости в течение дня.","«Юбка на кулиске, коричневая, из летящей ткани — для воздушных образов. Мягко драпируется, комфортно садится на талии.»"
115090_1.webp,"Юбка миди в бельевом стиле с принтом. Юбки. Голубой. . Лёгкая юбка из вискозы мягко движется при каждом шаге. Небольшой ритмичный принт добавляет образу живость, оставаясь ненавязчивым и спокойным. В области талии юбка украшена деликатным кружевом, которо",115090,Юбка миди в бельевом стиле с принтом,9512,Юбки,Голубой,,"Лёгкая юбка из вискозы мягко движется при каждом шаге. Небольшой ритмичный принт добавляет образу живость, оставаясь ненавязчивым и спокойным. В области талии юбка украшена деликатным кружевом, которое подчеркивает актуальную бельевую эстетику модели.",https://daisyknit.ru/catalog/yubki_1/yubka_midi_v_belevom_stile_s_printom/?sku=115090,"Юбка миди в бельевом стиле с принтом, Юбки, Голубой. Лёгкая юбка из вискозы мягко движется при каждом шаге. Небольшой ритмичный принт добавляет образу живость, оставаясь ненавязчивым и спокойным. В области талии юбка украшена деликатным кружевом, которое подчеркивает актуальную бельевую эстетику модели.","«Юбка миди в бельевом стиле с кружевом и принтом, голубая, из вискозы — лёгкая и живая.»"
110777_1.webp,"Юбка миди А-силуэта со складками. Юбки. Коричневый. . Стильная юбка миди прямого кроя в благородном шоколадном цвете. Минималистичный, но небанальный дизайн. Традиционный А-силуэт дополняется глубокой складкой спереди и несколькими складками по спинке. П",110777,Юбка миди А-силуэта со складками,6945,Юбки,Коричневый,,"Стильная юбка миди прямого кроя в благородном шоколадном цвете. Минималистичный, но небанальный дизайн. Традиционный А-силуэт дополняется глубокой складкой спереди и несколькими складками по спинке. Посадка чуть ниже естественной завершает современную форму юбки. Модель идеально подходит как для офиса, так и для повседневных выходов.",https://daisyknit.ru/catalog/yubki_1/yubka_midi_a_silueta_so_skladkami/?sku=110777,"Юбка миди А-силуэта со складками, Юбки, Коричневый. Стильная юбка миди прямого кроя в благородном шоколадном цвете. Минималистичный, но небанальный дизайн. Традиционный А-силуэт дополняется глубокой складкой спереди и несколькими складками по спинке. Посадка чуть ниже естественной завершает современную форму юбки. Модель идеально подходит как для офиса, так и для повседневных выходов.","«Юбка миди А-силуэта со складками, коричневая. Прямой крой, благородный шоколадный цвет. Складки спереди и сзади, посадка чуть ниже естественной.»"
115417_1.webp,"Юбка миди из фактурной ткани. Юбки. Жёлтый. . Юбка в длине миди из фактурной ткани с рельефным узором в акцентном желтом оттенке. Эластичный пояс обеспечивает аккуратную посадку по талии, а прямой крой мягко подчёркивает силуэт.",115417,Юбка миди из фактурной ткани,11890,Юбки,Жёлтый,,"Юбка в длине миди из фактурной ткани с рельефным узором в акцентном желтом оттенке. Эластичный пояс обеспечивает аккуратную посадку по талии, а прямой крой мягко подчёркивает силуэт.",https://daisyknit.ru/catalog/yubki_1/yubka_midi_iz_fakturnoy_tkani_1/?sku=115417,"Юбка миди из фактурной ткани, Юбки, Жёлтый. Юбка в длине миди из фактурной ткани с рельефным узором в акцентном желтом оттенке. Эластичный пояс обеспечивает аккуратную посадку по талии, а прямой крой мягко подчёркивает силуэт.","«Юбка миди из фактурной ткани с рельефным узором, жёлтая, с эластичным поясом, прямой крой — подчёркивает силуэт.»"
113779_1.webp,"Юбка миди прямого силуэта. Юбки. Светло-серый. . Эта простая на первый взгляд юбка способна удивить своей многогранностью. Добавьте к ней бомбер, чтобы получить острый и необычный образ. Или наденьте под неё бельевую юбку с кружевной отделкой - это ",113779,Юбка миди прямого силуэта,12890,Юбки,Светло-серый,,"Эта простая на первый взгляд юбка способна удивить своей многогранностью. Добавьте к ней бомбер, чтобы получить острый и необычный образ. Или наденьте под неё бельевую юбку с кружевной отделкой - это внесёт женственный акцент. Нижний слой будет эффектно появляться в разрезах каждый раз, когда сделаете шаг. А если захочется простоты, объедините с любимой полосатой рубашкой и соберите актуальный образ в стиле office core.",https://daisyknit.ru/catalog/yubki_1/yubka_midi_pryamogo_silueta/?sku=113779,"Юбка миди прямого силуэта, Юбки, Светло-серый. Эта простая на первый взгляд юбка способна удивить своей многогранностью. Добавьте к ней бомбер, чтобы получить острый и необычный образ. Или наденьте под неё бельевую юбку с кружевной отделкой - это внесёт женственный акцент. Нижний слой будет эффектно появляться в разрезах каждый раз, когда сделаете шаг. А если захочется простоты, объедините с любимой полосатой рубашкой и соберите актуальный образ в стиле office core.","«Юбка миди прямого силуэта, светло-серая. Многогранная — подойдёт для разных образов: с бомбером для остроты, с кружевной юбкой для женственности, с полосатой рубашкой для office core.»"
115430_1.webp,"Юбка миди из трикотажа. Юбки. Тауп. . Юбка миди из трикотажа на эластичном поясе. В дуэте с рубашкой она создаёт эффектный образ в стиле минималистичных 90х. Простота, элегантность и комфорт - главные качества этой модели. Оттенок тауп по",115430,Юбка миди из трикотажа,9890,Юбки,Тауп,,"Юбка миди из трикотажа на эластичном поясе. В дуэте с рубашкой она создаёт эффектный образ в стиле минималистичных 90х. Простота, элегантность и комфорт - главные качества этой модели. Оттенок тауп подчёркивает универсальность и делает юбку частью базового гардероба.",https://daisyknit.ru/catalog/yubki_1/yubka_midi_iz_trikotazha_1/?sku=115430,"Юбка миди из трикотажа, Юбки, Тауп. Юбка миди из трикотажа на эластичном поясе. В дуэте с рубашкой она создаёт эффектный образ в стиле минималистичных 90х. Простота, элегантность и комфорт - главные качества этой модели. Оттенок тауп подчёркивает универсальность и делает юбку частью базового гардероба.","«Юбка миди из трикотажа на эластичном поясе, тауп. Создаёт эффектный образ в стиле 90-х. Простота и элегантность.»"
115325_1.webp,"Юбка миди из фактурной ткани. Юбки. Чёрный. . Юбка из ткани с рельефным узором, который формирует выразительную фактуру. Эластичный пояс аккуратно фиксируется на талии, а прямой силуэт юбки визуально вытягивает силуэт.",115325,Юбка миди из фактурной ткани,8323,Юбки,Чёрный,,"Юбка из ткани с рельефным узором, который формирует выразительную фактуру. Эластичный пояс аккуратно фиксируется на талии, а прямой силуэт юбки визуально вытягивает силуэт.",https://daisyknit.ru/catalog/yubki_1/yubka_midi_iz_fakturnoy_tkani/?sku=115325,"Юбка миди из фактурной ткани, Юбки, Чёрный. Юбка из ткани с рельефным узором, который формирует выразительную фактуру. Эластичный пояс аккуратно фиксируется на талии, а прямой силуэт юбки визуально вытягивает силуэт.","«Юбка миди из фактурной ткани с рельефным узором, чёрный цвет, эластичный пояс на талии, прямой силуэт — вытягивает фигуру.»"
97437_1.webp,Юбка миди со складками. Юбки. Тёмно-фиолетовый. . Юбка длины миди в широкую складку. Юбка будет отлично сочетаться с деловым гардеробом и поможет сформировать стройный силуэт.,97437,Юбка миди со складками,6445,Юбки,Тёмно-фиолетовый,,Юбка длины миди в широкую складку. Юбка будет отлично сочетаться с деловым гардеробом и поможет сформировать стройный силуэт.,https://daisyknit.ru/catalog/yubki_1/yubka_midi_so_skladkami_1/?sku=97437,"Юбка миди со складками, Юбки, Тёмно-фиолетовый. Юбка длины миди в широкую складку. Юбка будет отлично сочетаться с деловым гардеробом и поможет сформировать стройный силуэт.","«Юбка миди со складками, тёмно-фиолетовая — создаёт стройный силуэт, подходит для делового гардероба.»"
89511_1.webp,"Юбка макси из фактурного трикотажа. Юбки. Серо-голубой. . Идеальная компания для фактурного лонгслива - юбка длины макси. С ней вы соберете женственный образ, в котором будет уютно в течение дня.",89511,Юбка макси из фактурного трикотажа,5750,Юбки,Серо-голубой,,"Идеальная компания для фактурного лонгслива - юбка длины макси. С ней вы соберете женственный образ, в котором будет уютно в течение дня.",https://daisyknit.ru/catalog/yubki_1/yubka_maksi_iz_fakturnogo_trikotazha/?sku=89511,"Юбка макси из фактурного трикотажа, Юбки, Серо-голубой. Идеальная компания для фактурного лонгслива - юбка длины макси. С ней вы соберете женственный образ, в котором будет уютно в течение дня.","«Юбка макси из фактурного трикотажа, серо-голубая. Создаёт женственный образ.»"
100884_1.webp,Юбка расклешённая из костюмной ткани. Юбки. Терракотовый. . Юбка силуэта трапеция на подкладе в актуальной длине макси. Высокая посадка на талии и карманы в боковых швах. Сочетайте нашу модель с обувью на плоском ходу или каблуками для элегантных женственных к,100884,Юбка расклешённая из костюмной ткани,6945,Юбки,Терракотовый,,Юбка силуэта трапеция на подкладе в актуальной длине макси. Высокая посадка на талии и карманы в боковых швах. Сочетайте нашу модель с обувью на плоском ходу или каблуками для элегантных женственных комплектов.,https://daisyknit.ru/catalog/yubki_1/yubka_raskleshyennaya_iz_kostyumnoy_tkani_1/?sku=100884,"Юбка расклешённая из костюмной ткани, Юбки, Терракотовый. Юбка силуэта трапеция на подкладе в актуальной длине макси. Высокая посадка на талии и карманы в боковых швах. Сочетайте нашу модель с обувью на плоском ходу или каблуками для элегантных женственных комплектов.","«Расклешённая юбка терракотового цвета, силуэт трапеция, длина макси. Высокая посадка, карманы в боковых швах.»"
112358_1.webp,"Юбка миди прозрачная с вышивкой бисером. Юбки. Пудровый. . Юбка из полупрозрачной вискозы с трогательной вышивкой. Нижний слой в длине мини, верхний - миди. Сочетайте ее с легкими босоножками или грубыми сапогами, ведь каждая стилизация будет отражать вашу же",112358,Юбка миди прозрачная с вышивкой бисером,11890,Юбки,Пудровый,,"Юбка из полупрозрачной вискозы с трогательной вышивкой. Нижний слой в длине мини, верхний - миди. Сочетайте ее с легкими босоножками или грубыми сапогами, ведь каждая стилизация будет отражать вашу женственность, благодаря невесомой ткани.",https://daisyknit.ru/catalog/yubki_1/yubka_midi_prozrachnaya_s_vyshivkoy_biserom/?sku=112358,"Юбка миди прозрачная с вышивкой бисером, Юбки, Пудровый. Юбка из полупрозрачной вискозы с трогательной вышивкой. Нижний слой в длине мини, верхний - миди. Сочетайте ее с легкими босоножками или грубыми сапогами, ведь каждая стилизация будет отражать вашу женственность, благодаря невесомой ткани.","«Юбка миди прозрачная с вышивкой бисером, пудрового оттенка. Полупрозрачная, с нижним слоем мини и верхним миди. Создаёт женственный образ.»"
110758_1.webp,"Юбка макси на запахе со складками. Юбки. Хаки. . Юбка на запахе в длине макси. Длинный пояс с декоративной пряжкой, а складки по передней части создают асимметричный силуэт.",110758,Юбка макси на запахе со складками,13890,Юбки,Хаки,,"Юбка на запахе в длине макси. Длинный пояс с декоративной пряжкой, а складки по передней части создают асимметричный силуэт.",https://daisyknit.ru/catalog/yubki_1/yubka_maksi_na_zapakhe_so_skladkami/?sku=110758,"Юбка макси на запахе со складками, Юбки, Хаки. Юбка на запахе в длине макси. Длинный пояс с декоративной пряжкой, а складки по передней части создают асимметричный силуэт.","«Юбка макси на запахе со складками, хаки, с длинным поясом и декоративной пряжкой — создаёт асимметричный силуэт.»"
110344_1.webp,Юбка миди из фактурной пряжи с шерстью. Юбки. Коричневый. . Мягкая юбка из шерсти с поясом на резинке. Длина миди и легкое расширение к низу подарят образу элегантность.,110344,Юбка миди из фактурной пряжи с шерстью,9023,Юбки,Коричневый,,Мягкая юбка из шерсти с поясом на резинке. Длина миди и легкое расширение к низу подарят образу элегантность.,https://daisyknit.ru/catalog/vyazanyy_trikotazh/yubka_midi_iz_fakturnoy_pryazhi_s_sherstyu/?sku=110344,"Юбка миди из фактурной пряжи с шерстью, Юбки, Коричневый. Мягкая юбка из шерсти с поясом на резинке. Длина миди и легкое расширение к низу подарят образу элегантность.","«Юбка миди из фактурной шерсти с поясом на резинке, коричневого цвета. Лёгкое расширение к низу создаёт элегантный образ.»"
109400_1.webp,"Юбка миди с разрезом спереди. Юбки. Чёрный. . Строгая юбка в длине миди с элегантным разрезом спереди. Такой силуэт легко встраивать как в деловой, так и в более расслабленный гардероб, где вы подчеркнете свою женственность.",109400,Юбка миди с разрезом спереди,7623,Юбки,Чёрный,,"Строгая юбка в длине миди с элегантным разрезом спереди. Такой силуэт легко встраивать как в деловой, так и в более расслабленный гардероб, где вы подчеркнете свою женственность.",https://daisyknit.ru/catalog/yubki_1/yubka_midi_s_razrezom_speredi/?sku=109400,"Юбка миди с разрезом спереди, Юбки, Чёрный. Строгая юбка в длине миди с элегантным разрезом спереди. Такой силуэт легко встраивать как в деловой, так и в более расслабленный гардероб, где вы подчеркнете свою женственность.","«Юбка миди с элегантным разрезом спереди, чёрная — легко вписывается в деловой и расслабленный стиль, подчёркивает женственность.»"
109438_1.webp,"Юбка миди из шерсти. Юбки. Серый. . Юбка силуэта «трапеция» с посадкой на линии талии. Модель делает образ визуально легким, но при этом комфортным для непогоды.",109438,Юбка миди из шерсти,9723,Юбки,Серый,,"Юбка силуэта «трапеция» с посадкой на линии талии. Модель делает образ визуально легким, но при этом комфортным для непогоды.",https://daisyknit.ru/catalog/yubki_1/yubka_midi_iz_shersti/?sku=109438,"Юбка миди из шерсти, Юбки, Серый. Юбка силуэта «трапеция» с посадкой на линии талии. Модель делает образ визуально легким, но при этом комфортным для непогоды.","«Юбка миди из шерсти, силуэт «трапеция», посадка на талии. Серый цвет, визуально лёгкий образ, комфорт.»"
109406_1.webp,Юбка миди из атласной вискозы. Юбки. Шоколадный. . Минималистичная юбка из атласной вискозы в силуэте трапеция в длине миди. Высокая посадка на талии создает гармоничный женственный силуэт.,109406,Юбка миди из атласной вискозы,4945,Юбки,Шоколадный,,Минималистичная юбка из атласной вискозы в силуэте трапеция в длине миди. Высокая посадка на талии создает гармоничный женственный силуэт.,https://daisyknit.ru/catalog/yubki_1/yubka_midi_iz_atlasnoy_viskozy/?sku=109406,"Юбка миди из атласной вискозы, Юбки, Шоколадный. Минималистичная юбка из атласной вискозы в силуэте трапеция в длине миди. Высокая посадка на талии создает гармоничный женственный силуэт.","«Юбка миди трапеция из атласной вискозы, шоколадный цвет. Высокая посадка, женственный силуэт.»"
109620_1.webp,"Юбка миди с двумя разрезами. Юбки. Шоколадный. . Прямая юбка с двумя шлицами по переду прекрасно впишется как в базовые классические образы, так и в элегантные луки в стиле ретро. Добавьте элегантные туфли и маленький облегающий кардиган.",109620,Юбка миди с двумя разрезами,11890,Юбки,Шоколадный,,"Прямая юбка с двумя шлицами по переду прекрасно впишется как в базовые классические образы, так и в элегантные луки в стиле ретро. Добавьте элегантные туфли и маленький облегающий кардиган.",https://daisyknit.ru/catalog/yubki_1/yubka_midi_s_dvumya_razrezami/?sku=109620,"Юбка миди с двумя разрезами, Юбки, Шоколадный. Прямая юбка с двумя шлицами по переду прекрасно впишется как в базовые классические образы, так и в элегантные луки в стиле ретро. Добавьте элегантные туфли и маленький облегающий кардиган.","«Прямая юбка миди с разрезами и шлицами, шоколадного цвета — для базовых и ретро образов.»"
109597_1.webp,Юбка карандаш. Юбки. Шоколадный. . Юбка классического кроя из костюмной вискозы. Длина до середины колена и шлица для удобной ходьбы. Идеальная основа для делового комплекта.,109597,Юбка карандаш,9890,Юбки,Шоколадный,,Юбка классического кроя из костюмной вискозы. Длина до середины колена и шлица для удобной ходьбы. Идеальная основа для делового комплекта.,https://daisyknit.ru/catalog/yubki_1/yubka_karandash_1/?sku=109597,"Юбка карандаш, Юбки, Шоколадный. Юбка классического кроя из костюмной вискозы. Длина до середины колена и шлица для удобной ходьбы. Идеальная основа для делового комплекта.","«Юбка-карандаш из костюмной вискозы, шоколадного цвета, длина до середины колена, со шлицей — для делового комплекта.»"
109150_1.webp,Юбка миди со складками. Юбки. Коричневый. . Юбка длины миди в широкую складку. Юбка будет отлично сочетаться с деловым гардеробом и поможет сформировать стройный силуэт.,109150,Юбка миди со складками,6445,Юбки,Коричневый,,Юбка длины миди в широкую складку. Юбка будет отлично сочетаться с деловым гардеробом и поможет сформировать стройный силуэт.,https://daisyknit.ru/catalog/yubki_1/yubka_midi_so_skladkami_/?sku=109150,"Юбка миди со складками, Юбки, Коричневый. Юбка длины миди в широкую складку. Юбка будет отлично сочетаться с деловым гардеробом и поможет сформировать стройный силуэт.","«Юбка миди со складками, коричневая — формирует стройный силуэт, подходит для делового гардероба.»"
109626_1.webp,Юбка миди со складками. Юбки. Серый. . Юбка длины миди в широкую складку. Юбка будет отлично сочетаться с деловым гардеробом и поможет сформировать стройный силуэт.,109626,Юбка миди со складками,6445,Юбки,Серый,,Юбка длины миди в широкую складку. Юбка будет отлично сочетаться с деловым гардеробом и поможет сформировать стройный силуэт.,https://daisyknit.ru/catalog/yubki_1/yubka_midi_so_skladkami_2/?sku=109626,"Юбка миди со складками, Юбки, Серый. Юбка длины миди в широкую складку. Юбка будет отлично сочетаться с деловым гардеробом и поможет сформировать стройный силуэт.","«Юбка миди со складками, серая — формирует стройный силуэт, подходит для делового гардероба.»"
108486_1.webp,"Юбка миди с эластичным поясом из фактурной ткани со льном. Костюмы и комплекты. Коричневый. . Юбка в длине миди из мягкой вискозы с добавлением льна. Пояс на резинке обеспечит мягкую посадку по талии, а фактурная ткань будет красиво струиться по фигуре, создавая женственный силуэт.",108486,Юбка миди с эластичным поясом из фактурной ткани со льном,11890,Костюмы и комплекты,Коричневый,,"Юбка в длине миди из мягкой вискозы с добавлением льна. Пояс на резинке обеспечит мягкую посадку по талии, а фактурная ткань будет красиво струиться по фигуре, создавая женственный силуэт.",https://daisyknit.ru/catalog/kostyumy_i_komplekty/yubka_midi_s_elastichnym_poyasom_iz_fakturnoy_tkani_so_lnom/?sku=108486,"Юбка миди с эластичным поясом из фактурной ткани со льном, Костюмы и комплекты, Коричневый. Юбка в длине миди из мягкой вискозы с добавлением льна. Пояс на резинке обеспечит мягкую посадку по талии, а фактурная ткань будет красиво струиться по фигуре, создавая женственный силуэт.","«Юбка миди с эластичным поясом, из фактурной ткани со льном, коричневая. Мягкая посадка и женственный силуэт.»"
91785_1.webp,Юбка макси из хлопка Broderie Anglaise. Лето. Чёрный. . Юбка в длине макси из мягкого кружевного хлопка. На талии эластичная тесьма и функциональные карманы в боковых швах. Отличный вариант для теплого сезона.,91785,Юбка макси из хлопка Broderie Anglaise,13500,Лето,Чёрный,,Юбка в длине макси из мягкого кружевного хлопка. На талии эластичная тесьма и функциональные карманы в боковых швах. Отличный вариант для теплого сезона.,https://daisyknit.ru/catalog/leto/yubka_maksi_iz_khlopka_broderie_anglaise/?sku=91785,"Юбка макси из хлопка Broderie Anglaise, Лето, Чёрный. Юбка в длине макси из мягкого кружевного хлопка. На талии эластичная тесьма и функциональные карманы в боковых швах. Отличный вариант для теплого сезона.","«Юбка макси из мягкого хлопка Broderie Anglaise, чёрная, с эластичной тесьмой на талии и карманами — идеальный вариант для лета.»"
106014_1.webp,"Юбка миди из хлопка с вышивкой. Юбки. Молочный. . Юбка из ажурной ткани с вышивкой станет нежным дополнением к повседневным образам. Юбка будет гармонично сочетаться как с ажурными верхами, так и с базовыми позициями из вашего гардероба.",106014,Юбка миди из хлопка с вышивкой,13500,Юбки,Молочный,,"Юбка из ажурной ткани с вышивкой станет нежным дополнением к повседневным образам. Юбка будет гармонично сочетаться как с ажурными верхами, так и с базовыми позициями из вашего гардероба.",https://daisyknit.ru/catalog/yubki_1/yubka_midi_iz_khlopka_s_vyshivkoy/?sku=106014,"Юбка миди из хлопка с вышивкой, Юбки, Молочный. Юбка из ажурной ткани с вышивкой станет нежным дополнением к повседневным образам. Юбка будет гармонично сочетаться как с ажурными верхами, так и с базовыми позициями из вашего гардероба.","«Юбка миди из хлопка с ажурной вышивкой — нежное дополнение к повседневным образам, сочетается с ажурными и базовыми верхами.»"
106008_1.webp,"Юбка миди из полупрозрачного трикотажа. Юбки. Голубой. . Необычная юбка в длине миди из полупрозрачного трикотажа. Такой образ легко трансформировать из повседневного в вечерний, просто сменив обувь и аксессуары.",106008,Юбка миди из полупрозрачного трикотажа,13500,Юбки,Голубой,,"Необычная юбка в длине миди из полупрозрачного трикотажа. Такой образ легко трансформировать из повседневного в вечерний, просто сменив обувь и аксессуары.",https://daisyknit.ru/catalog/yubki_1/yubka_midi_iz_poluprozrachnogo_trikotazha/?sku=106008,"Юбка миди из полупрозрачного трикотажа, Юбки, Голубой. Необычная юбка в длине миди из полупрозрачного трикотажа. Такой образ легко трансформировать из повседневного в вечерний, просто сменив обувь и аксессуары.",«Юбка миди из полупрозрачного голубого трикотажа — легко трансформируется из повседневной в вечернюю.»
105295_1.webp,"Юбка макси прямого силуэта из хлопка. Юбки. Серо-голубой. . Мастхэв этого сезона - юбка длины макси. Чтобы вам было удобно двигаться, сзади мы предусмотрели шлицу. Сочетайте нашу модель с деловыми вещами или расслабленными изделиями. В любом из этих сочетаний ",105295,Юбка макси прямого силуэта из хлопка,12800,Юбки,Серо-голубой,,"Мастхэв этого сезона - юбка длины макси. Чтобы вам было удобно двигаться, сзади мы предусмотрели шлицу. Сочетайте нашу модель с деловыми вещами или расслабленными изделиями. В любом из этих сочетаний вы будете выглядеть элегантно.",https://daisyknit.ru/catalog/yubki_1/yubka_maksi_pryamogo_silueta_iz_khlopka/?sku=105295,"Юбка макси прямого силуэта из хлопка, Юбки, Серо-голубой. Мастхэв этого сезона - юбка длины макси. Чтобы вам было удобно двигаться, сзади мы предусмотрели шлицу. Сочетайте нашу модель с деловыми вещами или расслабленными изделиями. В любом из этих сочетаний вы будете выглядеть элегантно.","«Юбка макси прямого силуэта из хлопка, серо-голубая, со шлицей сзади. Подходит для деловых и расслабленных образов.»"
105383_1.webp,Юбка макси трикотажная из смесового хлопка. Юбки. Коричневый. . Юбка прямого силуэта в длине макси. Мягкий пояс на резинке и высокая шлица позволяют создавать женственные комплекты для активного дня.,105383,Юбка макси трикотажная из смесового хлопка,11300,Юбки,Коричневый,,Юбка прямого силуэта в длине макси. Мягкий пояс на резинке и высокая шлица позволяют создавать женственные комплекты для активного дня.,https://daisyknit.ru/catalog/yubki_1/yubka_maksi_trikotazhnaya_iz_smesovogo_khlopka/?sku=105383,"Юбка макси трикотажная из смесового хлопка, Юбки, Коричневый. Юбка прямого силуэта в длине макси. Мягкий пояс на резинке и высокая шлица позволяют создавать женственные комплекты для активного дня.","«Трикотажная юбка макси из смесового хлопка, коричневого цвета. Прямой силуэт. Мягкий пояс на резинке, высокая шлица — для женственных комплектов.»"
105388_1.webp,Юбка макси трикотажная из смесового хлопка. Юбки. Коричневый. . Юбка прямого силуэта в длине макси. Мягкий пояс на резинке и высокая шлица позволяют создавать женственные комплекты для активного дня.,105388,Юбка макси трикотажная из смесового хлопка,11300,Юбки,Коричневый,,Юбка прямого силуэта в длине макси. Мягкий пояс на резинке и высокая шлица позволяют создавать женственные комплекты для активного дня.,https://daisyknit.ru/catalog/yubki_1/yubka_maksi_trikotazhnaya_iz_smesovogo_khlopka/?sku=105388,"Юбка макси трикотажная из смесового хлопка, Юбки, Коричневый. Юбка прямого силуэта в длине макси. Мягкий пояс на резинке и высокая шлица позволяют создавать женственные комплекты для активного дня.","«Трикотажная юбка макси из смесового хлопка, коричневого цвета. Прямой силуэт. Мягкий пояс на резинке, высокая шлица — для женственных комплектов.»"
106058_1.webp,"Юбка на запахе с эффектом мокрого шелка. Юбки. Чёрный. . Юбка на запахе благодаря своей фактуре будет красиво переливаться под солнцем, а сама ткань приятно холодит, что подарит комфорт даже в самый жаркий день.",106058,Юбка на запахе с эффектом мокрого шелка,13890,Юбки,Чёрный,,"Юбка на запахе благодаря своей фактуре будет красиво переливаться под солнцем, а сама ткань приятно холодит, что подарит комфорт даже в самый жаркий день.",https://daisyknit.ru/catalog/yubki_1/yubka_na_zapakhe_s_effektom_mokrogo_shelka/?sku=106058,"Юбка на запахе с эффектом мокрого шелка, Юбки, Чёрный. Юбка на запахе благодаря своей фактуре будет красиво переливаться под солнцем, а сама ткань приятно холодит, что подарит комфорт даже в самый жаркий день.","«Юбка на запахе с эффектом мокрого шёлка, чёрная. Фактура красиво переливается на солнце, дарит комфорт.»"
103123_1.webp,Юбка макси из хлопка. Юбки. Белый. . Юбка в длине макси из мягкого хлопка. На талии эластичная тесьма и функциональные карманы в боковых швах.,103123,Юбка макси из хлопка,12800,Юбки,Белый,,Юбка в длине макси из мягкого хлопка. На талии эластичная тесьма и функциональные карманы в боковых швах.,https://daisyknit.ru/catalog/yubki_1/yubka_maksi_iz_khlopka_/?sku=103123,"Юбка макси из хлопка, Юбки, Белый. Юбка в длине макси из мягкого хлопка. На талии эластичная тесьма и функциональные карманы в боковых швах.","«Юбка макси из хлопка, белая, с эластичной тесьмой на талии и карманами — комфортная и функциональная.»"
91761_1.webp,Юбка макси из хлопка. Юбки. Белый. . Юбка в длине макси из мягкого хлопка. На талии эластичная тесьма и функциональные карманы в боковых швах.,91761,Юбка макси из хлопка,12800,Юбки,Белый,,Юбка в длине макси из мягкого хлопка. На талии эластичная тесьма и функциональные карманы в боковых швах.,https://daisyknit.ru/catalog/yubki_1/yubka_maksi_iz_khlopka_/?sku=91761,"Юбка макси из хлопка, Юбки, Белый. Юбка в длине макси из мягкого хлопка. На талии эластичная тесьма и функциональные карманы в боковых швах.","«Юбка макси из хлопка, белая, с эластичной тесьмой на талии и карманами — комфортная и функциональная.»"
93245_1.webp,"Юбка миди из фактурного хлопка. Юбки. Белый. . Акцентная юбка на запахе из фактурного хлопка. Длину миди легко комбинировать с плоским ходом и каблуками, а подклад юбки создает невесомый эффект.",93245,Юбка миди из фактурного хлопка,12500,Юбки,Белый,,"Акцентная юбка на запахе из фактурного хлопка. Длину миди легко комбинировать с плоским ходом и каблуками, а подклад юбки создает невесомый эффект.",https://daisyknit.ru/catalog/yubki_1/yubka_midi_iz_fakturnogo_khlopka/?sku=93245,"Юбка миди из фактурного хлопка, Юбки, Белый. Акцентная юбка на запахе из фактурного хлопка. Длину миди легко комбинировать с плоским ходом и каблуками, а подклад юбки создает невесомый эффект.","«Юбка миди на запахе из фактурного хлопка, белая. Легко сочетается с обувью, создаёт невесомый эффект.»"
91767_1.webp,"Юбка макси из льна. Юбки. Бежевый. . Расклешенная книзу юбка в длине макси. Натуральная ткань будет дышать даже в жаркий день, а нежный рисунок станет вдохновением для необычного летнего комплекта.",91767,Юбка макси из льна,13800,Юбки,Бежевый,,"Расклешенная книзу юбка в длине макси. Натуральная ткань будет дышать даже в жаркий день, а нежный рисунок станет вдохновением для необычного летнего комплекта.",https://daisyknit.ru/catalog/yubki_1/yubka_maksi_iz_lna/?sku=91767,"Юбка макси из льна, Юбки, Бежевый. Расклешенная книзу юбка в длине макси. Натуральная ткань будет дышать даже в жаркий день, а нежный рисунок станет вдохновением для необычного летнего комплекта.","«Макси-юбка из льна, бежевая, расклёшенная — идеальный выбор для лета.»"
91540_1.webp,Юбка вязаная из хлопка. Вязаный трикотаж. Чёрный. . Юбка ажурной вязки со съёмным подкладом.,91540,Юбка вязаная из хлопка,13900,Вязаный трикотаж,Чёрный,,Юбка ажурной вязки со съёмным подкладом.,https://daisyknit.ru/catalog/vyazanyy_trikotazh/yubka_vyazanaya_iz_khlopka/?sku=91540,"Юбка вязаная из хлопка, Вязаный трикотаж, Чёрный. Юбка ажурной вязки со съёмным подкладом.","«Вязаная чёрная юбка из хлопка, ажурная, со съёмным подкладом.»"
104047_1.webp,"Юбка мини из хлопкового жаккарда с цветами. Юбки. Сливочный. . Юбка длиной мини с посадкой на талии. Фактурная ткань и трапециевидная форма будто отсылают нас к стильным шестидесятым. При этом юбка гармонично сочетается с современными айтемами, делая образ наивны",104047,Юбка мини из хлопкового жаккарда с цветами,4180,Юбки,Сливочный,,"Юбка длиной мини с посадкой на талии. Фактурная ткань и трапециевидная форма будто отсылают нас к стильным шестидесятым. При этом юбка гармонично сочетается с современными айтемами, делая образ наивным, но стильным.",https://daisyknit.ru/catalog/yubki_1/yubka_mini_iz_khlopkovogo_zhakkarda_s_tsvetami/?sku=104047,"Юбка мини из хлопкового жаккарда с цветами, Юбки, Сливочный. Юбка длиной мини с посадкой на талии. Фактурная ткань и трапециевидная форма будто отсылают нас к стильным шестидесятым. При этом юбка гармонично сочетается с современными айтемами, делая образ наивным, но стильным.","«Мини-юбка из хлопкового жаккарда с цветами, сливочного цвета. Трапециевидная форма, фактурная ткань — отсылка к стилю шестидесятых. Сочетается с современными вещами.»"
103927_1.webp,"Юбка миди с высокой шлицей. Юбки. Песочный. . Юбка на подкладе длиной чуть ниже колена. Актуальная посадка ниже линии талии и широкая отлётная шлица на задней половинке. Трапециевидный силуэт отлично подойдет как для офиса, так и для трендовых ау",103927,Юбка миди с высокой шлицей,11500,Юбки,Песочный,,"Юбка на подкладе длиной чуть ниже колена. Актуальная посадка ниже линии талии и широкая отлётная шлица на задней половинке. Трапециевидный силуэт отлично подойдет как для офиса, так и для трендовых аутфитов.",https://daisyknit.ru/catalog/yubki_1/yubka_midi_s_vysokoy_shlitsey/?sku=103927,"Юбка миди с высокой шлицей, Юбки, Песочный. Юбка на подкладе длиной чуть ниже колена. Актуальная посадка ниже линии талии и широкая отлётная шлица на задней половинке. Трапециевидный силуэт отлично подойдет как для офиса, так и для трендовых аутфитов.","«Юбка миди с высокой шлицей, песочного цвета, с посадкой ниже талии. Трапециевидный силуэт — для офиса и трендовых образов.»"
104086_1.webp,Юбка на запахе из жатой ткани. Юбки. Мятный. . Юбка на запахе в длине макси. Фактурные складки по линии талии делают образ воздушным. Мягкая ткань эффектно струится.,104086,Юбка на запахе из жатой ткани,7250,Юбки,Мятный,,Юбка на запахе в длине макси. Фактурные складки по линии талии делают образ воздушным. Мягкая ткань эффектно струится.,https://daisyknit.ru/catalog/yubki_1/yubka_na_zapakhe_iz_zhatoy_tkani/?sku=104086,"Юбка на запахе из жатой ткани, Юбки, Мятный. Юбка на запахе в длине макси. Фактурные складки по линии талии делают образ воздушным. Мягкая ткань эффектно струится.","«Юбка на запахе макси из жатой ткани, мятного цвета, со складками на талии — создаёт воздушный образ.»"
84657_1.webp,"Юбка-карандаш с разрезом. Юбки. Чёрный. . Юбка-карандаш на подкладке каноничной длины. Разрез по передней части создаст акцент на ваших ногах, а шлевки на поясе позволят добавить ремень и сделать образ более строгим.Изделие входит в коллекцию",84657,Юбка-карандаш с разрезом,17100,Юбки,Чёрный,,"Юбка-карандаш на подкладке каноничной длины. Разрез по передней части создаст акцент на ваших ногах, а шлевки на поясе позволят добавить ремень и сделать образ более строгим.Изделие входит в коллекциюPremium Fabric- лимитированная мини-капсула из премиальных и уникальных итальянских тканей.",https://daisyknit.ru/catalog/yubki_1/yubka_karandash_s_razrezom/?sku=84657,"Юбка-карандаш с разрезом, Юбки, Чёрный. Юбка-карандаш на подкладке каноничной длины. Разрез по передней части создаст акцент на ваших ногах, а шлевки на поясе позволят добавить ремень и сделать образ более строгим.Изделие входит в коллекциюPremium Fabric- лимитированная мини-капсула из премиальных и уникальных итальянских тканей.","«Юбка-карандаш с разрезом, чёрная, на подкладке. Акцент на ногах, шлёвки для ремня — создаст строгий образ. Коллекция Premium Fabric.»"
100890_1.webp,Юбка макси со складками. Юбки. Терракотовый. . Юбка длины макси в широкую складку. Юбка будет отлично сочетаться с деловым гардеробом и поможет сформировать стройный силуэт.,100890,Юбка макси со складками,13890,Юбки,Терракотовый,,Юбка длины макси в широкую складку. Юбка будет отлично сочетаться с деловым гардеробом и поможет сформировать стройный силуэт.,https://daisyknit.ru/catalog/yubki_1/yubka_maksi_so_skladkami_1/?sku=100890,"Юбка макси со складками, Юбки, Терракотовый. Юбка длины макси в широкую складку. Юбка будет отлично сочетаться с деловым гардеробом и поможет сформировать стройный силуэт.","«Юбка макси в широкую складку, терракотовая — помогает сформировать стройный силуэт, отлично сочетается с деловым гардеробом.»"
93512_1.webp,Юбка миди из фактурной пряжи. Юбки. Коричневый. . Мягкая юбка из полушерсти с поясом на резинке. Длина миди и легкое расширение к низу подарят образу элегантность.,93512,Юбка миди из фактурной пряжи,9723,Юбки,Коричневый,,Мягкая юбка из полушерсти с поясом на резинке. Длина миди и легкое расширение к низу подарят образу элегантность.,https://daisyknit.ru/catalog/yubki_1/yubka_midi_iz_fakturnoy_pryazhi/?sku=93512,"Юбка миди из фактурной пряжи, Юбки, Коричневый. Мягкая юбка из полушерсти с поясом на резинке. Длина миди и легкое расширение к низу подарят образу элегантность.","«Юбка миди из фактурной пряжи, коричневая, из полушерсти с поясом на резинке. Лёгкое расширение к низу — для элегантности.»"
88614_1.webp,Юбка фактурная из смесового хлопка. Вязаный трикотаж. Песочный. . Юбка из фактурного трикотажа и поясом на мягкой резинке. Полная длина и необычный элемент по низу - основа для женственных комплектов. Также юбка будет гармонично смотреться в сочетании с легкими блуз,88614,Юбка фактурная из смесового хлопка,13500,Вязаный трикотаж,Песочный,,Юбка из фактурного трикотажа и поясом на мягкой резинке. Полная длина и необычный элемент по низу - основа для женственных комплектов. Также юбка будет гармонично смотреться в сочетании с легкими блузами или топами.,https://daisyknit.ru/catalog/vyazanyy_trikotazh/yubka_fakturnaya_iz_smesovogo_khlopka/?sku=88614,"Юбка фактурная из смесового хлопка, Вязаный трикотаж, Песочный. Юбка из фактурного трикотажа и поясом на мягкой резинке. Полная длина и необычный элемент по низу - основа для женственных комплектов. Также юбка будет гармонично смотреться в сочетании с легкими блузами или топами.","«Фактурная юбка из смесового хлопка с поясом на мягкой резинке, песочного цвета. Полная длина, необычный низ — для женственных комплектов. Сочетается с блузами и топами.»"
